opportunity_id,primary_savings_model_id,secondary_savings_model_ids,value_roles,business_relevance,affected_bill_types,required_bill_fields,optional_bill_fields,required_non_bill_inputs,incentive_value_method,project_cost_estimation_method,calculation_readiness,confidence,manual_review_required
"SOURCE_DSIRE:dsire_program_id:5239","financing_cash_flow","electric_usage_reduction|hvac_electric_efficiency|motor_vfd_efficiency|controls_building_automation","bill_savings|financing","mixed","none|electric","project_cost_estimate|interest_rate|financing_term_years","down_payment|contractor_quote_amount|monthly_kwh|rate_schedule|delivery_charges|generation_charges|peak_kw|demand_charges|demand_charge_rate|annual_therms|time_of_use_periods","equipment_category","financing","contractor_quote_required","needs_quote","medium","true"
"SOURCE_DSIRE:dsire_program_id:22328","fleet_fuel_replacement","ev_charging_site_load","bill_savings|upfront_cost_reduction","residential_only","fuel|electric","annual_gallons|annual_fuel_cost|average_cost_per_gallon|vehicle_count","estimated_miles|fuel_type|monthly_fuel_cost|rate_schedule|average_cost_per_kwh|peak_kw|demand_charge_rate|time_of_use_periods","vehicle_count","per_unit","cost_per_unit","needs_equipment_details","low","true"
"SOURCE_DSIRE:dsire_program_id:3821","electric_usage_reduction","project_cost_reduction_only","bill_savings|upfront_cost_reduction","residential_only","electric|none","annual_kwh|annual_electric_cost|average_cost_per_kwh","monthly_kwh|rate_schedule|delivery_charges|generation_charges|contractor_quote_amount|quote_date","equipment_category","per_unit","cost_per_unit","needs_bill","low","true"
"SOURCE_DSIRE:dsire_program_id:5215","motor_vfd_efficiency","","bill_savings|upfront_cost_reduction","business_relevant","electric","annual_kwh|annual_electric_cost|average_cost_per_kwh","peak_kw|demand_charge_rate|monthly_kwh","equipment_category|quantity","per_unit","cost_per_unit","needs_equipment_details","medium","true"
"SOURCE_DSIRE:dsire_program_id:3136","motor_vfd_efficiency","","bill_savings|upfront_cost_reduction","agriculture_only","electric","annual_kwh|annual_electric_cost|average_cost_per_kwh","peak_kw|demand_charge_rate|monthly_kwh","equipment_category|quantity","per_unit","cost_per_unit","needs_equipment_details","medium","true"
"SOURCE_DSIRE:dsire_program_id:22805","financing_cash_flow","electric_usage_reduction|hvac_electric_efficiency|motor_vfd_efficiency","bill_savings|financing","residential_only","none|electric","project_cost_estimate|interest_rate|financing_term_years","down_payment|contractor_quote_amount|monthly_kwh|rate_schedule|delivery_charges|generation_charges|peak_kw|demand_charges|demand_charge_rate","equipment_category","financing","contractor_quote_required","needs_quote","low","true"
"SOURCE_DSIRE:dsire_program_id:4300","whole_building_custom_efficiency","electric_usage_reduction|hvac_electric_efficiency|gas_usage_reduction|controls_building_automation|battery_tou_demand_savings|water_sewer_reduction","bill_savings|upfront_cost_reduction","residential_only","electric|gas|water_sewer","annual_kwh|annual_electric_cost|average_cost_per_kwh","annual_therms|average_cost_per_therm|peak_kw|demand_charge_rate|square_footage|monthly_kwh|rate_schedule|delivery_charges|generation_charges|demand_charges|monthly_therms|gas_rate_schedule|time_of_use_periods|annual_kwh|monthly_peak_kw|monthly_water_use|water_unit|sewer_cost|meter_size|irrigation_meter_present","project_cost_estimate|equipment_category","per_kwh_saved","benchmark_range","needs_bill","low","true"
"SOURCE_DSIRE:dsire_program_id:22551","project_cost_reduction_only","","upfront_cost_reduction","residential_only","none","project_cost_estimate","contractor_quote_amount|quote_date","equipment_category","per_unit","benchmark_range","needs_equipment_details","low","true"
"SOURCE_DSIRE:dsire_program_id:5313","financing_cash_flow","","financing","business_relevant","none","project_cost_estimate|interest_rate|financing_term_years","down_payment|contractor_quote_amount","equipment_category","financing","contractor_quote_required","needs_quote","medium","true"
"SOURCE_DSIRE:dsire_program_id:22643","grant_funding","ev_charging_site_load","bill_savings|upfront_cost_reduction","unknown","none|electric","project_cost_estimate","contractor_quote_amount|peak_kw|demand_charge_rate|time_of_use_periods","equipment_category|project_timing","grant_amount","contractor_quote_required","needs_quote","low","true"
"SOURCE_DSIRE:dsire_program_id:2448","fleet_fuel_replacement","ev_charging_site_load","bill_savings|upfront_cost_reduction","business_relevant","fuel|electric","annual_gallons|annual_fuel_cost|average_cost_per_gallon|vehicle_count","estimated_miles|fuel_type|monthly_fuel_cost|rate_schedule|average_cost_per_kwh|peak_kw|demand_charge_rate|time_of_use_periods","vehicle_count","per_unit","cost_per_unit","needs_equipment_details","medium","true"
"SOURCE_DSIRE:dsire_program_id:4899","hvac_electric_efficiency","project_cost_reduction_only","bill_savings|upfront_cost_reduction","mixed","electric|none","annual_kwh|annual_electric_cost|average_cost_per_kwh","monthly_kwh|peak_kw|demand_charges|rate_schedule|contractor_quote_amount|quote_date","equipment_category|square_footage","per_unit","cost_per_unit","needs_bill","medium","true"
"SOURCE_DSIRE:dsire_program_id:3312","controls_building_automation","","bill_savings|upfront_cost_reduction","residential_only","electric","annual_kwh|rate_schedule","annual_therms|peak_kw|demand_charges|time_of_use_periods","square_footage|equipment_category","per_unit","benchmark_range","needs_equipment_details","low","true"
"SOURCE_DSIRE:dsire_program_id:4054","financing_cash_flow","solar_electric_offset|battery_tou_demand_savings","bill_savings|financing","unknown","none|electric","project_cost_estimate|interest_rate|financing_term_years","down_payment|contractor_quote_amount|time_of_use_periods|demand_charges|generation_charges|delivery_charges|annual_kwh|monthly_peak_kw","equipment_category","financing","contractor_quote_required","needs_quote","low","true"
"SOURCE_DSIRE:dsire_program_id:22214","fleet_fuel_replacement","ev_charging_site_load","bill_savings|upfront_cost_reduction","business_relevant","fuel|electric","annual_gallons|annual_fuel_cost|average_cost_per_gallon|vehicle_count","estimated_miles|fuel_type|monthly_fuel_cost|rate_schedule|average_cost_per_kwh|peak_kw|demand_charge_rate|time_of_use_periods","vehicle_count","per_unit","cost_per_unit","needs_equipment_details","high","false"
"SOURCE_DSIRE:dsire_program_id:22224","fleet_fuel_replacement","ev_charging_site_load","bill_savings|upfront_cost_reduction","mixed","fuel|electric","annual_gallons|annual_fuel_cost|average_cost_per_gallon|vehicle_count","estimated_miles|fuel_type|monthly_fuel_cost|rate_schedule|average_cost_per_kwh|peak_kw|demand_charge_rate|time_of_use_periods","vehicle_count","per_unit","cost_per_unit","needs_equipment_details","high","true"
"SOURCE_DSIRE:dsire_program_id:2684","motor_vfd_efficiency","","bill_savings|upfront_cost_reduction","residential_only","electric","annual_kwh|annual_electric_cost|average_cost_per_kwh","peak_kw|demand_charge_rate|monthly_kwh","equipment_category|quantity","per_unit","cost_per_unit","needs_equipment_details","low","true"
"SOURCE_DSIRE:dsire_program_id:3233","sales_or_property_tax_exemption","electric_usage_reduction|battery_tou_demand_savings","bill_savings|tax_benefit","residential_only","none|electric","project_cost_estimate","ownership_status|tax_entity_type|contractor_quote_amount|monthly_kwh|rate_schedule|delivery_charges|generation_charges|annual_kwh|monthly_peak_kw","equipment_category","tax_exemption","benchmark_range","needs_tax_review","low","true"
"SOURCE_DSIRE:dsire_program_id:3801","financing_cash_flow","electric_usage_reduction|hvac_electric_efficiency|gas_usage_reduction|motor_vfd_efficiency|controls_building_automation","bill_savings|financing","public_nonprofit_only","none|electric|gas","project_cost_estimate|interest_rate|financing_term_years","down_payment|contractor_quote_amount|monthly_kwh|rate_schedule|delivery_charges|generation_charges|peak_kw|demand_charges|monthly_therms|gas_rate_schedule|demand_charge_rate|annual_therms|time_of_use_periods","equipment_category","financing","contractor_quote_required","needs_quote","medium","true"
"SOURCE_DSIRE:dsire_program_id:4786","controls_building_automation","","bill_savings|upfront_cost_reduction","residential_only","electric","annual_kwh|rate_schedule","annual_therms|peak_kw|demand_charges|time_of_use_periods","square_footage|equipment_category","per_unit","benchmark_range","needs_equipment_details","low","true"
"SOURCE_DSIRE:dsire_program_id:22200","grant_funding","ev_charging_site_load|battery_tou_demand_savings","bill_savings|upfront_cost_reduction","business_relevant","none|electric","project_cost_estimate","contractor_quote_amount|peak_kw|demand_charge_rate|time_of_use_periods|annual_kwh|monthly_peak_kw","equipment_category|project_timing","grant_amount","contractor_quote_required","needs_quote","high","false"
"SOURCE_DSIRE:dsire_program_id:2097","financing_cash_flow","hvac_electric_efficiency|gas_usage_reduction|motor_vfd_efficiency|controls_building_automation","bill_savings|financing","residential_only","none|electric|gas","project_cost_estimate|interest_rate|financing_term_years","down_payment|contractor_quote_amount|monthly_kwh|peak_kw|demand_charges|rate_schedule|monthly_therms|gas_rate_schedule|demand_charge_rate|annual_therms|time_of_use_periods","equipment_category","financing","contractor_quote_required","needs_quote","low","true"
"SOURCE_DSIRE:dsire_program_id:144","tax_benefit_project_cost_reduction","electric_usage_reduction|solar_electric_offset","bill_savings|tax_benefit","residential_only","none|electric","project_cost_estimate|tax_entity_type","ownership_status|tax_appetite_unknown|contractor_quote_amount|monthly_kwh|rate_schedule|delivery_charges|generation_charges|time_of_use_periods|demand_charges","equipment_category","tax_credit","benchmark_range","needs_tax_review","low","true"
"SOURCE_DSIRE:dsire_program_id:3968","whole_building_custom_efficiency","hvac_electric_efficiency|gas_usage_reduction|motor_vfd_efficiency|controls_building_automation","bill_savings|upfront_cost_reduction","residential_only","electric|gas","annual_kwh|annual_electric_cost|average_cost_per_kwh","annual_therms|average_cost_per_therm|peak_kw|demand_charge_rate|square_footage|monthly_kwh|demand_charges|rate_schedule|monthly_therms|gas_rate_schedule|time_of_use_periods","project_cost_estimate|equipment_category","per_kwh_saved","benchmark_range","needs_bill","low","true"
"SOURCE_DSIRE:dsire_program_id:22591","pace_or_on_bill_financing","","financing","mixed","none","project_cost_estimate|financing_term_years|interest_rate","ownership_status|down_payment|annual_electric_cost|annual_gas_cost","ownership_status","financing","contractor_quote_required","needs_quote","high","true"
"SOURCE_DSIRE:dsire_program_id:5109","pace_or_on_bill_financing","","financing","mixed","none","project_cost_estimate|financing_term_years|interest_rate","ownership_status|down_payment|annual_electric_cost|annual_gas_cost","ownership_status","financing","contractor_quote_required","needs_quote","high","true"
"SOURCE_DSIRE:dsire_program_id:5532","motor_vfd_efficiency","","bill_savings|upfront_cost_reduction","agriculture_only","electric","annual_kwh|annual_electric_cost|average_cost_per_kwh","peak_kw|demand_charge_rate|monthly_kwh","equipment_category|quantity","per_unit","cost_per_unit","needs_equipment_details","medium","true"
"SOURCE_DSIRE:dsire_program_id:2075","financing_cash_flow","hvac_electric_efficiency|gas_usage_reduction|motor_vfd_efficiency|controls_building_automation|water_sewer_reduction","bill_savings|financing","residential_only","none|electric|gas|water_sewer","project_cost_estimate|interest_rate|financing_term_years","down_payment|contractor_quote_amount|monthly_kwh|peak_kw|demand_charges|rate_schedule|monthly_therms|gas_rate_schedule|demand_charge_rate|annual_therms|time_of_use_periods|monthly_water_use|water_unit|sewer_cost|meter_size|irrigation_meter_present","equipment_category","financing","contractor_quote_required","needs_quote","low","true"
"SOURCE_DSIRE:dsire_program_id:1467","controls_building_automation","","bill_savings|upfront_cost_reduction","residential_only","electric","annual_kwh|rate_schedule","annual_therms|peak_kw|demand_charges|time_of_use_periods","square_footage|equipment_category","per_unit","benchmark_range","needs_equipment_details","low","true"
"SOURCE_DSIRE:dsire_program_id:5945","financing_cash_flow","electric_usage_reduction|battery_tou_demand_savings","bill_savings|financing","business_relevant","none|electric","project_cost_estimate|interest_rate|financing_term_years","down_payment|contractor_quote_amount|monthly_kwh|rate_schedule|delivery_charges|generation_charges|annual_kwh|monthly_peak_kw","equipment_category","financing","contractor_quote_required","needs_quote","high","false"
"SOURCE_DSIRE:dsire_program_id:3947","fleet_fuel_replacement","ev_charging_site_load","bill_savings|upfront_cost_reduction","residential_only","fuel|electric","annual_gallons|annual_fuel_cost|average_cost_per_gallon|vehicle_count","estimated_miles|fuel_type|monthly_fuel_cost|rate_schedule|average_cost_per_kwh|peak_kw|demand_charge_rate|time_of_use_periods","vehicle_count","per_unit","cost_per_unit","needs_equipment_details","low","true"
"SOURCE_DSIRE:dsire_program_id:5417","net_metering_or_export_value","solar_electric_offset","bill_savings|policy_or_permitting","residential_only","electric","annual_kwh|monthly_kwh|rate_schedule","time_of_use_periods|generation_charges|delivery_charges|demand_charges","equipment_category|roof_area","unknown","unknown","policy_only","low","true"
"SOURCE_DSIRE:dsire_program_id:4791","commercial_kitchen_equipment_efficiency","water_sewer_reduction","bill_savings|upfront_cost_reduction","business_relevant","electric|water_sewer","annual_kwh|annual_electric_cost|average_cost_per_kwh","annual_therms|average_cost_per_therm|annual_water_use|annual_water_cost|annual_sewer_cost|monthly_water_use|water_unit|sewer_cost|meter_size|irrigation_meter_present","equipment_category|quantity","per_unit","cost_per_unit","needs_equipment_details","medium","true"
"SOURCE_DSIRE:dsire_program_id:4583","ev_charging_site_load","project_cost_reduction_only","bill_savings|upfront_cost_reduction","mixed","electric|none","rate_schedule|annual_kwh|average_cost_per_kwh","peak_kw|demand_charge_rate|time_of_use_periods|contractor_quote_amount|quote_date","parking_spaces|ownership_status|equipment_category","per_unit","cost_per_unit","needs_quote","medium","true"
"SOURCE_DSIRE:dsire_program_id:22703","net_metering_or_export_value","solar_electric_offset","bill_savings|policy_or_permitting","residential_only","electric","annual_kwh|monthly_kwh|rate_schedule","time_of_use_periods|generation_charges|delivery_charges|demand_charges","equipment_category|roof_area","unknown","unknown","policy_only","low","true"
"SOURCE_CA_ENERGY_COMMISSION:cec_solicitation_number:GFO-23-404","grant_funding","","upfront_cost_reduction","residential_only","none","project_cost_estimate","contractor_quote_amount","equipment_category|project_timing","grant_amount","contractor_quote_required","needs_quote","low","true"
"SOURCE_DSIRE:dsire_program_id:2004","refrigeration_electric_efficiency","electric_usage_reduction","bill_savings|upfront_cost_reduction","mixed","electric","annual_kwh|annual_electric_cost|average_cost_per_kwh","monthly_kwh|peak_kw|demand_charges|rate_schedule|delivery_charges|generation_charges","equipment_category|quantity","per_unit","cost_per_unit","needs_equipment_details","medium","true"
"SOURCE_DSIRE:dsire_program_id:160","sales_or_property_tax_exemption","","tax_benefit","unknown","none","project_cost_estimate","ownership_status|tax_entity_type|contractor_quote_amount","equipment_category","tax_exemption","benchmark_range","needs_tax_review","low","true"
"SOURCE_DSIRE:dsire_program_id:4946","sales_or_property_tax_exemption","electric_usage_reduction|water_sewer_reduction","bill_savings|tax_benefit","business_relevant","none|electric|water_sewer","project_cost_estimate","ownership_status|tax_entity_type|contractor_quote_amount|monthly_kwh|rate_schedule|delivery_charges|generation_charges|monthly_water_use|water_unit|sewer_cost|meter_size|irrigation_meter_present","equipment_category","tax_exemption","benchmark_range","needs_tax_review","medium","true"
"SOURCE_DSIRE:dsire_program_id:2896","ev_charging_site_load","project_cost_reduction_only","bill_savings|upfront_cost_reduction","residential_only","electric|none","rate_schedule|annual_kwh|average_cost_per_kwh","peak_kw|demand_charge_rate|time_of_use_periods|contractor_quote_amount|quote_date","parking_spaces|ownership_status|equipment_category","per_unit","cost_per_unit","needs_quote","low","true"
"SOURCE_DSIRE:dsire_program_id:5817","motor_vfd_efficiency","","bill_savings|upfront_cost_reduction","business_relevant","electric","annual_kwh|annual_electric_cost|average_cost_per_kwh","peak_kw|demand_charge_rate|monthly_kwh","equipment_category|quantity","per_unit","cost_per_unit","needs_equipment_details","medium","true"
"SOURCE_DSIRE:dsire_program_id:5735","financing_cash_flow","","financing","business_relevant","none","project_cost_estimate|interest_rate|financing_term_years","down_payment|contractor_quote_amount","equipment_category","financing","contractor_quote_required","needs_quote","medium","true"
"SOURCE_CA_ENERGY_COMMISSION:cec_solicitation_number:GFO-23-318","grant_funding","","upfront_cost_reduction","business_relevant","none","project_cost_estimate","contractor_quote_amount","equipment_category|project_timing","grant_amount","contractor_quote_required","needs_quote","high","false"
"SOURCE_DSIRE:dsire_program_code_title_hash:NY101F:a3be869e7f79","no_direct_savings","","no_direct_savings","residential_only","none","","","","unknown","unknown","unknown","low","true"
"SOURCE_DSIRE:dsire_program_id:679","financing_cash_flow","electric_usage_reduction|solar_electric_offset|hvac_electric_efficiency|motor_vfd_efficiency|controls_building_automation","bill_savings|financing","business_relevant","none|electric","project_cost_estimate|interest_rate|financing_term_years","down_payment|contractor_quote_amount|monthly_kwh|rate_schedule|delivery_charges|generation_charges|time_of_use_periods|demand_charges|peak_kw|demand_charge_rate|annual_therms","equipment_category","financing","contractor_quote_required","needs_quote","medium","true"
"SOURCE_DSIRE:dsire_program_id:5406","pace_or_on_bill_financing","","financing","mixed","none","project_cost_estimate|financing_term_years|interest_rate","ownership_status|down_payment|annual_electric_cost|annual_gas_cost","ownership_status","financing","contractor_quote_required","needs_quote","high","true"
"SOURCE_DSIRE:dsire_program_id:5723","sales_or_property_tax_exemption","","tax_benefit","public_nonprofit_only","none","project_cost_estimate","ownership_status|tax_entity_type|contractor_quote_amount","equipment_category","tax_exemption","benchmark_range","needs_tax_review","medium","true"
"SOURCE_DSIRE:dsire_program_id:3576","ev_charging_site_load","project_cost_reduction_only","bill_savings|upfront_cost_reduction","residential_only","electric|none","rate_schedule|annual_kwh|average_cost_per_kwh","peak_kw|demand_charge_rate|time_of_use_periods|contractor_quote_amount|quote_date","parking_spaces|ownership_status|equipment_category","per_unit","cost_per_unit","needs_quote","low","true"
"SOURCE_DSIRE:dsire_program_id:5100","ev_charging_site_load","project_cost_reduction_only","bill_savings|upfront_cost_reduction","residential_only","electric|none","rate_schedule|annual_kwh|average_cost_per_kwh","peak_kw|demand_charge_rate|time_of_use_periods|contractor_quote_amount|quote_date","parking_spaces|ownership_status|equipment_category","per_unit","cost_per_unit","needs_quote","low","true"
"SOURCE_DSIRE:dsire_program_id:2103","refrigeration_electric_efficiency","electric_usage_reduction","bill_savings|upfront_cost_reduction","mixed","electric","annual_kwh|annual_electric_cost|average_cost_per_kwh","monthly_kwh|peak_kw|demand_charges|rate_schedule|delivery_charges|generation_charges","equipment_category|quantity","per_unit","cost_per_unit","needs_equipment_details","medium","true"
"SOURCE_DSIRE:dsire_program_id:3589","financing_cash_flow","hvac_electric_efficiency|motor_vfd_efficiency","bill_savings|financing","residential_only","none|electric","project_cost_estimate|interest_rate|financing_term_years","down_payment|contractor_quote_amount|monthly_kwh|peak_kw|demand_charges|rate_schedule|demand_charge_rate","equipment_category","financing","contractor_quote_required","needs_quote","low","true"
"SOURCE_DSIRE:dsire_program_id:4790","program_rule_value_only","","policy_or_permitting","mixed","none","","service_address|utility_provider","project_timing","unknown","unknown","policy_only","low","true"
"SOURCE_DSIRE:dsire_program_id:3342","program_rule_value_only","","policy_or_permitting","residential_only","none","","service_address|utility_provider","project_timing","unknown","unknown","policy_only","low","true"
"SOURCE_DSIRE:dsire_program_id:5141","ev_charging_site_load","project_cost_reduction_only","bill_savings|upfront_cost_reduction","residential_only","electric|none","rate_schedule|annual_kwh|average_cost_per_kwh","peak_kw|demand_charge_rate|time_of_use_periods|contractor_quote_amount|quote_date","parking_spaces|ownership_status|equipment_category","per_unit","cost_per_unit","needs_quote","low","true"
"SOURCE_DSIRE:dsire_program_id:2239","whole_building_custom_efficiency","hvac_electric_efficiency|refrigeration_electric_efficiency|motor_vfd_efficiency|controls_building_automation","bill_savings|upfront_cost_reduction","mixed","electric","annual_kwh|annual_electric_cost|average_cost_per_kwh","annual_therms|average_cost_per_therm|peak_kw|demand_charge_rate|square_footage|monthly_kwh|demand_charges|rate_schedule|time_of_use_periods","project_cost_estimate|equipment_category","per_kwh_saved","benchmark_range","needs_bill","medium","true"
"SOURCE_DSIRE:dsire_program_id:5853","controls_building_automation","","bill_savings|upfront_cost_reduction","mixed","electric","annual_kwh|rate_schedule","annual_therms|peak_kw|demand_charges|time_of_use_periods","square_footage|equipment_category","per_unit","benchmark_range","needs_equipment_details","medium","true"
"SOURCE_DSIRE:dsire_program_id:2132","financing_cash_flow","electric_usage_reduction|hvac_electric_efficiency|gas_usage_reduction|motor_vfd_efficiency|controls_building_automation|battery_tou_demand_savings|water_sewer_reduction","bill_savings|financing","residential_only","none|electric|gas|water_sewer","project_cost_estimate|interest_rate|financing_term_years","down_payment|contractor_quote_amount|monthly_kwh|rate_schedule|delivery_charges|generation_charges|peak_kw|demand_charges|monthly_therms|gas_rate_schedule|demand_charge_rate|annual_therms|time_of_use_periods|annual_kwh|monthly_peak_kw|monthly_water_use|water_unit|sewer_cost|meter_size|irrigation_meter_present","equipment_category","financing","contractor_quote_required","needs_quote","low","true"
"SOURCE_DSIRE:dsire_program_id:2905","program_rule_value_only","","policy_or_permitting","residential_only","none","","service_address|utility_provider","project_timing","unknown","unknown","policy_only","low","true"
"SOURCE_DSIRE:dsire_program_id:3979","financing_cash_flow","electric_usage_reduction","bill_savings|financing","business_relevant","none|electric","project_cost_estimate|interest_rate|financing_term_years","down_payment|contractor_quote_amount|monthly_kwh|rate_schedule|delivery_charges|generation_charges","equipment_category","financing","contractor_quote_required","needs_quote","high","false"
"SOURCE_DSIRE:dsire_program_id:3605","whole_building_custom_efficiency","hvac_electric_efficiency|gas_usage_reduction|motor_vfd_efficiency|controls_building_automation","bill_savings|upfront_cost_reduction","residential_only","electric|gas","annual_kwh|annual_electric_cost|average_cost_per_kwh","annual_therms|average_cost_per_therm|peak_kw|demand_charge_rate|square_footage|monthly_kwh|demand_charges|rate_schedule|monthly_therms|gas_rate_schedule|time_of_use_periods","project_cost_estimate|equipment_category","per_kwh_saved","benchmark_range","needs_bill","low","true"
"SOURCE_DSIRE:dsire_program_id:22174","fleet_fuel_replacement","ev_charging_site_load","bill_savings|upfront_cost_reduction","unknown","fuel|electric","annual_gallons|annual_fuel_cost|average_cost_per_gallon|vehicle_count","estimated_miles|fuel_type|monthly_fuel_cost|rate_schedule|average_cost_per_kwh|peak_kw|demand_charge_rate|time_of_use_periods","vehicle_count","per_unit","cost_per_unit","needs_equipment_details","low","true"
"SOURCE_DSIRE:dsire_program_id:22641","grant_funding","electric_usage_reduction|ev_charging_site_load","bill_savings|upfront_cost_reduction","unknown","none|electric","project_cost_estimate","contractor_quote_amount|monthly_kwh|rate_schedule|delivery_charges|generation_charges|peak_kw|demand_charge_rate|time_of_use_periods","equipment_category|project_timing","grant_amount","contractor_quote_required","needs_quote","low","true"
"SOURCE_SILICON_VALLEY_POWER:svp_source_section:6e6b359eb5fc98c0:commercial-solar-rebate-program","solar_electric_offset","project_cost_reduction_only","bill_savings|upfront_cost_reduction","business_relevant","electric|none","annual_kwh|monthly_kwh|average_cost_per_kwh|rate_schedule","time_of_use_periods|demand_charges|generation_charges|delivery_charges|contractor_quote_amount|quote_date","roof_area|ownership_status","per_kw","cost_per_kw","needs_bill","medium","true"
"SOURCE_DSIRE:dsire_program_id:1611","motor_vfd_efficiency","","bill_savings|upfront_cost_reduction","business_relevant","electric","annual_kwh|annual_electric_cost|average_cost_per_kwh","peak_kw|demand_charge_rate|monthly_kwh","equipment_category|quantity","per_unit","cost_per_unit","needs_equipment_details","medium","true"
"SOURCE_DSIRE:dsire_program_id:215","financing_cash_flow","electric_usage_reduction|hvac_electric_efficiency|gas_usage_reduction|refrigeration_electric_efficiency|motor_vfd_efficiency|controls_building_automation","bill_savings|financing","business_relevant","none|electric|gas","project_cost_estimate|interest_rate|financing_term_years","down_payment|contractor_quote_amount|monthly_kwh|rate_schedule|delivery_charges|generation_charges|peak_kw|demand_charges|monthly_therms|gas_rate_schedule|demand_charge_rate|annual_therms|time_of_use_periods","equipment_category","financing","contractor_quote_required","needs_quote","medium","true"
"SOURCE_CA_ENERGY_COMMISSION:cec_solicitation_number:GFO-22-304","grant_funding","electric_usage_reduction","bill_savings|upfront_cost_reduction","business_relevant","none|electric","project_cost_estimate","contractor_quote_amount|monthly_kwh|rate_schedule|delivery_charges|generation_charges","equipment_category|project_timing","grant_amount","contractor_quote_required","needs_quote","high","false"
"SOURCE_DSIRE:dsire_program_id:2202","ev_charging_site_load","project_cost_reduction_only","bill_savings|upfront_cost_reduction","residential_only","electric|none","rate_schedule|annual_kwh|average_cost_per_kwh","peak_kw|demand_charge_rate|time_of_use_periods|contractor_quote_amount|quote_date","parking_spaces|ownership_status|equipment_category","per_unit","cost_per_unit","needs_quote","low","true"
"SOURCE_DSIRE:dsire_program_id:22245","grant_funding","ev_charging_site_load","bill_savings|upfront_cost_reduction","business_relevant","none|electric","project_cost_estimate","contractor_quote_amount|peak_kw|demand_charge_rate|time_of_use_periods","equipment_category|project_timing","grant_amount","contractor_quote_required","needs_quote","high","false"
"SOURCE_CA_ENERGY_COMMISSION:cec_solicitation_number:GFO-24-307","grant_funding","electric_usage_reduction","bill_savings|upfront_cost_reduction","business_relevant","none|electric","project_cost_estimate","contractor_quote_amount|monthly_kwh|rate_schedule|delivery_charges|generation_charges","equipment_category|project_timing","grant_amount","contractor_quote_required","needs_quote","high","false"
"SOURCE_DSIRE:dsire_program_id:2817","envelope_insulation_savings","project_cost_reduction_only","bill_savings|upfront_cost_reduction","residential_only","gas|none","annual_therms|annual_gas_cost|average_cost_per_therm","annual_kwh|average_cost_per_kwh|square_footage|contractor_quote_amount|quote_date","square_footage|equipment_category","per_unit","cost_per_sqft","needs_bill","low","true"
"SOURCE_DSIRE:dsire_program_id:5682","renewable_generation_credit_market_value","solar_electric_offset","bill_savings|policy_or_permitting|market_credit","mixed","electric|none","annual_kwh","monthly_kwh|rate_schedule|time_of_use_periods|demand_charges|generation_charges|delivery_charges","equipment_category|project_timing","unknown","unknown","policy_only","low","true"
"SOURCE_DSIRE:dsire_program_id:5512","financing_cash_flow","electric_usage_reduction|solar_electric_offset|hvac_electric_efficiency|gas_usage_reduction|motor_vfd_efficiency|controls_building_automation","bill_savings|financing","business_relevant","none|electric|gas","project_cost_estimate|interest_rate|financing_term_years","down_payment|contractor_quote_amount|monthly_kwh|rate_schedule|delivery_charges|generation_charges|time_of_use_periods|demand_charges|peak_kw|monthly_therms|gas_rate_schedule|demand_charge_rate|annual_therms","equipment_category","financing","contractor_quote_required","needs_quote","medium","true"
"SOURCE_DSIRE:dsire_program_id:1925","ev_charging_site_load","project_cost_reduction_only","bill_savings|upfront_cost_reduction","mixed","electric|none","rate_schedule|annual_kwh|average_cost_per_kwh","peak_kw|demand_charge_rate|time_of_use_periods|contractor_quote_amount|quote_date","parking_spaces|ownership_status|equipment_category","per_unit","cost_per_unit","needs_quote","medium","true"
"SOURCE_CA_ENERGY_COMMISSION:cec_solicitation_number:GFO-23-308","grant_funding","solar_electric_offset|hvac_electric_efficiency|motor_vfd_efficiency|battery_tou_demand_savings","bill_savings|upfront_cost_reduction","mixed","none|electric","project_cost_estimate","contractor_quote_amount|time_of_use_periods|demand_charges|generation_charges|delivery_charges|monthly_kwh|peak_kw|rate_schedule|demand_charge_rate|annual_kwh|monthly_peak_kw","equipment_category|project_timing","grant_amount","contractor_quote_required","needs_quote","medium","true"
"SOURCE_DSIRE:dsire_program_id:4952","commercial_kitchen_equipment_efficiency","water_sewer_reduction","bill_savings|upfront_cost_reduction","mixed","electric|water_sewer","annual_kwh|annual_electric_cost|average_cost_per_kwh","annual_therms|average_cost_per_therm|annual_water_use|annual_water_cost|annual_sewer_cost|monthly_water_use|water_unit|sewer_cost|meter_size|irrigation_meter_present","equipment_category|quantity","per_unit","cost_per_unit","needs_equipment_details","medium","true"
"SOURCE_DSIRE:dsire_program_id:2412","commercial_kitchen_equipment_efficiency","water_sewer_reduction","bill_savings|upfront_cost_reduction","business_relevant","electric|water_sewer","annual_kwh|annual_electric_cost|average_cost_per_kwh","annual_therms|average_cost_per_therm|annual_water_use|annual_water_cost|annual_sewer_cost|monthly_water_use|water_unit|sewer_cost|meter_size|irrigation_meter_present","equipment_category|quantity","per_unit","cost_per_unit","needs_equipment_details","high","false"
"SOURCE_DSIRE:dsire_program_id:3357","solar_electric_offset","project_cost_reduction_only","bill_savings|upfront_cost_reduction","residential_only","electric|none","annual_kwh|monthly_kwh|average_cost_per_kwh|rate_schedule","time_of_use_periods|demand_charges|generation_charges|delivery_charges|contractor_quote_amount|quote_date","roof_area|ownership_status","per_kw","cost_per_kw","needs_bill","low","true"
"SOURCE_DSIRE:dsire_program_id:22170","grant_funding","","upfront_cost_reduction","public_nonprofit_only","none","project_cost_estimate","contractor_quote_amount","equipment_category|project_timing","grant_amount","contractor_quote_required","needs_quote","high","true"
"SOURCE_DSIRE:dsire_program_id:104","sales_or_property_tax_exemption","solar_electric_offset","bill_savings|tax_benefit","business_relevant","none|electric","project_cost_estimate","ownership_status|tax_entity_type|contractor_quote_amount|time_of_use_periods|demand_charges|generation_charges|delivery_charges","equipment_category","tax_exemption","benchmark_range","needs_tax_review","medium","false"
"SOURCE_DSIRE:dsire_program_id:22736","battery_tou_demand_savings","project_cost_reduction_only","bill_savings|upfront_cost_reduction","residential_only","electric|none","rate_schedule|time_of_use_periods|peak_kw|demand_charges|demand_charge_rate|monthly_kwh","annual_kwh|monthly_peak_kw|contractor_quote_amount|quote_date","equipment_category","per_unit","cost_per_kwh_storage","needs_equipment_details","low","true"
"SOURCE_DSIRE:dsire_program_id:22494","solar_electric_offset","project_cost_reduction_only","bill_savings|upfront_cost_reduction","mixed","electric|none","annual_kwh|monthly_kwh|average_cost_per_kwh|rate_schedule","time_of_use_periods|demand_charges|generation_charges|delivery_charges|contractor_quote_amount|quote_date","roof_area|ownership_status","per_kw","cost_per_kw","needs_bill","medium","true"
"SOURCE_DSIRE:dsire_program_id:22104","project_cost_reduction_only","","upfront_cost_reduction","residential_only","none","project_cost_estimate","contractor_quote_amount|quote_date","equipment_category","per_unit","benchmark_range","needs_equipment_details","low","true"
"SOURCE_DSIRE:dsire_program_id:1232","financing_cash_flow","","financing","residential_only","none","project_cost_estimate|interest_rate|financing_term_years","down_payment|contractor_quote_amount","equipment_category","financing","contractor_quote_required","needs_quote","low","true"
"SOURCE_DSIRE:dsire_program_id:3873","refrigeration_electric_efficiency","electric_usage_reduction","bill_savings|upfront_cost_reduction","business_relevant","electric","annual_kwh|annual_electric_cost|average_cost_per_kwh","monthly_kwh|peak_kw|demand_charges|rate_schedule|delivery_charges|generation_charges","equipment_category|quantity","per_unit","cost_per_unit","needs_equipment_details","medium","true"
"SOURCE_SILICON_VALLEY_POWER:svp_source_section:6e6b359eb5fc98c0:nonprofit-solar-grant","grant_funding","solar_electric_offset","bill_savings|upfront_cost_reduction","business_relevant","none|electric","project_cost_estimate","contractor_quote_amount|time_of_use_periods|demand_charges|generation_charges|delivery_charges","equipment_category|project_timing","grant_amount","contractor_quote_required","needs_quote","medium","true"
"SOURCE_DSIRE:dsire_program_id:22764","grant_funding","electric_usage_reduction|solar_electric_offset","bill_savings|upfront_cost_reduction","business_relevant","none|electric","project_cost_estimate","contractor_quote_amount|monthly_kwh|rate_schedule|delivery_charges|generation_charges|time_of_use_periods|demand_charges","equipment_category|project_timing","grant_amount","contractor_quote_required","needs_quote","high","false"
"SOURCE_CA_ENERGY_COMMISSION:cec_solicitation_number:GFO-23-604","grant_funding","","upfront_cost_reduction","business_relevant","none","project_cost_estimate","contractor_quote_amount","equipment_category|project_timing","grant_amount","contractor_quote_required","needs_quote","medium","true"
"SOURCE_DSIRE:dsire_program_id:2478","whole_building_custom_efficiency","hvac_electric_efficiency|gas_usage_reduction|motor_vfd_efficiency|controls_building_automation|water_sewer_reduction","bill_savings|upfront_cost_reduction","residential_only","electric|gas|water_sewer","annual_kwh|annual_electric_cost|average_cost_per_kwh","annual_therms|average_cost_per_therm|peak_kw|demand_charge_rate|square_footage|monthly_kwh|demand_charges|rate_schedule|monthly_therms|gas_rate_schedule|time_of_use_periods|monthly_water_use|water_unit|sewer_cost|meter_size|irrigation_meter_present","project_cost_estimate|equipment_category","per_kwh_saved","benchmark_range","needs_bill","low","true"
"SOURCE_DSIRE:dsire_program_id:22319","fleet_fuel_replacement","ev_charging_site_load","bill_savings|upfront_cost_reduction","business_relevant","fuel|electric","annual_gallons|annual_fuel_cost|average_cost_per_gallon|vehicle_count","estimated_miles|fuel_type|monthly_fuel_cost|rate_schedule|average_cost_per_kwh|peak_kw|demand_charge_rate|time_of_use_periods","vehicle_count","per_unit","cost_per_unit","needs_equipment_details","medium","true"
"SOURCE_DSIRE:dsire_program_id:5854","financing_cash_flow","","financing","business_relevant","none","project_cost_estimate|interest_rate|financing_term_years","down_payment|contractor_quote_amount","equipment_category","financing","contractor_quote_required","needs_quote","medium","true"
"SOURCE_DSIRE:dsire_program_id:1948","motor_vfd_efficiency","","bill_savings|upfront_cost_reduction","business_relevant","electric","annual_kwh|annual_electric_cost|average_cost_per_kwh","peak_kw|demand_charge_rate|monthly_kwh","equipment_category|quantity","per_unit","cost_per_unit","needs_equipment_details","medium","true"
"SOURCE_DSIRE:dsire_program_id:22119","whole_building_custom_efficiency","electric_usage_reduction|hvac_electric_efficiency|gas_usage_reduction|refrigeration_electric_efficiency|motor_vfd_efficiency|controls_building_automation|commercial_kitchen_equipment_efficiency|water_sewer_reduction","bill_savings|upfront_cost_reduction","mixed","electric|gas|water_sewer","annual_kwh|annual_electric_cost|average_cost_per_kwh","annual_therms|average_cost_per_therm|peak_kw|demand_charge_rate|square_footage|monthly_kwh|rate_schedule|delivery_charges|generation_charges|demand_charges|monthly_therms|gas_rate_schedule|time_of_use_periods|annual_water_use|annual_water_cost|annual_sewer_cost|monthly_water_use|water_unit|sewer_cost|meter_size|irrigation_meter_present","project_cost_estimate|equipment_category","per_kwh_saved","benchmark_range","needs_bill","medium","true"
"SOURCE_DSIRE:dsire_program_id:5840","financing_cash_flow","water_sewer_reduction","bill_savings|financing","residential_only","none|water_sewer","project_cost_estimate|interest_rate|financing_term_years","down_payment|contractor_quote_amount|monthly_water_use|water_unit|sewer_cost|meter_size|irrigation_meter_present","equipment_category","financing","contractor_quote_required","needs_quote","low","true"
"SOURCE_DSIRE:dsire_program_id:22790","interconnection_or_grid_access_value","","policy_or_permitting","public_nonprofit_only","none","","utility_provider|service_address|rate_schedule","equipment_category|project_timing","unknown","unknown","policy_only","low","true"
"SOURCE_CA_ENERGY_COMMISSION:cec_solicitation_number:PON-22-001","financing_cash_flow","","financing","unknown","none","project_cost_estimate|interest_rate|financing_term_years","down_payment|contractor_quote_amount","equipment_category","financing","contractor_quote_required","needs_quote","low","true"
"SOURCE_DSIRE:dsire_program_id:22537","gas_usage_reduction","project_cost_reduction_only","bill_savings|upfront_cost_reduction","residential_only","gas|none","annual_therms|annual_gas_cost|average_cost_per_therm","monthly_therms|gas_rate_schedule|contractor_quote_amount|quote_date","equipment_category","per_unit","cost_per_unit","needs_bill","low","true"
"SOURCE_DSIRE:dsire_program_id:4225","financing_cash_flow","electric_usage_reduction|solar_electric_offset|hvac_electric_efficiency|gas_usage_reduction|refrigeration_electric_efficiency|motor_vfd_efficiency","bill_savings|financing","mixed","none|electric|gas","project_cost_estimate|interest_rate|financing_term_years","down_payment|contractor_quote_amount|monthly_kwh|rate_schedule|delivery_charges|generation_charges|time_of_use_periods|demand_charges|peak_kw|monthly_therms|gas_rate_schedule|demand_charge_rate","equipment_category","financing","contractor_quote_required","needs_quote","medium","true"
"SOURCE_CA_ENERGY_COMMISSION:cec_solicitation_number:GFO-24-612","grant_funding","","upfront_cost_reduction","business_relevant","none","project_cost_estimate","contractor_quote_amount","equipment_category|project_timing","grant_amount","contractor_quote_required","needs_quote","high","false"
"SOURCE_DSIRE:dsire_program_id:2948","sales_or_property_tax_exemption","solar_electric_offset","bill_savings|tax_benefit","residential_only","none|electric","project_cost_estimate","ownership_status|tax_entity_type|contractor_quote_amount|time_of_use_periods|demand_charges|generation_charges|delivery_charges","equipment_category","tax_exemption","benchmark_range","needs_tax_review","low","true"
"SOURCE_DSIRE:dsire_program_id:3901","commercial_kitchen_equipment_efficiency","water_sewer_reduction","bill_savings|upfront_cost_reduction","business_relevant","electric|water_sewer","annual_kwh|annual_electric_cost|average_cost_per_kwh","annual_therms|average_cost_per_therm|annual_water_use|annual_water_cost|annual_sewer_cost|monthly_water_use|water_unit|sewer_cost|meter_size|irrigation_meter_present","equipment_category|quantity","per_unit","cost_per_unit","needs_equipment_details","medium","true"
"SOURCE_DSIRE:dsire_program_id:22092","refrigeration_electric_efficiency","electric_usage_reduction","bill_savings|upfront_cost_reduction","business_relevant","electric","annual_kwh|annual_electric_cost|average_cost_per_kwh","monthly_kwh|peak_kw|demand_charges|rate_schedule|delivery_charges|generation_charges","equipment_category|quantity","per_unit","cost_per_unit","needs_equipment_details","medium","true"
"SOURCE_DSIRE:dsire_program_id:5798","motor_vfd_efficiency","","bill_savings|upfront_cost_reduction","residential_only","electric","annual_kwh|annual_electric_cost|average_cost_per_kwh","peak_kw|demand_charge_rate|monthly_kwh","equipment_category|quantity","per_unit","cost_per_unit","needs_equipment_details","low","true"
"SOURCE_DSIRE:dsire_program_id:4798","electric_usage_reduction","project_cost_reduction_only","bill_savings|upfront_cost_reduction","business_relevant","electric|none","annual_kwh|annual_electric_cost|average_cost_per_kwh","monthly_kwh|rate_schedule|delivery_charges|generation_charges|contractor_quote_amount|quote_date","equipment_category","per_unit","cost_per_unit","needs_bill","medium","true"
"SOURCE_DSIRE:dsire_program_id:3571","ev_charging_site_load","project_cost_reduction_only","bill_savings|upfront_cost_reduction","residential_only","electric|none","rate_schedule|annual_kwh|average_cost_per_kwh","peak_kw|demand_charge_rate|time_of_use_periods|contractor_quote_amount|quote_date","parking_spaces|ownership_status|equipment_category","per_unit","cost_per_unit","needs_quote","low","true"
"SOURCE_DSIRE:dsire_program_id:4194","hvac_electric_efficiency","project_cost_reduction_only","bill_savings|upfront_cost_reduction","residential_only","electric|none","annual_kwh|annual_electric_cost|average_cost_per_kwh","monthly_kwh|peak_kw|demand_charges|rate_schedule|contractor_quote_amount|quote_date","equipment_category|square_footage","per_unit","cost_per_unit","needs_bill","low","true"
"SOURCE_CA_ENERGY_COMMISSION:cec_solicitation_number:GFO-23-309","grant_funding","controls_building_automation","bill_savings|upfront_cost_reduction","business_relevant","none|electric","project_cost_estimate","contractor_quote_amount|annual_therms|peak_kw|demand_charges|time_of_use_periods","equipment_category|project_timing","grant_amount","contractor_quote_required","needs_quote","medium","true"
"SOURCE_DSIRE:dsire_program_id:3131","motor_vfd_efficiency","","bill_savings|upfront_cost_reduction","agriculture_only","electric","annual_kwh|annual_electric_cost|average_cost_per_kwh","peak_kw|demand_charge_rate|monthly_kwh","equipment_category|quantity","per_unit","cost_per_unit","needs_equipment_details","medium","true"
"SOURCE_DSIRE:dsire_program_id:3629","whole_building_custom_efficiency","electric_usage_reduction|hvac_electric_efficiency|gas_usage_reduction|motor_vfd_efficiency|controls_building_automation|water_sewer_reduction","bill_savings|upfront_cost_reduction","residential_only","electric|gas|water_sewer","annual_kwh|annual_electric_cost|average_cost_per_kwh","annual_therms|average_cost_per_therm|peak_kw|demand_charge_rate|square_footage|monthly_kwh|rate_schedule|delivery_charges|generation_charges|demand_charges|monthly_therms|gas_rate_schedule|time_of_use_periods|monthly_water_use|water_unit|sewer_cost|meter_size|irrigation_meter_present","project_cost_estimate|equipment_category","per_kwh_saved","benchmark_range","needs_bill","low","true"
"SOURCE_DSIRE:dsire_program_id:81","sales_or_property_tax_exemption","","tax_benefit","unknown","none","project_cost_estimate","ownership_status|tax_entity_type|contractor_quote_amount","equipment_category","tax_exemption","benchmark_range","needs_tax_review","low","true"
"SOURCE_DSIRE:dsire_program_id:22369","ev_charging_site_load","project_cost_reduction_only","bill_savings|upfront_cost_reduction","residential_only","electric|none","rate_schedule|annual_kwh|average_cost_per_kwh","peak_kw|demand_charge_rate|time_of_use_periods|contractor_quote_amount|quote_date","parking_spaces|ownership_status|equipment_category","per_unit","cost_per_unit","needs_quote","low","true"
"SOURCE_DSIRE:dsire_program_code_title_hash:AZ73F:0e0de7e0c2fa","no_direct_savings","","no_direct_savings","residential_only","none","","","","unknown","unknown","unknown","low","true"
"SOURCE_DSIRE:dsire_program_id:2013","battery_tou_demand_savings","project_cost_reduction_only","bill_savings|upfront_cost_reduction","business_relevant","electric|none","rate_schedule|time_of_use_periods|peak_kw|demand_charges|demand_charge_rate|monthly_kwh","annual_kwh|monthly_peak_kw|contractor_quote_amount|quote_date","equipment_category","per_unit","cost_per_kwh_storage","needs_equipment_details","medium","true"
"SOURCE_DSIRE:dsire_program_id:421","solar_electric_offset","project_cost_reduction_only","bill_savings|upfront_cost_reduction","mixed","electric|none","annual_kwh|monthly_kwh|average_cost_per_kwh|rate_schedule","time_of_use_periods|demand_charges|generation_charges|delivery_charges|contractor_quote_amount|quote_date","roof_area|ownership_status","per_kw","cost_per_kw","needs_bill","medium","true"
"SOURCE_SCE_BUSINESS:sce_source_section:56574423e5e2b946:emergency-load-reduction-program-elrp","electric_usage_reduction","project_cost_reduction_only","bill_savings|upfront_cost_reduction","mixed","electric|none","annual_kwh|annual_electric_cost|average_cost_per_kwh","monthly_kwh|rate_schedule|delivery_charges|generation_charges|contractor_quote_amount|quote_date","equipment_category","per_unit","cost_per_unit","needs_bill","medium","true"
"SOURCE_DSIRE:dsire_program_id:22718","whole_building_custom_efficiency","hvac_electric_efficiency|gas_usage_reduction|motor_vfd_efficiency|controls_building_automation","bill_savings|upfront_cost_reduction","residential_only","electric|gas","annual_kwh|annual_electric_cost|average_cost_per_kwh","annual_therms|average_cost_per_therm|peak_kw|demand_charge_rate|square_footage|monthly_kwh|demand_charges|rate_schedule|monthly_therms|gas_rate_schedule|time_of_use_periods","project_cost_estimate|equipment_category","per_kwh_saved","benchmark_range","needs_bill","low","true"
"SOURCE_DSIRE:dsire_program_id:22585","motor_vfd_efficiency","","bill_savings|upfront_cost_reduction","mixed","electric","annual_kwh|annual_electric_cost|average_cost_per_kwh","peak_kw|demand_charge_rate|monthly_kwh","equipment_category|quantity","per_unit","cost_per_unit","needs_equipment_details","high","true"
"SOURCE_DSIRE:dsire_program_id:4210","sales_or_property_tax_exemption","solar_electric_offset|battery_tou_demand_savings","bill_savings|tax_benefit","residential_only","none|electric","project_cost_estimate","ownership_status|tax_entity_type|contractor_quote_amount|time_of_use_periods|demand_charges|generation_charges|delivery_charges|annual_kwh|monthly_peak_kw","equipment_category","tax_exemption","benchmark_range","needs_tax_review","low","true"
"SOURCE_DSIRE:dsire_program_id:4547","motor_vfd_efficiency","","bill_savings|upfront_cost_reduction","business_relevant","electric","annual_kwh|annual_electric_cost|average_cost_per_kwh","peak_kw|demand_charge_rate|monthly_kwh","equipment_category|quantity","per_unit","cost_per_unit","needs_equipment_details","medium","true"
"SOURCE_DSIRE:dsire_program_id:22270","ev_charging_site_load","project_cost_reduction_only","bill_savings|upfront_cost_reduction","mixed","electric|none","rate_schedule|annual_kwh|average_cost_per_kwh","peak_kw|demand_charge_rate|time_of_use_periods|contractor_quote_amount|quote_date","parking_spaces|ownership_status|equipment_category","per_unit","cost_per_unit","needs_quote","medium","true"
"SOURCE_DSIRE:dsire_program_id:22590","pace_or_on_bill_financing","","financing","mixed","none","project_cost_estimate|financing_term_years|interest_rate","ownership_status|down_payment|annual_electric_cost|annual_gas_cost","ownership_status","financing","contractor_quote_required","needs_quote","high","true"
"SOURCE_DSIRE:dsire_program_code_title_hash:UT43F:c38795d0e130","grant_funding","electric_usage_reduction","bill_savings|upfront_cost_reduction","unknown","none|electric","project_cost_estimate","contractor_quote_amount|monthly_kwh|rate_schedule|delivery_charges|generation_charges","equipment_category|project_timing","grant_amount","contractor_quote_required","needs_quote","low","true"
"SOURCE_DSIRE:dsire_program_id:22056","commercial_kitchen_equipment_efficiency","water_sewer_reduction","bill_savings|upfront_cost_reduction","business_relevant","electric|water_sewer","annual_kwh|annual_electric_cost|average_cost_per_kwh","annual_therms|average_cost_per_therm|annual_water_use|annual_water_cost|annual_sewer_cost|monthly_water_use|water_unit|sewer_cost|meter_size|irrigation_meter_present","equipment_category|quantity","per_unit","cost_per_unit","needs_equipment_details","medium","true"
"SOURCE_DSIRE:dsire_program_id:2101","financing_cash_flow","hvac_electric_efficiency|motor_vfd_efficiency","bill_savings|financing","residential_only","none|electric","project_cost_estimate|interest_rate|financing_term_years","down_payment|contractor_quote_amount|monthly_kwh|peak_kw|demand_charges|rate_schedule|demand_charge_rate","equipment_category","financing","contractor_quote_required","needs_quote","low","true"
"SOURCE_DSIRE:dsire_program_id:1407","financing_cash_flow","","financing","residential_only","none","project_cost_estimate|interest_rate|financing_term_years","down_payment|contractor_quote_amount","equipment_category","financing","contractor_quote_required","needs_quote","low","true"
"SOURCE_DSIRE:dsire_program_id:3161","whole_building_custom_efficiency","hvac_electric_efficiency|gas_usage_reduction|refrigeration_electric_efficiency|motor_vfd_efficiency|controls_building_automation|commercial_kitchen_equipment_efficiency|water_sewer_reduction","bill_savings|upfront_cost_reduction","residential_only","electric|gas|water_sewer","annual_kwh|annual_electric_cost|average_cost_per_kwh","annual_therms|average_cost_per_therm|peak_kw|demand_charge_rate|square_footage|monthly_kwh|demand_charges|rate_schedule|monthly_therms|gas_rate_schedule|time_of_use_periods|annual_water_use|annual_water_cost|annual_sewer_cost|monthly_water_use|water_unit|sewer_cost|meter_size|irrigation_meter_present","project_cost_estimate|equipment_category","per_kwh_saved","benchmark_range","needs_bill","low","true"
"SOURCE_DSIRE:dsire_program_id:22684","hvac_electric_efficiency","project_cost_reduction_only","bill_savings|upfront_cost_reduction","residential_only","electric|none","annual_kwh|annual_electric_cost|average_cost_per_kwh","monthly_kwh|peak_kw|demand_charges|rate_schedule|contractor_quote_amount|quote_date","equipment_category|square_footage","per_unit","cost_per_unit","needs_bill","low","true"
"SOURCE_DSIRE:dsire_program_id:22650","grant_funding","ev_charging_site_load","bill_savings|upfront_cost_reduction","unknown","none|electric","project_cost_estimate","contractor_quote_amount|peak_kw|demand_charge_rate|time_of_use_periods","equipment_category|project_timing","grant_amount","contractor_quote_required","needs_quote","low","true"
"SOURCE_DSIRE:dsire_program_id:3622","motor_vfd_efficiency","","bill_savings|upfront_cost_reduction","mixed","electric","annual_kwh|annual_electric_cost|average_cost_per_kwh","peak_kw|demand_charge_rate|monthly_kwh","equipment_category|quantity","per_unit","cost_per_unit","needs_equipment_details","medium","true"
"SOURCE_DSIRE:dsire_program_id:3904","commercial_kitchen_equipment_efficiency","water_sewer_reduction","bill_savings|upfront_cost_reduction","mixed","electric|water_sewer","annual_kwh|annual_electric_cost|average_cost_per_kwh","annual_therms|average_cost_per_therm|annual_water_use|annual_water_cost|annual_sewer_cost|monthly_water_use|water_unit|sewer_cost|meter_size|irrigation_meter_present","equipment_category|quantity","per_unit","cost_per_unit","needs_equipment_details","medium","true"
"SOURCE_DSIRE:dsire_program_id:4853","net_metering_or_export_value","solar_electric_offset","bill_savings|policy_or_permitting","residential_only","electric","annual_kwh|monthly_kwh|rate_schedule","time_of_use_periods|generation_charges|delivery_charges|demand_charges","equipment_category|roof_area","unknown","unknown","policy_only","low","true"
"SOURCE_SDGE_BUSINESS:program_url:gogreenfinancing_com_sdge","financing_cash_flow","","financing","business_relevant","none","project_cost_estimate|interest_rate|financing_term_years","down_payment|contractor_quote_amount","equipment_category","financing","contractor_quote_required","needs_quote","high","false"
"SOURCE_DSIRE:dsire_program_id:22757","grant_funding","hvac_electric_efficiency|gas_usage_reduction|motor_vfd_efficiency","bill_savings|upfront_cost_reduction","business_relevant","none|electric|gas","project_cost_estimate","contractor_quote_amount|monthly_kwh|peak_kw|demand_charges|rate_schedule|monthly_therms|gas_rate_schedule|demand_charge_rate","equipment_category|project_timing","grant_amount","contractor_quote_required","needs_quote","high","false"
"SOURCE_DSIRE:dsire_program_id:22683","motor_vfd_efficiency","","bill_savings|upfront_cost_reduction","residential_only","electric","annual_kwh|annual_electric_cost|average_cost_per_kwh","peak_kw|demand_charge_rate|monthly_kwh","equipment_category|quantity","per_unit","cost_per_unit","needs_equipment_details","low","true"
"SOURCE_SCE_BUSINESS:sce_source_section:bcdeae04c5863d3b:hvac-optimization-program","hvac_electric_efficiency","project_cost_reduction_only","bill_savings|upfront_cost_reduction","business_relevant","electric|none","annual_kwh|annual_electric_cost|average_cost_per_kwh","monthly_kwh|peak_kw|demand_charges|rate_schedule|contractor_quote_amount|quote_date","equipment_category|square_footage","per_unit","cost_per_unit","needs_bill","high","false"
"SOURCE_DSIRE:dsire_program_id:3187","financing_cash_flow","electric_usage_reduction|hvac_electric_efficiency|motor_vfd_efficiency","bill_savings|financing","mixed","none|electric","project_cost_estimate|interest_rate|financing_term_years","down_payment|contractor_quote_amount|monthly_kwh|rate_schedule|delivery_charges|generation_charges|peak_kw|demand_charges|demand_charge_rate","equipment_category","financing","contractor_quote_required","needs_quote","medium","true"
"SOURCE_DSIRE:dsire_program_id:1543","ev_charging_site_load","project_cost_reduction_only","bill_savings|upfront_cost_reduction","residential_only","electric|none","rate_schedule|annual_kwh|average_cost_per_kwh","peak_kw|demand_charge_rate|time_of_use_periods|contractor_quote_amount|quote_date","parking_spaces|ownership_status|equipment_category","per_unit","cost_per_unit","needs_quote","low","true"
"SOURCE_SILICON_VALLEY_POWER:svp_source_section:6e6b359eb5fc98c0:emerging-technologies-grant","grant_funding","","upfront_cost_reduction","business_relevant","none","project_cost_estimate","contractor_quote_amount","equipment_category|project_timing","grant_amount","contractor_quote_required","needs_quote","medium","true"
"SOURCE_DSIRE:dsire_program_id:3954","project_cost_reduction_only","","upfront_cost_reduction","residential_only","none","project_cost_estimate","contractor_quote_amount|quote_date","equipment_category","per_unit","benchmark_range","needs_equipment_details","low","true"
"SOURCE_DSIRE:dsire_program_id:5106","interconnection_or_grid_access_value","","policy_or_permitting","residential_only","none","","utility_provider|service_address|rate_schedule","equipment_category|project_timing","unknown","unknown","policy_only","low","true"
"SOURCE_DSIRE:dsire_program_id:2221","motor_vfd_efficiency","","bill_savings|upfront_cost_reduction","residential_only","electric","annual_kwh|annual_electric_cost|average_cost_per_kwh","peak_kw|demand_charge_rate|monthly_kwh","equipment_category|quantity","per_unit","cost_per_unit","needs_equipment_details","low","true"
"SOURCE_DSIRE:dsire_program_id:22406","ev_charging_site_load","project_cost_reduction_only","bill_savings|upfront_cost_reduction","residential_only","electric|none","rate_schedule|annual_kwh|average_cost_per_kwh","peak_kw|demand_charge_rate|time_of_use_periods|contractor_quote_amount|quote_date","parking_spaces|ownership_status|equipment_category","per_unit","cost_per_unit","needs_quote","low","true"
"SOURCE_DSIRE:dsire_program_id:355","grant_funding","","upfront_cost_reduction","public_nonprofit_only","none","project_cost_estimate","contractor_quote_amount","equipment_category|project_timing","grant_amount","contractor_quote_required","needs_quote","medium","true"
"SOURCE_DSIRE:dsire_program_id:22060","motor_vfd_efficiency","","bill_savings|upfront_cost_reduction","business_relevant","electric","annual_kwh|annual_electric_cost|average_cost_per_kwh","peak_kw|demand_charge_rate|monthly_kwh","equipment_category|quantity","per_unit","cost_per_unit","needs_equipment_details","medium","true"
"SOURCE_SDGE_BUSINESS:program_url:sdge_com_node_15131","fleet_fuel_replacement","ev_charging_site_load","bill_savings|upfront_cost_reduction","business_relevant","fuel|electric","annual_gallons|annual_fuel_cost|average_cost_per_gallon|vehicle_count","estimated_miles|fuel_type|monthly_fuel_cost|rate_schedule|average_cost_per_kwh|peak_kw|demand_charge_rate|time_of_use_periods","vehicle_count","per_unit","cost_per_unit","needs_equipment_details","high","false"
"SOURCE_DSIRE:dsire_program_id:3259","financing_cash_flow","electric_usage_reduction","bill_savings|financing","mixed","none|electric","project_cost_estimate|interest_rate|financing_term_years","down_payment|contractor_quote_amount|monthly_kwh|rate_schedule|delivery_charges|generation_charges","equipment_category","financing","contractor_quote_required","needs_quote","high","true"
"SOURCE_DSIRE:dsire_program_id:22416","financing_cash_flow","electric_usage_reduction|solar_electric_offset|hvac_electric_efficiency|battery_tou_demand_savings","bill_savings|financing","business_relevant","none|electric","project_cost_estimate|interest_rate|financing_term_years","down_payment|contractor_quote_amount|monthly_kwh|rate_schedule|delivery_charges|generation_charges|time_of_use_periods|demand_charges|peak_kw|annual_kwh|monthly_peak_kw","equipment_category","financing","contractor_quote_required","needs_quote","high","false"
"SOURCE_DSIRE:dsire_program_id:4854","whole_building_custom_efficiency","electric_usage_reduction|hvac_electric_efficiency|gas_usage_reduction|refrigeration_electric_efficiency|motor_vfd_efficiency|controls_building_automation|water_sewer_reduction","bill_savings|upfront_cost_reduction","residential_only","electric|gas|water_sewer","annual_kwh|annual_electric_cost|average_cost_per_kwh","annual_therms|average_cost_per_therm|peak_kw|demand_charge_rate|square_footage|monthly_kwh|rate_schedule|delivery_charges|generation_charges|demand_charges|monthly_therms|gas_rate_schedule|time_of_use_periods|monthly_water_use|water_unit|sewer_cost|meter_size|irrigation_meter_present","project_cost_estimate|equipment_category","per_kwh_saved","benchmark_range","needs_bill","low","true"
"SOURCE_DSIRE:dsire_program_id:3276","whole_building_custom_efficiency","electric_usage_reduction|hvac_electric_efficiency|gas_usage_reduction|refrigeration_electric_efficiency|motor_vfd_efficiency|controls_building_automation|commercial_kitchen_equipment_efficiency|water_sewer_reduction","bill_savings|upfront_cost_reduction","residential_only","electric|gas|water_sewer","annual_kwh|annual_electric_cost|average_cost_per_kwh","annual_therms|average_cost_per_therm|peak_kw|demand_charge_rate|square_footage|monthly_kwh|rate_schedule|delivery_charges|generation_charges|demand_charges|monthly_therms|gas_rate_schedule|time_of_use_periods|annual_water_use|annual_water_cost|annual_sewer_cost|monthly_water_use|water_unit|sewer_cost|meter_size|irrigation_meter_present","project_cost_estimate|equipment_category","per_kwh_saved","benchmark_range","needs_bill","low","true"
"SOURCE_DSIRE:dsire_program_id:22633","grant_funding","ev_charging_site_load","bill_savings|upfront_cost_reduction","unknown","none|electric","project_cost_estimate","contractor_quote_amount|peak_kw|demand_charge_rate|time_of_use_periods","equipment_category|project_timing","grant_amount","contractor_quote_required","needs_quote","low","true"
"SOURCE_DSIRE:dsire_program_id:5686","renewable_generation_credit_market_value","solar_electric_offset","bill_savings|policy_or_permitting|market_credit","mixed","electric|none","annual_kwh","monthly_kwh|rate_schedule|time_of_use_periods|demand_charges|generation_charges|delivery_charges","equipment_category|project_timing","unknown","unknown","policy_only","low","true"
"SOURCE_SDGE_BUSINESS:program_url:sdge_com_node_19551","no_direct_savings","","no_direct_savings","business_relevant","none","","","","unknown","unknown","unknown","low","true"
"SOURCE_DSIRE:dsire_program_id:22735","battery_tou_demand_savings","project_cost_reduction_only","bill_savings|upfront_cost_reduction","residential_only","electric|none","rate_schedule|time_of_use_periods|peak_kw|demand_charges|demand_charge_rate|monthly_kwh","annual_kwh|monthly_peak_kw|contractor_quote_amount|quote_date","equipment_category","per_unit","cost_per_kwh_storage","needs_equipment_details","low","true"
"SOURCE_DSIRE:dsire_program_id:22156","tax_benefit_project_cost_reduction","motor_vfd_efficiency","bill_savings|tax_benefit","mixed","none|electric","project_cost_estimate|tax_entity_type","ownership_status|tax_appetite_unknown|contractor_quote_amount|peak_kw|demand_charge_rate|monthly_kwh","equipment_category","tax_credit","benchmark_range","needs_tax_review","medium","true"
"SOURCE_SDGE_BUSINESS:program_url:comfortablyca_com","hvac_electric_efficiency","project_cost_reduction_only","bill_savings|upfront_cost_reduction","mixed","electric|none","annual_kwh|annual_electric_cost|average_cost_per_kwh","monthly_kwh|peak_kw|demand_charges|rate_schedule|contractor_quote_amount|quote_date","equipment_category|square_footage","per_unit","cost_per_unit","needs_bill","high","true"
"SOURCE_DSIRE:dsire_program_id:1867","whole_building_custom_efficiency","hvac_electric_efficiency|gas_usage_reduction|motor_vfd_efficiency","bill_savings|upfront_cost_reduction","residential_only","electric|gas","annual_kwh|annual_electric_cost|average_cost_per_kwh","annual_therms|average_cost_per_therm|peak_kw|demand_charge_rate|square_footage|monthly_kwh|demand_charges|rate_schedule|monthly_therms|gas_rate_schedule","project_cost_estimate|equipment_category","per_kwh_saved","benchmark_range","needs_bill","low","true"
"SOURCE_DSIRE:dsire_program_id:22497","interconnection_or_grid_access_value","","policy_or_permitting","mixed","none","","utility_provider|service_address|rate_schedule","equipment_category|project_timing","unknown","unknown","policy_only","low","true"
"SOURCE_DSIRE:dsire_program_id:22222","tax_benefit_project_cost_reduction","motor_vfd_efficiency","bill_savings|tax_benefit","residential_only","none|electric","project_cost_estimate|tax_entity_type","ownership_status|tax_appetite_unknown|contractor_quote_amount|peak_kw|demand_charge_rate|monthly_kwh","equipment_category","tax_credit","benchmark_range","needs_tax_review","low","true"
"SOURCE_SILICON_VALLEY_POWER:svp_source_section:ef0850c0e097a7f9:building-operator-certification-training-scholarships","program_rule_value_only","","policy_or_permitting","business_relevant","none","","service_address|utility_provider","project_timing","unknown","unknown","policy_only","low","true"
"SOURCE_DSIRE:dsire_program_id:22556","financing_cash_flow","gas_usage_reduction","bill_savings|financing","residential_only","none|gas","project_cost_estimate|interest_rate|financing_term_years","down_payment|contractor_quote_amount|monthly_therms|gas_rate_schedule","equipment_category","financing","contractor_quote_required","needs_quote","low","true"
"SOURCE_DSIRE:dsire_program_id:1968","financing_cash_flow","hvac_electric_efficiency|motor_vfd_efficiency","bill_savings|financing","residential_only","none|electric","project_cost_estimate|interest_rate|financing_term_years","down_payment|contractor_quote_amount|monthly_kwh|peak_kw|demand_charges|rate_schedule|demand_charge_rate","equipment_category","financing","contractor_quote_required","needs_quote","low","true"
"SOURCE_DSIRE:dsire_program_id:5504","financing_cash_flow","","financing","business_relevant","none","project_cost_estimate|interest_rate|financing_term_years","down_payment|contractor_quote_amount","equipment_category","financing","contractor_quote_required","needs_quote","high","false"
"SOURCE_DSIRE:dsire_program_id:4454","grant_funding","hvac_electric_efficiency","bill_savings|upfront_cost_reduction","unknown","none|electric","project_cost_estimate","contractor_quote_amount|monthly_kwh|peak_kw|demand_charges|rate_schedule","equipment_category|project_timing","grant_amount","contractor_quote_required","needs_quote","low","true"
"SOURCE_DSIRE:dsire_program_id:4858","financing_cash_flow","electric_usage_reduction|hvac_electric_efficiency|refrigeration_electric_efficiency|motor_vfd_efficiency|controls_building_automation","bill_savings|financing","business_relevant","none|electric","project_cost_estimate|interest_rate|financing_term_years","down_payment|contractor_quote_amount|monthly_kwh|rate_schedule|delivery_charges|generation_charges|peak_kw|demand_charges|demand_charge_rate|annual_therms|time_of_use_periods","equipment_category","financing","contractor_quote_required","needs_quote","medium","true"
"SOURCE_DSIRE:dsire_program_id:22344","ev_charging_site_load","project_cost_reduction_only","bill_savings|upfront_cost_reduction","mixed","electric|none","rate_schedule|annual_kwh|average_cost_per_kwh","peak_kw|demand_charge_rate|time_of_use_periods|contractor_quote_amount|quote_date","parking_spaces|ownership_status|equipment_category","per_unit","cost_per_unit","needs_quote","high","true"
"SOURCE_DSIRE:dsire_program_id:4886","financing_cash_flow","electric_usage_reduction|solar_electric_offset|hvac_electric_efficiency|motor_vfd_efficiency|controls_building_automation","bill_savings|financing","residential_only","none|electric","project_cost_estimate|interest_rate|financing_term_years","down_payment|contractor_quote_amount|monthly_kwh|rate_schedule|delivery_charges|generation_charges|time_of_use_periods|demand_charges|peak_kw|demand_charge_rate|annual_therms","equipment_category","financing","contractor_quote_required","needs_quote","low","true"
"SOURCE_DSIRE:dsire_program_id:658","interconnection_or_grid_access_value","","policy_or_permitting","mixed","none","","utility_provider|service_address|rate_schedule","equipment_category|project_timing","unknown","unknown","policy_only","low","true"
"SOURCE_DSIRE:dsire_program_id:2080","controls_building_automation","","bill_savings|upfront_cost_reduction","residential_only","electric","annual_kwh|rate_schedule","annual_therms|peak_kw|demand_charges|time_of_use_periods","square_footage|equipment_category","per_unit","benchmark_range","needs_equipment_details","low","true"
"SOURCE_DSIRE:dsire_program_id:3194","whole_building_custom_efficiency","electric_usage_reduction|hvac_electric_efficiency|gas_usage_reduction|motor_vfd_efficiency","bill_savings|upfront_cost_reduction","residential_only","electric|gas","annual_kwh|annual_electric_cost|average_cost_per_kwh","annual_therms|average_cost_per_therm|peak_kw|demand_charge_rate|square_footage|monthly_kwh|rate_schedule|delivery_charges|generation_charges|demand_charges|monthly_therms|gas_rate_schedule","project_cost_estimate|equipment_category","per_kwh_saved","benchmark_range","needs_bill","low","true"
"SOURCE_DSIRE:dsire_program_id:1631","grant_funding","","upfront_cost_reduction","business_relevant","none","project_cost_estimate","contractor_quote_amount","equipment_category|project_timing","grant_amount","contractor_quote_required","needs_quote","medium","true"
"SOURCE_CA_ENERGY_COMMISSION:cec_solicitation_number:GFO-23-310","grant_funding","electric_usage_reduction","bill_savings|upfront_cost_reduction","mixed","none|electric","project_cost_estimate","contractor_quote_amount|monthly_kwh|rate_schedule|delivery_charges|generation_charges","equipment_category|project_timing","grant_amount","contractor_quote_required","needs_quote","high","true"
"SOURCE_DSIRE:dsire_program_id:4815","fleet_fuel_replacement","ev_charging_site_load","bill_savings|upfront_cost_reduction","mixed","fuel|electric","annual_gallons|annual_fuel_cost|average_cost_per_gallon|vehicle_count","estimated_miles|fuel_type|monthly_fuel_cost|rate_schedule|average_cost_per_kwh|peak_kw|demand_charge_rate|time_of_use_periods","vehicle_count","per_unit","cost_per_unit","needs_equipment_details","medium","true"
"SOURCE_DSIRE:dsire_program_id:22217","grant_funding","","upfront_cost_reduction","unknown","none","project_cost_estimate","contractor_quote_amount","equipment_category|project_timing","grant_amount","contractor_quote_required","needs_quote","low","true"
"SOURCE_DSIRE:dsire_program_id:5069","financing_cash_flow","electric_usage_reduction","bill_savings|financing","public_nonprofit_only","none|electric","project_cost_estimate|interest_rate|financing_term_years","down_payment|contractor_quote_amount|monthly_kwh|rate_schedule|delivery_charges|generation_charges","equipment_category","financing","contractor_quote_required","needs_quote","high","true"
"SOURCE_DSIRE:dsire_program_id:2207","commercial_kitchen_equipment_efficiency","water_sewer_reduction","bill_savings|upfront_cost_reduction","business_relevant","electric|water_sewer","annual_kwh|annual_electric_cost|average_cost_per_kwh","annual_therms|average_cost_per_therm|annual_water_use|annual_water_cost|annual_sewer_cost|monthly_water_use|water_unit|sewer_cost|meter_size|irrigation_meter_present","equipment_category|quantity","per_unit","cost_per_unit","needs_equipment_details","medium","true"
"SOURCE_DSIRE:dsire_program_id:22761","grant_funding","battery_tou_demand_savings","bill_savings|upfront_cost_reduction","public_nonprofit_only","none|electric","project_cost_estimate","contractor_quote_amount|annual_kwh|monthly_peak_kw","equipment_category|project_timing","grant_amount","contractor_quote_required","needs_quote","high","true"
"SOURCE_DSIRE:dsire_program_id:3838","motor_vfd_efficiency","","bill_savings|upfront_cost_reduction","residential_only","electric","annual_kwh|annual_electric_cost|average_cost_per_kwh","peak_kw|demand_charge_rate|monthly_kwh","equipment_category|quantity","per_unit","cost_per_unit","needs_equipment_details","low","true"
"SOURCE_DSIRE:dsire_program_id:1158","tax_benefit_project_cost_reduction","electric_usage_reduction|controls_building_automation","bill_savings|tax_benefit","mixed","none|electric","project_cost_estimate|tax_entity_type","ownership_status|tax_appetite_unknown|contractor_quote_amount|monthly_kwh|rate_schedule|delivery_charges|generation_charges|annual_therms|peak_kw|demand_charges|time_of_use_periods","equipment_category","tax_credit","benchmark_range","needs_tax_review","medium","true"
"SOURCE_DSIRE:dsire_program_id:2688","motor_vfd_efficiency","","bill_savings|upfront_cost_reduction","residential_only","electric","annual_kwh|annual_electric_cost|average_cost_per_kwh","peak_kw|demand_charge_rate|monthly_kwh","equipment_category|quantity","per_unit","cost_per_unit","needs_equipment_details","low","true"
"SOURCE_DSIRE:dsire_program_id:5822","ev_charging_site_load","project_cost_reduction_only","bill_savings|upfront_cost_reduction","residential_only","electric|none","rate_schedule|annual_kwh|average_cost_per_kwh","peak_kw|demand_charge_rate|time_of_use_periods|contractor_quote_amount|quote_date","parking_spaces|ownership_status|equipment_category","per_unit","cost_per_unit","needs_quote","low","true"
"SOURCE_DSIRE:dsire_program_code_title_hash:TX100F:59935a21945f","no_direct_savings","","no_direct_savings","unknown","none","","","","unknown","unknown","unknown","low","true"
"SOURCE_SILICON_VALLEY_POWER:svp_source_section:f69ab77394818965:bright-start-for-new-business","hvac_electric_efficiency","project_cost_reduction_only","bill_savings|upfront_cost_reduction","business_relevant","electric|none","annual_kwh|annual_electric_cost|average_cost_per_kwh","monthly_kwh|peak_kw|demand_charges|rate_schedule|contractor_quote_amount|quote_date","equipment_category|square_footage","per_unit","cost_per_unit","needs_bill","high","false"
"SOURCE_DSIRE:dsire_program_id:22622","fleet_fuel_replacement","ev_charging_site_load","bill_savings|upfront_cost_reduction","business_relevant","fuel|electric","annual_gallons|annual_fuel_cost|average_cost_per_gallon|vehicle_count","estimated_miles|fuel_type|monthly_fuel_cost|rate_schedule|average_cost_per_kwh|peak_kw|demand_charge_rate|time_of_use_periods","vehicle_count","per_unit","cost_per_unit","needs_equipment_details","medium","true"
"SOURCE_DSIRE:dsire_program_id:22772","grant_funding","solar_electric_offset|ev_charging_site_load|battery_tou_demand_savings","bill_savings|upfront_cost_reduction","public_nonprofit_only","none|electric","project_cost_estimate","contractor_quote_amount|time_of_use_periods|demand_charges|generation_charges|delivery_charges|peak_kw|demand_charge_rate|annual_kwh|monthly_peak_kw","equipment_category|project_timing","grant_amount","contractor_quote_required","needs_quote","high","true"
"SOURCE_DSIRE:dsire_program_id:2045","whole_building_custom_efficiency","electric_usage_reduction|hvac_electric_efficiency|gas_usage_reduction|motor_vfd_efficiency|controls_building_automation|commercial_kitchen_equipment_efficiency","bill_savings|upfront_cost_reduction","residential_only","electric|gas","annual_kwh|annual_electric_cost|average_cost_per_kwh","annual_therms|average_cost_per_therm|peak_kw|demand_charge_rate|square_footage|monthly_kwh|rate_schedule|delivery_charges|generation_charges|demand_charges|monthly_therms|gas_rate_schedule|time_of_use_periods|annual_water_use|annual_water_cost|annual_sewer_cost","project_cost_estimate|equipment_category","per_kwh_saved","benchmark_range","needs_bill","low","true"
"SOURCE_CA_ENERGY_COMMISSION:cec_solicitation_number:GFO-25-602","grant_funding","","upfront_cost_reduction","business_relevant","none","project_cost_estimate","contractor_quote_amount","equipment_category|project_timing","grant_amount","contractor_quote_required","needs_quote","high","false"
"SOURCE_DSIRE:dsire_program_id:3963","whole_building_custom_efficiency","hvac_electric_efficiency|gas_usage_reduction|motor_vfd_efficiency|controls_building_automation|water_sewer_reduction","bill_savings|upfront_cost_reduction","residential_only","electric|gas|water_sewer","annual_kwh|annual_electric_cost|average_cost_per_kwh","annual_therms|average_cost_per_therm|peak_kw|demand_charge_rate|square_footage|monthly_kwh|demand_charges|rate_schedule|monthly_therms|gas_rate_schedule|time_of_use_periods|monthly_water_use|water_unit|sewer_cost|meter_size|irrigation_meter_present","project_cost_estimate|equipment_category","per_kwh_saved","benchmark_range","needs_bill","low","true"
"SOURCE_CA_ENERGY_COMMISSION:cec_solicitation_number:GFO-25-301","grant_funding","controls_building_automation","bill_savings|upfront_cost_reduction","business_relevant","none|electric","project_cost_estimate","contractor_quote_amount|annual_therms|peak_kw|demand_charges|time_of_use_periods","equipment_category|project_timing","grant_amount","contractor_quote_required","needs_quote","medium","true"
"SOURCE_DSIRE:dsire_program_id:22659","grant_funding","ev_charging_site_load","bill_savings|upfront_cost_reduction","unknown","none|electric","project_cost_estimate","contractor_quote_amount|peak_kw|demand_charge_rate|time_of_use_periods","equipment_category|project_timing","grant_amount","contractor_quote_required","needs_quote","low","true"
"SOURCE_DSIRE:dsire_program_id:5782","whole_building_custom_efficiency","hvac_electric_efficiency|gas_usage_reduction|refrigeration_electric_efficiency|motor_vfd_efficiency|controls_building_automation","bill_savings|upfront_cost_reduction","residential_only","electric|gas","annual_kwh|annual_electric_cost|average_cost_per_kwh","annual_therms|average_cost_per_therm|peak_kw|demand_charge_rate|square_footage|monthly_kwh|demand_charges|rate_schedule|monthly_therms|gas_rate_schedule|time_of_use_periods","project_cost_estimate|equipment_category","per_kwh_saved","benchmark_range","needs_bill","low","true"
"SOURCE_CA_ENERGY_COMMISSION:cec_solicitation_number:GFO-25-307","grant_funding","","upfront_cost_reduction","business_relevant","none","project_cost_estimate","contractor_quote_amount","equipment_category|project_timing","grant_amount","contractor_quote_required","needs_quote","high","false"
"SOURCE_DSIRE:dsire_program_id:1684","refrigeration_electric_efficiency","electric_usage_reduction","bill_savings|upfront_cost_reduction","business_relevant","electric","annual_kwh|annual_electric_cost|average_cost_per_kwh","monthly_kwh|peak_kw|demand_charges|rate_schedule|delivery_charges|generation_charges","equipment_category|quantity","per_unit","cost_per_unit","needs_equipment_details","medium","true"
"SOURCE_DSIRE:dsire_program_id:5011","refrigeration_electric_efficiency","electric_usage_reduction","bill_savings|upfront_cost_reduction","mixed","electric","annual_kwh|annual_electric_cost|average_cost_per_kwh","monthly_kwh|peak_kw|demand_charges|rate_schedule|delivery_charges|generation_charges","equipment_category|quantity","per_unit","cost_per_unit","needs_equipment_details","medium","true"
"SOURCE_DSIRE:dsire_program_id:22274","fleet_fuel_replacement","ev_charging_site_load","bill_savings|upfront_cost_reduction","mixed","fuel|electric","annual_gallons|annual_fuel_cost|average_cost_per_gallon|vehicle_count","estimated_miles|fuel_type|monthly_fuel_cost|rate_schedule|average_cost_per_kwh|peak_kw|demand_charge_rate|time_of_use_periods","vehicle_count","per_unit","cost_per_unit","needs_equipment_details","medium","true"
"SOURCE_DSIRE:dsire_program_id:5738","whole_building_custom_efficiency","electric_usage_reduction|hvac_electric_efficiency|gas_usage_reduction|motor_vfd_efficiency|controls_building_automation","bill_savings|upfront_cost_reduction","residential_only","electric|gas","annual_kwh|annual_electric_cost|average_cost_per_kwh","annual_therms|average_cost_per_therm|peak_kw|demand_charge_rate|square_footage|monthly_kwh|rate_schedule|delivery_charges|generation_charges|demand_charges|monthly_therms|gas_rate_schedule|time_of_use_periods","project_cost_estimate|equipment_category","per_kwh_saved","benchmark_range","needs_bill","low","true"
"SOURCE_CA_ENERGY_COMMISSION:cec_solicitation_number:GFO-22-607","grant_funding","","upfront_cost_reduction","business_relevant","none","project_cost_estimate","contractor_quote_amount","equipment_category|project_timing","grant_amount","contractor_quote_required","needs_quote","high","false"
"SOURCE_DSIRE:dsire_program_id:22289","ev_charging_site_load","project_cost_reduction_only","bill_savings|upfront_cost_reduction","business_relevant","electric|none","rate_schedule|annual_kwh|average_cost_per_kwh","peak_kw|demand_charge_rate|time_of_use_periods|contractor_quote_amount|quote_date","parking_spaces|ownership_status|equipment_category","per_unit","cost_per_unit","needs_quote","medium","true"
"SOURCE_DSIRE:dsire_program_id:5727","commercial_kitchen_equipment_efficiency","water_sewer_reduction","bill_savings|upfront_cost_reduction","business_relevant","electric|water_sewer","annual_kwh|annual_electric_cost|average_cost_per_kwh","annual_therms|average_cost_per_therm|annual_water_use|annual_water_cost|annual_sewer_cost|monthly_water_use|water_unit|sewer_cost|meter_size|irrigation_meter_present","equipment_category|quantity","per_unit","cost_per_unit","needs_equipment_details","medium","true"
"SOURCE_DSIRE:dsire_program_id:5235","controls_building_automation","","bill_savings|upfront_cost_reduction","residential_only","electric","annual_kwh|rate_schedule","annual_therms|peak_kw|demand_charges|time_of_use_periods","square_footage|equipment_category","per_unit","benchmark_range","needs_equipment_details","low","true"
"SOURCE_DSIRE:dsire_program_id:1941","commercial_kitchen_equipment_efficiency","water_sewer_reduction","bill_savings|upfront_cost_reduction","business_relevant","electric|water_sewer","annual_kwh|annual_electric_cost|average_cost_per_kwh","annual_therms|average_cost_per_therm|annual_water_use|annual_water_cost|annual_sewer_cost|monthly_water_use|water_unit|sewer_cost|meter_size|irrigation_meter_present","equipment_category|quantity","per_unit","cost_per_unit","needs_equipment_details","medium","true"
"SOURCE_DSIRE:dsire_program_id:2252","financing_cash_flow","","financing","residential_only","none","project_cost_estimate|interest_rate|financing_term_years","down_payment|contractor_quote_amount","equipment_category","financing","contractor_quote_required","needs_quote","low","true"
"SOURCE_DSIRE:dsire_program_id:3585","ev_charging_site_load","project_cost_reduction_only","bill_savings|upfront_cost_reduction","residential_only","electric|none","rate_schedule|annual_kwh|average_cost_per_kwh","peak_kw|demand_charge_rate|time_of_use_periods|contractor_quote_amount|quote_date","parking_spaces|ownership_status|equipment_category","per_unit","cost_per_unit","needs_quote","low","true"
"SOURCE_DSIRE:dsire_program_id:4835","motor_vfd_efficiency","","bill_savings|upfront_cost_reduction","residential_only","electric","annual_kwh|annual_electric_cost|average_cost_per_kwh","peak_kw|demand_charge_rate|monthly_kwh","equipment_category|quantity","per_unit","cost_per_unit","needs_equipment_details","low","true"
"SOURCE_DSIRE:dsire_program_id:2266","motor_vfd_efficiency","","bill_savings|upfront_cost_reduction","residential_only","electric","annual_kwh|annual_electric_cost|average_cost_per_kwh","peak_kw|demand_charge_rate|monthly_kwh","equipment_category|quantity","per_unit","cost_per_unit","needs_equipment_details","low","true"
"SOURCE_DSIRE:dsire_program_id:22105","project_cost_reduction_only","","upfront_cost_reduction","business_relevant","none","project_cost_estimate","contractor_quote_amount|quote_date","equipment_category","per_unit","benchmark_range","needs_equipment_details","medium","true"
"SOURCE_CA_ENERGY_COMMISSION:cec_solicitation_number:RFP-24-401","grant_funding","","upfront_cost_reduction","business_relevant","none","project_cost_estimate","contractor_quote_amount","equipment_category|project_timing","grant_amount","contractor_quote_required","needs_quote","high","false"
"SOURCE_DSIRE:dsire_program_id:3861","whole_building_custom_efficiency","electric_usage_reduction|hvac_electric_efficiency|gas_usage_reduction|motor_vfd_efficiency","bill_savings|upfront_cost_reduction","residential_only","electric|gas","annual_kwh|annual_electric_cost|average_cost_per_kwh","annual_therms|average_cost_per_therm|peak_kw|demand_charge_rate|square_footage|monthly_kwh|rate_schedule|delivery_charges|generation_charges|demand_charges|monthly_therms|gas_rate_schedule","project_cost_estimate|equipment_category","per_kwh_saved","benchmark_range","needs_bill","low","true"
"SOURCE_DSIRE:dsire_program_id:22037","pace_or_on_bill_financing","","financing","mixed","none","project_cost_estimate|financing_term_years|interest_rate","ownership_status|down_payment|annual_electric_cost|annual_gas_cost","ownership_status","financing","contractor_quote_required","needs_quote","high","true"
"SOURCE_DSIRE:dsire_program_id:22569","whole_building_custom_efficiency","hvac_electric_efficiency|motor_vfd_efficiency|controls_building_automation|water_sewer_reduction","bill_savings|upfront_cost_reduction","business_relevant","electric|water_sewer","annual_kwh|annual_electric_cost|average_cost_per_kwh","annual_therms|average_cost_per_therm|peak_kw|demand_charge_rate|square_footage|monthly_kwh|demand_charges|rate_schedule|time_of_use_periods|monthly_water_use|water_unit|sewer_cost|meter_size|irrigation_meter_present","project_cost_estimate|equipment_category","per_kwh_saved","benchmark_range","needs_bill","medium","true"
"SOURCE_DSIRE:dsire_program_id:22587","hvac_electric_efficiency","project_cost_reduction_only","bill_savings|upfront_cost_reduction","residential_only","electric|none","annual_kwh|annual_electric_cost|average_cost_per_kwh","monthly_kwh|peak_kw|demand_charges|rate_schedule|contractor_quote_amount|quote_date","equipment_category|square_footage","per_unit","cost_per_unit","needs_bill","low","true"
"SOURCE_DSIRE:dsire_program_id:22118","financing_cash_flow","solar_electric_offset|battery_tou_demand_savings","bill_savings|financing","mixed","none|electric","project_cost_estimate|interest_rate|financing_term_years","down_payment|contractor_quote_amount|time_of_use_periods|demand_charges|generation_charges|delivery_charges|annual_kwh|monthly_peak_kw","equipment_category","financing","contractor_quote_required","needs_quote","medium","true"
"SOURCE_DSIRE:dsire_program_id:4477","financing_cash_flow","electric_usage_reduction|hvac_electric_efficiency|gas_usage_reduction|refrigeration_electric_efficiency|motor_vfd_efficiency|controls_building_automation|ev_charging_site_load|water_sewer_reduction","bill_savings|financing","residential_only","none|electric|gas|water_sewer","project_cost_estimate|interest_rate|financing_term_years","down_payment|contractor_quote_amount|monthly_kwh|rate_schedule|delivery_charges|generation_charges|peak_kw|demand_charges|monthly_therms|gas_rate_schedule|demand_charge_rate|annual_therms|time_of_use_periods|monthly_water_use|water_unit|sewer_cost|meter_size|irrigation_meter_present","equipment_category","financing","contractor_quote_required","needs_quote","low","true"
"SOURCE_DSIRE:dsire_program_id:22658","grant_funding","ev_charging_site_load","bill_savings|upfront_cost_reduction","agriculture_only","none|electric","project_cost_estimate","contractor_quote_amount|peak_kw|demand_charge_rate|time_of_use_periods","equipment_category|project_timing","grant_amount","contractor_quote_required","needs_quote","high","true"
"SOURCE_CA_ENERGY_COMMISSION:cec_solicitation_number:RFQ-22-401","grant_funding","","upfront_cost_reduction","business_relevant","none","project_cost_estimate","contractor_quote_amount","equipment_category|project_timing","grant_amount","contractor_quote_required","needs_quote","high","false"
"SOURCE_SDGE_BUSINESS:program_url:mendotagroup_com_sdge_grid_lodging","project_cost_reduction_only","","upfront_cost_reduction","business_relevant","none","project_cost_estimate","contractor_quote_amount|quote_date","equipment_category","per_unit","benchmark_range","needs_equipment_details","high","false"
"SOURCE_DSIRE:dsire_program_id:2108","financing_cash_flow","","financing","residential_only","none","project_cost_estimate|interest_rate|financing_term_years","down_payment|contractor_quote_amount","equipment_category","financing","contractor_quote_required","needs_quote","low","true"
"SOURCE_DSIRE:dsire_program_id:2511","program_rule_value_only","","policy_or_permitting","mixed","none","","service_address|utility_provider","project_timing","unknown","unknown","policy_only","low","true"
"SOURCE_CA_ENERGY_COMMISSION:cec_solicitation_number:RFP-22-801","grant_funding","","upfront_cost_reduction","business_relevant","none","project_cost_estimate","contractor_quote_amount","equipment_category|project_timing","grant_amount","contractor_quote_required","needs_quote","high","false"
"SOURCE_DSIRE:dsire_program_id:2665","motor_vfd_efficiency","","bill_savings|upfront_cost_reduction","mixed","electric","annual_kwh|annual_electric_cost|average_cost_per_kwh","peak_kw|demand_charge_rate|monthly_kwh","equipment_category|quantity","per_unit","cost_per_unit","needs_equipment_details","medium","true"
"SOURCE_DSIRE:dsire_program_id:22248","grant_funding","","upfront_cost_reduction","unknown","none","project_cost_estimate","contractor_quote_amount","equipment_category|project_timing","grant_amount","contractor_quote_required","needs_quote","low","true"
"SOURCE_DSIRE:dsire_program_id:22323","electric_usage_reduction","project_cost_reduction_only","bill_savings|upfront_cost_reduction","residential_only","electric|none","annual_kwh|annual_electric_cost|average_cost_per_kwh","monthly_kwh|rate_schedule|delivery_charges|generation_charges|contractor_quote_amount|quote_date","equipment_category","per_unit","cost_per_unit","needs_bill","low","true"
"SOURCE_DSIRE:dsire_program_id:2588","whole_building_custom_efficiency","electric_usage_reduction|hvac_electric_efficiency|refrigeration_electric_efficiency|motor_vfd_efficiency|controls_building_automation|commercial_kitchen_equipment_efficiency|battery_tou_demand_savings","bill_savings|upfront_cost_reduction","business_relevant","electric","annual_kwh|annual_electric_cost|average_cost_per_kwh","annual_therms|average_cost_per_therm|peak_kw|demand_charge_rate|square_footage|monthly_kwh|rate_schedule|delivery_charges|generation_charges|demand_charges|time_of_use_periods|annual_water_use|annual_water_cost|annual_sewer_cost|annual_kwh|monthly_peak_kw","project_cost_estimate|equipment_category","per_kwh_saved","benchmark_range","needs_bill","medium","true"
"SOURCE_DSIRE:dsire_program_id:22807","ev_charging_site_load","project_cost_reduction_only","bill_savings|upfront_cost_reduction","residential_only","electric|none","rate_schedule|annual_kwh|average_cost_per_kwh","peak_kw|demand_charge_rate|time_of_use_periods|contractor_quote_amount|quote_date","parking_spaces|ownership_status|equipment_category","per_unit","cost_per_unit","needs_quote","low","true"
"SOURCE_DSIRE:dsire_program_id:142","sales_or_property_tax_exemption","","tax_benefit","unknown","none","project_cost_estimate","ownership_status|tax_entity_type|contractor_quote_amount","equipment_category","tax_exemption","benchmark_range","needs_tax_review","low","true"
"SOURCE_DSIRE:dsire_program_id:1596","sales_or_property_tax_exemption","battery_tou_demand_savings","bill_savings|tax_benefit","residential_only","none|electric","project_cost_estimate","ownership_status|tax_entity_type|contractor_quote_amount|annual_kwh|monthly_peak_kw","equipment_category","tax_exemption","benchmark_range","needs_tax_review","low","true"
"SOURCE_DSIRE:dsire_program_id:22564","battery_tou_demand_savings","project_cost_reduction_only","bill_savings|upfront_cost_reduction","mixed","electric|none","rate_schedule|time_of_use_periods|peak_kw|demand_charges|demand_charge_rate|monthly_kwh","annual_kwh|monthly_peak_kw|contractor_quote_amount|quote_date","equipment_category","per_unit","cost_per_kwh_storage","needs_equipment_details","medium","true"
"SOURCE_DSIRE:dsire_program_id:5562","tax_benefit_project_cost_reduction","electric_usage_reduction|controls_building_automation","bill_savings|tax_benefit","residential_only","none|electric","project_cost_estimate|tax_entity_type","ownership_status|tax_appetite_unknown|contractor_quote_amount|monthly_kwh|rate_schedule|delivery_charges|generation_charges|annual_therms|peak_kw|demand_charges|time_of_use_periods","equipment_category","tax_credit","benchmark_range","needs_tax_review","low","true"
"SOURCE_DSIRE:dsire_program_id:5650","grant_funding","electric_usage_reduction|hvac_electric_efficiency","bill_savings|upfront_cost_reduction","business_relevant","none|electric","project_cost_estimate","contractor_quote_amount|monthly_kwh|rate_schedule|delivery_charges|generation_charges|peak_kw|demand_charges","equipment_category|project_timing","grant_amount","contractor_quote_required","needs_quote","medium","true"
"SOURCE_DSIRE:dsire_program_id:5528","whole_building_custom_efficiency","electric_usage_reduction|hvac_electric_efficiency|gas_usage_reduction|refrigeration_electric_efficiency|motor_vfd_efficiency|controls_building_automation|commercial_kitchen_equipment_efficiency|water_sewer_reduction","bill_savings|upfront_cost_reduction","business_relevant","electric|gas|water_sewer","annual_kwh|annual_electric_cost|average_cost_per_kwh","annual_therms|average_cost_per_therm|peak_kw|demand_charge_rate|square_footage|monthly_kwh|rate_schedule|delivery_charges|generation_charges|demand_charges|monthly_therms|gas_rate_schedule|time_of_use_periods|annual_water_use|annual_water_cost|annual_sewer_cost|monthly_water_use|water_unit|sewer_cost|meter_size|irrigation_meter_present","project_cost_estimate|equipment_category","per_kwh_saved","benchmark_range","needs_bill","medium","true"
"SOURCE_DSIRE:dsire_program_id:2084","ev_charging_site_load","project_cost_reduction_only","bill_savings|upfront_cost_reduction","residential_only","electric|none","rate_schedule|annual_kwh|average_cost_per_kwh","peak_kw|demand_charge_rate|time_of_use_periods|contractor_quote_amount|quote_date","parking_spaces|ownership_status|equipment_category","per_unit","cost_per_unit","needs_quote","low","true"
"SOURCE_CA_ENERGY_COMMISSION:cec_url_hash:url_hash:710eb522f987205c","grant_funding","electric_usage_reduction","bill_savings|upfront_cost_reduction","business_relevant","none|electric","project_cost_estimate","contractor_quote_amount|monthly_kwh|rate_schedule|delivery_charges|generation_charges","equipment_category|project_timing","grant_amount","contractor_quote_required","needs_quote","high","false"
"SOURCE_DSIRE:dsire_program_id:2832","sales_or_property_tax_exemption","solar_electric_offset|hvac_electric_efficiency|motor_vfd_efficiency","bill_savings|tax_benefit","mixed","none|electric","project_cost_estimate","ownership_status|tax_entity_type|contractor_quote_amount|time_of_use_periods|demand_charges|generation_charges|delivery_charges|monthly_kwh|peak_kw|rate_schedule|demand_charge_rate","equipment_category","tax_exemption","benchmark_range","needs_tax_review","medium","true"
"SOURCE_DSIRE:dsire_program_id:2437","commercial_kitchen_equipment_efficiency","water_sewer_reduction","bill_savings|upfront_cost_reduction","business_relevant","electric|water_sewer","annual_kwh|annual_electric_cost|average_cost_per_kwh","annual_therms|average_cost_per_therm|annual_water_use|annual_water_cost|annual_sewer_cost|monthly_water_use|water_unit|sewer_cost|meter_size|irrigation_meter_present","equipment_category|quantity","per_unit","cost_per_unit","needs_equipment_details","medium","true"
"SOURCE_DSIRE:dsire_program_id:22793","grant_funding","solar_electric_offset|controls_building_automation","bill_savings|upfront_cost_reduction","public_nonprofit_only","none|electric","project_cost_estimate","contractor_quote_amount|time_of_use_periods|demand_charges|generation_charges|delivery_charges|annual_therms|peak_kw","equipment_category|project_timing","grant_amount","contractor_quote_required","needs_quote","high","true"
"SOURCE_DSIRE:dsire_program_id:3579","ev_charging_site_load","project_cost_reduction_only","bill_savings|upfront_cost_reduction","mixed","electric|none","rate_schedule|annual_kwh|average_cost_per_kwh","peak_kw|demand_charge_rate|time_of_use_periods|contractor_quote_amount|quote_date","parking_spaces|ownership_status|equipment_category","per_unit","cost_per_unit","needs_quote","medium","true"
"SOURCE_DSIRE:dsire_program_id:22723","financing_cash_flow","electric_usage_reduction|hvac_electric_efficiency|controls_building_automation|commercial_kitchen_equipment_efficiency","bill_savings|financing","mixed","none|electric","project_cost_estimate|interest_rate|financing_term_years","down_payment|contractor_quote_amount|monthly_kwh|rate_schedule|delivery_charges|generation_charges|peak_kw|demand_charges|annual_therms|time_of_use_periods|average_cost_per_therm|annual_water_use|annual_water_cost|annual_sewer_cost","equipment_category","financing","contractor_quote_required","needs_quote","medium","true"
"SOURCE_DSIRE:dsire_program_id:4229","financing_cash_flow","electric_usage_reduction|hvac_electric_efficiency|gas_usage_reduction|motor_vfd_efficiency|controls_building_automation","bill_savings|financing","residential_only","none|electric|gas","project_cost_estimate|interest_rate|financing_term_years","down_payment|contractor_quote_amount|monthly_kwh|rate_schedule|delivery_charges|generation_charges|peak_kw|demand_charges|monthly_therms|gas_rate_schedule|demand_charge_rate|annual_therms|time_of_use_periods","equipment_category","financing","contractor_quote_required","needs_quote","low","true"
"SOURCE_DSIRE:dsire_program_id:2650","whole_building_custom_efficiency","electric_usage_reduction|hvac_electric_efficiency|gas_usage_reduction|refrigeration_electric_efficiency|motor_vfd_efficiency|commercial_kitchen_equipment_efficiency|water_sewer_reduction","bill_savings|upfront_cost_reduction","residential_only","electric|gas|water_sewer","annual_kwh|annual_electric_cost|average_cost_per_kwh","annual_therms|average_cost_per_therm|peak_kw|demand_charge_rate|square_footage|monthly_kwh|rate_schedule|delivery_charges|generation_charges|demand_charges|monthly_therms|gas_rate_schedule|annual_water_use|annual_water_cost|annual_sewer_cost|monthly_water_use|water_unit|sewer_cost|meter_size|irrigation_meter_present","project_cost_estimate|equipment_category","per_kwh_saved","benchmark_range","needs_bill","low","true"
"SOURCE_DSIRE:dsire_program_code_title_hash:VA74F:6d5c0a1964f2","no_direct_savings","","no_direct_savings","unknown","none","","","","unknown","unknown","unknown","low","true"
"SOURCE_DSIRE:dsire_program_code_title_hash:TX87F:8e58dcb07404","no_direct_savings","","no_direct_savings","unknown","none","","","","unknown","unknown","unknown","low","true"
"SOURCE_DSIRE:dsire_program_id:3870","pace_or_on_bill_financing","","financing","mixed","none","project_cost_estimate|financing_term_years|interest_rate","ownership_status|down_payment|annual_electric_cost|annual_gas_cost","ownership_status","financing","contractor_quote_required","needs_quote","medium","true"
"SOURCE_DSIRE:dsire_program_id:4528","motor_vfd_efficiency","","bill_savings|upfront_cost_reduction","business_relevant","electric","annual_kwh|annual_electric_cost|average_cost_per_kwh","peak_kw|demand_charge_rate|monthly_kwh","equipment_category|quantity","per_unit","cost_per_unit","needs_equipment_details","medium","true"
"SOURCE_DSIRE:dsire_program_id:4493","whole_building_custom_efficiency","electric_usage_reduction|hvac_electric_efficiency|gas_usage_reduction|refrigeration_electric_efficiency|motor_vfd_efficiency|controls_building_automation|commercial_kitchen_equipment_efficiency|battery_tou_demand_savings|water_sewer_reduction","bill_savings|upfront_cost_reduction","mixed","electric|gas|water_sewer","annual_kwh|annual_electric_cost|average_cost_per_kwh","annual_therms|average_cost_per_therm|peak_kw|demand_charge_rate|square_footage|monthly_kwh|rate_schedule|delivery_charges|generation_charges|demand_charges|monthly_therms|gas_rate_schedule|time_of_use_periods|annual_water_use|annual_water_cost|annual_sewer_cost|annual_kwh|monthly_peak_kw|monthly_water_use|water_unit|sewer_cost|meter_size|irrigation_meter_present","project_cost_estimate|equipment_category","per_kwh_saved","benchmark_range","needs_bill","medium","true"
"SOURCE_DSIRE:dsire_program_id:4656","commercial_kitchen_equipment_efficiency","water_sewer_reduction","bill_savings|upfront_cost_reduction","business_relevant","electric|water_sewer","annual_kwh|annual_electric_cost|average_cost_per_kwh","annual_therms|average_cost_per_therm|annual_water_use|annual_water_cost|annual_sewer_cost|monthly_water_use|water_unit|sewer_cost|meter_size|irrigation_meter_present","equipment_category|quantity","per_unit","cost_per_unit","needs_equipment_details","medium","true"
"SOURCE_DSIRE:dsire_program_id:5946","commercial_kitchen_equipment_efficiency","water_sewer_reduction","bill_savings|upfront_cost_reduction","business_relevant","electric|water_sewer","annual_kwh|annual_electric_cost|average_cost_per_kwh","annual_therms|average_cost_per_therm|annual_water_use|annual_water_cost|annual_sewer_cost|monthly_water_use|water_unit|sewer_cost|meter_size|irrigation_meter_present","equipment_category|quantity","per_unit","cost_per_unit","needs_equipment_details","medium","true"
"SOURCE_DSIRE:dsire_program_id:5037","commercial_kitchen_equipment_efficiency","water_sewer_reduction","bill_savings|upfront_cost_reduction","business_relevant","electric|water_sewer","annual_kwh|annual_electric_cost|average_cost_per_kwh","annual_therms|average_cost_per_therm|annual_water_use|annual_water_cost|annual_sewer_cost|monthly_water_use|water_unit|sewer_cost|meter_size|irrigation_meter_present","equipment_category|quantity","per_unit","cost_per_unit","needs_equipment_details","medium","true"
"SOURCE_DSIRE:dsire_program_id:5170","whole_building_custom_efficiency","electric_usage_reduction|hvac_electric_efficiency|gas_usage_reduction|motor_vfd_efficiency|controls_building_automation","bill_savings|upfront_cost_reduction","public_nonprofit_only","electric|gas","annual_kwh|annual_electric_cost|average_cost_per_kwh","annual_therms|average_cost_per_therm|peak_kw|demand_charge_rate|square_footage|monthly_kwh|rate_schedule|delivery_charges|generation_charges|demand_charges|monthly_therms|gas_rate_schedule|time_of_use_periods","project_cost_estimate|equipment_category","per_kwh_saved","benchmark_range","needs_bill","medium","true"
"SOURCE_DSIRE:dsire_program_id:207","financing_cash_flow","electric_usage_reduction|hvac_electric_efficiency","bill_savings|financing","residential_only","none|electric","project_cost_estimate|interest_rate|financing_term_years","down_payment|contractor_quote_amount|monthly_kwh|rate_schedule|delivery_charges|generation_charges|peak_kw|demand_charges","equipment_category","financing","contractor_quote_required","needs_quote","low","true"
"SOURCE_DSIRE:dsire_program_id:2272","financing_cash_flow","hvac_electric_efficiency|motor_vfd_efficiency","bill_savings|financing","residential_only","none|electric","project_cost_estimate|interest_rate|financing_term_years","down_payment|contractor_quote_amount|monthly_kwh|peak_kw|demand_charges|rate_schedule|demand_charge_rate","equipment_category","financing","contractor_quote_required","needs_quote","low","true"
"SOURCE_DSIRE:dsire_program_id:4387","net_metering_or_export_value","solar_electric_offset","bill_savings|policy_or_permitting","mixed","electric","annual_kwh|monthly_kwh|rate_schedule","time_of_use_periods|generation_charges|delivery_charges|demand_charges","equipment_category|roof_area","unknown","unknown","policy_only","low","true"
"SOURCE_DSIRE:dsire_program_id:22220","grant_funding","","upfront_cost_reduction","public_nonprofit_only","none","project_cost_estimate","contractor_quote_amount","equipment_category|project_timing","grant_amount","contractor_quote_required","needs_quote","high","true"
"SOURCE_DSIRE:dsire_program_id:5733","motor_vfd_efficiency","","bill_savings|upfront_cost_reduction","residential_only","electric","annual_kwh|annual_electric_cost|average_cost_per_kwh","peak_kw|demand_charge_rate|monthly_kwh","equipment_category|quantity","per_unit","cost_per_unit","needs_equipment_details","low","true"
"SOURCE_DSIRE:dsire_program_id:22160","grant_funding","","upfront_cost_reduction","public_nonprofit_only","none","project_cost_estimate","contractor_quote_amount","equipment_category|project_timing","grant_amount","contractor_quote_required","needs_quote","high","true"
"SOURCE_DSIRE:dsire_program_id:206","financing_cash_flow","","financing","agriculture_only","none","project_cost_estimate|interest_rate|financing_term_years","down_payment|contractor_quote_amount","equipment_category","financing","contractor_quote_required","needs_quote","high","true"
"SOURCE_CA_ENERGY_COMMISSION:cec_solicitation_number:GFO-22-610","grant_funding","","upfront_cost_reduction","business_relevant","none","project_cost_estimate","contractor_quote_amount","equipment_category|project_timing","grant_amount","contractor_quote_required","needs_quote","high","false"
"SOURCE_DSIRE:dsire_program_id:2264","ev_charging_site_load","project_cost_reduction_only","bill_savings|upfront_cost_reduction","residential_only","electric|none","rate_schedule|annual_kwh|average_cost_per_kwh","peak_kw|demand_charge_rate|time_of_use_periods|contractor_quote_amount|quote_date","parking_spaces|ownership_status|equipment_category","per_unit","cost_per_unit","needs_quote","low","true"
"SOURCE_DSIRE:dsire_program_id:3507","whole_building_custom_efficiency","electric_usage_reduction|hvac_electric_efficiency|gas_usage_reduction|refrigeration_electric_efficiency|motor_vfd_efficiency|controls_building_automation|water_sewer_reduction","bill_savings|upfront_cost_reduction","residential_only","electric|gas|water_sewer","annual_kwh|annual_electric_cost|average_cost_per_kwh","annual_therms|average_cost_per_therm|peak_kw|demand_charge_rate|square_footage|monthly_kwh|rate_schedule|delivery_charges|generation_charges|demand_charges|monthly_therms|gas_rate_schedule|time_of_use_periods|monthly_water_use|water_unit|sewer_cost|meter_size|irrigation_meter_present","project_cost_estimate|equipment_category","per_kwh_saved","benchmark_range","needs_bill","low","true"
"SOURCE_DSIRE:dsire_program_id:3602","program_rule_value_only","","policy_or_permitting","mixed","none","","service_address|utility_provider","project_timing","unknown","unknown","policy_only","low","true"
"SOURCE_DSIRE:dsire_program_id:22637","grant_funding","ev_charging_site_load","bill_savings|upfront_cost_reduction","unknown","none|electric","project_cost_estimate","contractor_quote_amount|peak_kw|demand_charge_rate|time_of_use_periods","equipment_category|project_timing","grant_amount","contractor_quote_required","needs_quote","low","true"
"SOURCE_DSIRE:dsire_program_id:2279","electric_usage_reduction","project_cost_reduction_only","bill_savings|upfront_cost_reduction","business_relevant","electric|none","annual_kwh|annual_electric_cost|average_cost_per_kwh","monthly_kwh|rate_schedule|delivery_charges|generation_charges|contractor_quote_amount|quote_date","equipment_category","per_unit","cost_per_unit","needs_bill","medium","true"
"SOURCE_DSIRE:dsire_program_id:3264","hvac_electric_efficiency","project_cost_reduction_only","bill_savings|upfront_cost_reduction","agriculture_only","electric|none","annual_kwh|annual_electric_cost|average_cost_per_kwh","monthly_kwh|peak_kw|demand_charges|rate_schedule|contractor_quote_amount|quote_date","equipment_category|square_footage","per_unit","cost_per_unit","needs_bill","medium","true"
"SOURCE_DSIRE:dsire_program_id:4640","hvac_electric_efficiency","project_cost_reduction_only","bill_savings|upfront_cost_reduction","residential_only","electric|none","annual_kwh|annual_electric_cost|average_cost_per_kwh","monthly_kwh|peak_kw|demand_charges|rate_schedule|contractor_quote_amount|quote_date","equipment_category|square_footage","per_unit","cost_per_unit","needs_bill","low","true"
"SOURCE_DSIRE:dsire_program_id:3100","program_rule_value_only","","policy_or_permitting","mixed","none","","service_address|utility_provider","project_timing","unknown","unknown","policy_only","low","true"
"SOURCE_DSIRE:dsire_program_id:5167","refrigeration_electric_efficiency","electric_usage_reduction","bill_savings|upfront_cost_reduction","business_relevant","electric","annual_kwh|annual_electric_cost|average_cost_per_kwh","monthly_kwh|peak_kw|demand_charges|rate_schedule|delivery_charges|generation_charges","equipment_category|quantity","per_unit","cost_per_unit","needs_equipment_details","medium","true"
"SOURCE_DSIRE:dsire_program_id:22340","project_cost_reduction_only","","upfront_cost_reduction","mixed","none","project_cost_estimate","contractor_quote_amount|quote_date","equipment_category","per_unit","benchmark_range","needs_equipment_details","medium","true"
"SOURCE_DSIRE:dsire_program_id:22101","commercial_kitchen_equipment_efficiency","water_sewer_reduction","bill_savings|upfront_cost_reduction","mixed","electric|water_sewer","annual_kwh|annual_electric_cost|average_cost_per_kwh","annual_therms|average_cost_per_therm|annual_water_use|annual_water_cost|annual_sewer_cost|monthly_water_use|water_unit|sewer_cost|meter_size|irrigation_meter_present","equipment_category|quantity","per_unit","cost_per_unit","needs_equipment_details","high","true"
"SOURCE_DSIRE:dsire_program_id:5238","gas_usage_reduction","project_cost_reduction_only","bill_savings|upfront_cost_reduction","residential_only","gas|none","annual_therms|annual_gas_cost|average_cost_per_therm","monthly_therms|gas_rate_schedule|contractor_quote_amount|quote_date","equipment_category","per_unit","cost_per_unit","needs_bill","low","true"
"SOURCE_DSIRE:dsire_program_id:2415","whole_building_custom_efficiency","electric_usage_reduction|hvac_electric_efficiency|gas_usage_reduction|motor_vfd_efficiency|controls_building_automation|commercial_kitchen_equipment_efficiency|water_sewer_reduction","bill_savings|upfront_cost_reduction","business_relevant","electric|gas|water_sewer","annual_kwh|annual_electric_cost|average_cost_per_kwh","annual_therms|average_cost_per_therm|peak_kw|demand_charge_rate|square_footage|monthly_kwh|rate_schedule|delivery_charges|generation_charges|demand_charges|monthly_therms|gas_rate_schedule|time_of_use_periods|annual_water_use|annual_water_cost|annual_sewer_cost|monthly_water_use|water_unit|sewer_cost|meter_size|irrigation_meter_present","project_cost_estimate|equipment_category","per_kwh_saved","benchmark_range","needs_bill","medium","true"
"SOURCE_DSIRE:dsire_program_id:22254","grant_funding","battery_tou_demand_savings","bill_savings|upfront_cost_reduction","public_nonprofit_only","none|electric","project_cost_estimate","contractor_quote_amount|annual_kwh|monthly_peak_kw","equipment_category|project_timing","grant_amount","contractor_quote_required","needs_quote","high","true"
"SOURCE_DSIRE:dsire_program_id:3106","sales_or_property_tax_exemption","electric_usage_reduction|solar_electric_offset|hvac_electric_efficiency|motor_vfd_efficiency","bill_savings|tax_benefit","residential_only","none|electric","project_cost_estimate","ownership_status|tax_entity_type|contractor_quote_amount|monthly_kwh|rate_schedule|delivery_charges|generation_charges|time_of_use_periods|demand_charges|peak_kw|demand_charge_rate","equipment_category","tax_exemption","benchmark_range","needs_tax_review","low","true"
"SOURCE_DSIRE:dsire_program_id:2742","sales_or_property_tax_exemption","solar_electric_offset","bill_savings|tax_benefit","business_relevant","none|electric","project_cost_estimate","ownership_status|tax_entity_type|contractor_quote_amount|time_of_use_periods|demand_charges|generation_charges|delivery_charges","equipment_category","tax_exemption","benchmark_range","needs_tax_review","medium","false"
"SOURCE_DSIRE:dsire_program_id:3391","ev_charging_site_load","project_cost_reduction_only","bill_savings|upfront_cost_reduction","residential_only","electric|none","rate_schedule|annual_kwh|average_cost_per_kwh","peak_kw|demand_charge_rate|time_of_use_periods|contractor_quote_amount|quote_date","parking_spaces|ownership_status|equipment_category","per_unit","cost_per_unit","needs_quote","low","true"
"SOURCE_DSIRE:dsire_program_id:5540","financing_cash_flow","solar_electric_offset","bill_savings|financing","mixed","none|electric","project_cost_estimate|interest_rate|financing_term_years","down_payment|contractor_quote_amount|time_of_use_periods|demand_charges|generation_charges|delivery_charges","equipment_category","financing","contractor_quote_required","needs_quote","medium","true"
"SOURCE_DSIRE:dsire_program_id:22707","project_cost_reduction_only","controls_building_automation","bill_savings|upfront_cost_reduction","residential_only","none|electric","project_cost_estimate","contractor_quote_amount|quote_date|annual_therms|peak_kw|demand_charges|time_of_use_periods","equipment_category","per_unit","benchmark_range","needs_equipment_details","low","true"
"SOURCE_DSIRE:dsire_program_id:22708","ev_charging_site_load","project_cost_reduction_only","bill_savings|upfront_cost_reduction","residential_only","electric|none","rate_schedule|annual_kwh|average_cost_per_kwh","peak_kw|demand_charge_rate|time_of_use_periods|contractor_quote_amount|quote_date","parking_spaces|ownership_status|equipment_category","per_unit","cost_per_unit","needs_quote","low","true"
"SOURCE_DSIRE:dsire_program_id:5349","financing_cash_flow","solar_electric_offset|hvac_electric_efficiency|gas_usage_reduction|motor_vfd_efficiency|ev_charging_site_load|battery_tou_demand_savings","bill_savings|financing","residential_only","none|electric|gas","project_cost_estimate|interest_rate|financing_term_years","down_payment|contractor_quote_amount|time_of_use_periods|demand_charges|generation_charges|delivery_charges|monthly_kwh|peak_kw|rate_schedule|monthly_therms|gas_rate_schedule|demand_charge_rate|annual_kwh|monthly_peak_kw","equipment_category","financing","contractor_quote_required","needs_quote","low","true"
"SOURCE_DSIRE:dsire_program_id:2416","motor_vfd_efficiency","","bill_savings|upfront_cost_reduction","residential_only","electric","annual_kwh|annual_electric_cost|average_cost_per_kwh","peak_kw|demand_charge_rate|monthly_kwh","equipment_category|quantity","per_unit","cost_per_unit","needs_equipment_details","low","true"
"SOURCE_DSIRE:dsire_program_id:2913","whole_building_custom_efficiency","hvac_electric_efficiency|gas_usage_reduction|motor_vfd_efficiency|controls_building_automation","bill_savings|upfront_cost_reduction","residential_only","electric|gas","annual_kwh|annual_electric_cost|average_cost_per_kwh","annual_therms|average_cost_per_therm|peak_kw|demand_charge_rate|square_footage|monthly_kwh|demand_charges|rate_schedule|monthly_therms|gas_rate_schedule|time_of_use_periods","project_cost_estimate|equipment_category","per_kwh_saved","benchmark_range","needs_bill","low","true"
"SOURCE_DSIRE:dsire_program_id:333","tax_benefit_project_cost_reduction","electric_usage_reduction|battery_tou_demand_savings","bill_savings|tax_benefit","mixed","none|electric","project_cost_estimate|tax_entity_type","ownership_status|tax_appetite_unknown|contractor_quote_amount|monthly_kwh|rate_schedule|delivery_charges|generation_charges|annual_kwh|monthly_peak_kw","equipment_category","tax_credit","benchmark_range","needs_tax_review","medium","true"
"SOURCE_CA_ENERGY_COMMISSION:cec_solicitation_number:GFO-24-602","grant_funding","","upfront_cost_reduction","business_relevant","none","project_cost_estimate","contractor_quote_amount","equipment_category|project_timing","grant_amount","contractor_quote_required","needs_quote","high","false"
"SOURCE_DSIRE:dsire_program_id:22526","fleet_fuel_replacement","ev_charging_site_load","bill_savings|upfront_cost_reduction","unknown","fuel|electric","annual_gallons|annual_fuel_cost|average_cost_per_gallon|vehicle_count","estimated_miles|fuel_type|monthly_fuel_cost|rate_schedule|average_cost_per_kwh|peak_kw|demand_charge_rate|time_of_use_periods","vehicle_count","per_unit","cost_per_unit","needs_equipment_details","low","true"
"SOURCE_CA_ENERGY_COMMISSION:cec_solicitation_number:GFO-20-609","grant_funding","","upfront_cost_reduction","business_relevant","none","project_cost_estimate","contractor_quote_amount","equipment_category|project_timing","grant_amount","contractor_quote_required","needs_quote","high","false"
"SOURCE_DSIRE:dsire_program_id:4026","sales_or_property_tax_exemption","electric_usage_reduction","bill_savings|tax_benefit","mixed","none|electric","project_cost_estimate","ownership_status|tax_entity_type|contractor_quote_amount|monthly_kwh|rate_schedule|delivery_charges|generation_charges","equipment_category","tax_exemption","benchmark_range","needs_tax_review","medium","true"
"SOURCE_DSIRE:dsire_program_id:1613","fleet_fuel_replacement","ev_charging_site_load","bill_savings|upfront_cost_reduction","business_relevant","fuel|electric","annual_gallons|annual_fuel_cost|average_cost_per_gallon|vehicle_count","estimated_miles|fuel_type|monthly_fuel_cost|rate_schedule|average_cost_per_kwh|peak_kw|demand_charge_rate|time_of_use_periods","vehicle_count","per_unit","cost_per_unit","needs_equipment_details","medium","true"
"SOURCE_DSIRE:dsire_program_id:5163","ev_charging_site_load","project_cost_reduction_only","bill_savings|upfront_cost_reduction","business_relevant","electric|none","rate_schedule|annual_kwh|average_cost_per_kwh","peak_kw|demand_charge_rate|time_of_use_periods|contractor_quote_amount|quote_date","parking_spaces|ownership_status|equipment_category","per_unit","cost_per_unit","needs_quote","medium","true"
"SOURCE_DSIRE:dsire_program_id:2050","whole_building_custom_efficiency","electric_usage_reduction|hvac_electric_efficiency|refrigeration_electric_efficiency|motor_vfd_efficiency|controls_building_automation","bill_savings|upfront_cost_reduction","business_relevant","electric","annual_kwh|annual_electric_cost|average_cost_per_kwh","annual_therms|average_cost_per_therm|peak_kw|demand_charge_rate|square_footage|monthly_kwh|rate_schedule|delivery_charges|generation_charges|demand_charges|time_of_use_periods","project_cost_estimate|equipment_category","per_kwh_saved","benchmark_range","needs_bill","medium","true"
"SOURCE_DSIRE:dsire_program_id:2694","motor_vfd_efficiency","","bill_savings|upfront_cost_reduction","residential_only","electric","annual_kwh|annual_electric_cost|average_cost_per_kwh","peak_kw|demand_charge_rate|monthly_kwh","equipment_category|quantity","per_unit","cost_per_unit","needs_equipment_details","low","true"
"SOURCE_CA_ENERGY_COMMISSION:cec_solicitation_number:GFO-25-606","grant_funding","","upfront_cost_reduction","business_relevant","none","project_cost_estimate","contractor_quote_amount","equipment_category|project_timing","grant_amount","contractor_quote_required","needs_quote","high","false"
"SOURCE_DSIRE:dsire_program_id:3413","fleet_fuel_replacement","ev_charging_site_load","bill_savings|upfront_cost_reduction","business_relevant","fuel|electric","annual_gallons|annual_fuel_cost|average_cost_per_gallon|vehicle_count","estimated_miles|fuel_type|monthly_fuel_cost|rate_schedule|average_cost_per_kwh|peak_kw|demand_charge_rate|time_of_use_periods","vehicle_count","per_unit","cost_per_unit","needs_equipment_details","medium","true"
"SOURCE_DSIRE:dsire_program_id:154","sales_or_property_tax_exemption","solar_electric_offset|hvac_electric_efficiency|motor_vfd_efficiency","bill_savings|tax_benefit","mixed","none|electric","project_cost_estimate","ownership_status|tax_entity_type|contractor_quote_amount|time_of_use_periods|demand_charges|generation_charges|delivery_charges|monthly_kwh|peak_kw|rate_schedule|demand_charge_rate","equipment_category","tax_exemption","benchmark_range","needs_tax_review","medium","true"
"SOURCE_DSIRE:dsire_program_id:3909","controls_building_automation","","bill_savings|upfront_cost_reduction","residential_only","electric","annual_kwh|rate_schedule","annual_therms|peak_kw|demand_charges|time_of_use_periods","square_footage|equipment_category","per_unit","benchmark_range","needs_equipment_details","low","true"
"SOURCE_CA_ENERGY_COMMISSION:cec_solicitation_number:​​​​GFO-22-303","grant_funding","","upfront_cost_reduction","business_relevant","none","project_cost_estimate","contractor_quote_amount","equipment_category|project_timing","grant_amount","contractor_quote_required","needs_quote","high","false"
"SOURCE_DSIRE:dsire_program_id:22809","ev_charging_site_load","project_cost_reduction_only","bill_savings|upfront_cost_reduction","business_relevant","electric|none","rate_schedule|annual_kwh|average_cost_per_kwh","peak_kw|demand_charge_rate|time_of_use_periods|contractor_quote_amount|quote_date","parking_spaces|ownership_status|equipment_category","per_unit","cost_per_unit","needs_quote","medium","true"
"SOURCE_DSIRE:dsire_program_id:3531","pace_or_on_bill_financing","","financing","mixed","none","project_cost_estimate|financing_term_years|interest_rate","ownership_status|down_payment|annual_electric_cost|annual_gas_cost","ownership_status","financing","contractor_quote_required","needs_quote","high","true"
"SOURCE_DSIRE:dsire_program_id:22256","tax_benefit_project_cost_reduction","electric_usage_reduction|ev_charging_site_load","bill_savings|tax_benefit","business_relevant","none|electric","project_cost_estimate|tax_entity_type","ownership_status|tax_appetite_unknown|contractor_quote_amount|monthly_kwh|rate_schedule|delivery_charges|generation_charges|peak_kw|demand_charge_rate|time_of_use_periods","equipment_category","tax_credit","benchmark_range","needs_tax_review","medium","true"
"SOURCE_DSIRE:dsire_program_id:2474","refrigeration_electric_efficiency","electric_usage_reduction","bill_savings|upfront_cost_reduction","mixed","electric","annual_kwh|annual_electric_cost|average_cost_per_kwh","monthly_kwh|peak_kw|demand_charges|rate_schedule|delivery_charges|generation_charges","equipment_category|quantity","per_unit","cost_per_unit","needs_equipment_details","medium","true"
"SOURCE_DSIRE:dsire_program_id:22122","fleet_fuel_replacement","ev_charging_site_load","bill_savings|upfront_cost_reduction","business_relevant","fuel|electric","annual_gallons|annual_fuel_cost|average_cost_per_gallon|vehicle_count","estimated_miles|fuel_type|monthly_fuel_cost|rate_schedule|average_cost_per_kwh|peak_kw|demand_charge_rate|time_of_use_periods","vehicle_count","per_unit","cost_per_unit","needs_equipment_details","medium","true"
"SOURCE_DSIRE:dsire_program_id:5411","envelope_insulation_savings","project_cost_reduction_only","bill_savings|upfront_cost_reduction","residential_only","gas|none","annual_therms|annual_gas_cost|average_cost_per_therm","annual_kwh|average_cost_per_kwh|square_footage|contractor_quote_amount|quote_date","square_footage|equipment_category","per_unit","cost_per_sqft","needs_bill","low","true"
"SOURCE_DSIRE:dsire_program_id:2631","hvac_electric_efficiency","project_cost_reduction_only","bill_savings|upfront_cost_reduction","mixed","electric|none","annual_kwh|annual_electric_cost|average_cost_per_kwh","monthly_kwh|peak_kw|demand_charges|rate_schedule|contractor_quote_amount|quote_date","equipment_category|square_footage","per_unit","cost_per_unit","needs_bill","medium","true"
"SOURCE_DSIRE:dsire_program_id:5007","commercial_kitchen_equipment_efficiency","water_sewer_reduction","bill_savings|upfront_cost_reduction","business_relevant","electric|water_sewer","annual_kwh|annual_electric_cost|average_cost_per_kwh","annual_therms|average_cost_per_therm|annual_water_use|annual_water_cost|annual_sewer_cost|monthly_water_use|water_unit|sewer_cost|meter_size|irrigation_meter_present","equipment_category|quantity","per_unit","cost_per_unit","needs_equipment_details","medium","true"
"SOURCE_DSIRE:dsire_program_id:5823","hvac_electric_efficiency","project_cost_reduction_only","bill_savings|upfront_cost_reduction","mixed","electric|none","annual_kwh|annual_electric_cost|average_cost_per_kwh","monthly_kwh|peak_kw|demand_charges|rate_schedule|contractor_quote_amount|quote_date","equipment_category|square_footage","per_unit","cost_per_unit","needs_bill","medium","true"
"SOURCE_DSIRE:dsire_program_id:2842","sales_or_property_tax_exemption","solar_electric_offset|battery_tou_demand_savings","bill_savings|tax_benefit","mixed","none|electric","project_cost_estimate","ownership_status|tax_entity_type|contractor_quote_amount|time_of_use_periods|demand_charges|generation_charges|delivery_charges|annual_kwh|monthly_peak_kw","equipment_category","tax_exemption","benchmark_range","needs_tax_review","medium","true"
"SOURCE_DSIRE:dsire_program_id:5427","sales_or_property_tax_exemption","","tax_benefit","public_nonprofit_only","none","project_cost_estimate","ownership_status|tax_entity_type|contractor_quote_amount","equipment_category","tax_exemption","benchmark_range","needs_tax_review","medium","true"
"SOURCE_CA_ENERGY_COMMISSION:cec_solicitation_number:​​​​​​​GFO-25-604","grant_funding","ev_charging_site_load","bill_savings|upfront_cost_reduction","business_relevant","none|electric","project_cost_estimate","contractor_quote_amount|peak_kw|demand_charge_rate|time_of_use_periods","equipment_category|project_timing","grant_amount","contractor_quote_required","needs_quote","high","false"
"SOURCE_DSIRE:dsire_program_id:3157","ev_charging_site_load","project_cost_reduction_only","bill_savings|upfront_cost_reduction","residential_only","electric|none","rate_schedule|annual_kwh|average_cost_per_kwh","peak_kw|demand_charge_rate|time_of_use_periods|contractor_quote_amount|quote_date","parking_spaces|ownership_status|equipment_category","per_unit","cost_per_unit","needs_quote","low","true"
"SOURCE_DSIRE:dsire_program_id:2513","financing_cash_flow","gas_usage_reduction|commercial_kitchen_equipment_efficiency","bill_savings|financing","mixed","none|gas|electric","project_cost_estimate|interest_rate|financing_term_years","down_payment|contractor_quote_amount|monthly_therms|gas_rate_schedule|annual_therms|average_cost_per_therm|annual_water_use|annual_water_cost|annual_sewer_cost","equipment_category","financing","contractor_quote_required","needs_quote","medium","true"
"SOURCE_DSIRE:dsire_program_id:22262","battery_tou_demand_savings","project_cost_reduction_only","bill_savings|upfront_cost_reduction","residential_only","electric|none","rate_schedule|time_of_use_periods|peak_kw|demand_charges|demand_charge_rate|monthly_kwh","annual_kwh|monthly_peak_kw|contractor_quote_amount|quote_date","equipment_category","per_unit","cost_per_kwh_storage","needs_equipment_details","low","true"
"SOURCE_DSIRE:dsire_program_id:2466","program_rule_value_only","","policy_or_permitting","mixed","none","","service_address|utility_provider","project_timing","unknown","unknown","policy_only","low","true"
"SOURCE_DSIRE:dsire_program_id:22656","grant_funding","ev_charging_site_load","bill_savings|upfront_cost_reduction","agriculture_only","none|electric","project_cost_estimate","contractor_quote_amount|peak_kw|demand_charge_rate|time_of_use_periods","equipment_category|project_timing","grant_amount","contractor_quote_required","needs_quote","high","true"
"SOURCE_DSIRE:dsire_program_id:22394","ev_charging_site_load","project_cost_reduction_only","bill_savings|upfront_cost_reduction","mixed","electric|none","rate_schedule|annual_kwh|average_cost_per_kwh","peak_kw|demand_charge_rate|time_of_use_periods|contractor_quote_amount|quote_date","parking_spaces|ownership_status|equipment_category","per_unit","cost_per_unit","needs_quote","high","true"
"SOURCE_DSIRE:dsire_program_id:3905","gas_usage_reduction","project_cost_reduction_only","bill_savings|upfront_cost_reduction","residential_only","gas|none","annual_therms|annual_gas_cost|average_cost_per_therm","monthly_therms|gas_rate_schedule|contractor_quote_amount|quote_date","equipment_category","per_unit","cost_per_unit","needs_bill","low","true"
"SOURCE_DSIRE:dsire_program_id:506","gas_usage_reduction","project_cost_reduction_only","bill_savings|upfront_cost_reduction","mixed","gas|none","annual_therms|annual_gas_cost|average_cost_per_therm","monthly_therms|gas_rate_schedule|contractor_quote_amount|quote_date","equipment_category","per_unit","cost_per_unit","needs_bill","medium","true"
"SOURCE_DSIRE:dsire_program_id:3796","project_cost_reduction_only","","upfront_cost_reduction","residential_only","none","project_cost_estimate","contractor_quote_amount|quote_date","equipment_category","per_unit","benchmark_range","needs_equipment_details","low","true"
"SOURCE_DSIRE:dsire_program_id:22089","solar_electric_offset","project_cost_reduction_only","bill_savings|upfront_cost_reduction","residential_only","electric|none","annual_kwh|monthly_kwh|average_cost_per_kwh|rate_schedule","time_of_use_periods|demand_charges|generation_charges|delivery_charges|contractor_quote_amount|quote_date","roof_area|ownership_status","per_kw","cost_per_kw","needs_bill","low","true"
"SOURCE_DSIRE:dsire_program_id:1947","whole_building_custom_efficiency","electric_usage_reduction|hvac_electric_efficiency|refrigeration_electric_efficiency|motor_vfd_efficiency|commercial_kitchen_equipment_efficiency|water_sewer_reduction","bill_savings|upfront_cost_reduction","residential_only","electric|water_sewer","annual_kwh|annual_electric_cost|average_cost_per_kwh","annual_therms|average_cost_per_therm|peak_kw|demand_charge_rate|square_footage|monthly_kwh|rate_schedule|delivery_charges|generation_charges|demand_charges|annual_water_use|annual_water_cost|annual_sewer_cost|monthly_water_use|water_unit|sewer_cost|meter_size|irrigation_meter_present","project_cost_estimate|equipment_category","per_kwh_saved","benchmark_range","needs_bill","low","true"
"SOURCE_DSIRE:dsire_program_id:22716","financing_cash_flow","hvac_electric_efficiency|motor_vfd_efficiency","bill_savings|financing","business_relevant","none|electric","project_cost_estimate|interest_rate|financing_term_years","down_payment|contractor_quote_amount|monthly_kwh|peak_kw|demand_charges|rate_schedule|demand_charge_rate","equipment_category","financing","contractor_quote_required","needs_quote","medium","true"
"SOURCE_DSIRE:dsire_program_id:22774","battery_tou_demand_savings","project_cost_reduction_only","bill_savings|upfront_cost_reduction","unknown","electric|none","rate_schedule|time_of_use_periods|peak_kw|demand_charges|demand_charge_rate|monthly_kwh","annual_kwh|monthly_peak_kw|contractor_quote_amount|quote_date","equipment_category","per_unit","cost_per_kwh_storage","needs_equipment_details","low","true"
"SOURCE_DSIRE:dsire_program_id:22239","grant_funding","","upfront_cost_reduction","public_nonprofit_only","none","project_cost_estimate","contractor_quote_amount","equipment_category|project_timing","grant_amount","contractor_quote_required","needs_quote","high","true"
"SOURCE_DSIRE:dsire_program_id:22413","ev_charging_site_load","project_cost_reduction_only","bill_savings|upfront_cost_reduction","mixed","electric|none","rate_schedule|annual_kwh|average_cost_per_kwh","peak_kw|demand_charge_rate|time_of_use_periods|contractor_quote_amount|quote_date","parking_spaces|ownership_status|equipment_category","per_unit","cost_per_unit","needs_quote","high","true"
"SOURCE_DSIRE:dsire_program_id:3642","ev_charging_site_load","project_cost_reduction_only","bill_savings|upfront_cost_reduction","residential_only","electric|none","rate_schedule|annual_kwh|average_cost_per_kwh","peak_kw|demand_charge_rate|time_of_use_periods|contractor_quote_amount|quote_date","parking_spaces|ownership_status|equipment_category","per_unit","cost_per_unit","needs_quote","low","true"
"SOURCE_DSIRE:dsire_program_id:22084","ev_charging_site_load","project_cost_reduction_only","bill_savings|upfront_cost_reduction","business_relevant","electric|none","rate_schedule|annual_kwh|average_cost_per_kwh","peak_kw|demand_charge_rate|time_of_use_periods|contractor_quote_amount|quote_date","parking_spaces|ownership_status|equipment_category","per_unit","cost_per_unit","needs_quote","medium","true"
"SOURCE_DSIRE:dsire_program_id:5668","renewable_generation_credit_market_value","solar_electric_offset","bill_savings|policy_or_permitting|market_credit","mixed","electric|none","annual_kwh","monthly_kwh|rate_schedule|time_of_use_periods|demand_charges|generation_charges|delivery_charges","equipment_category|project_timing","unknown","unknown","policy_only","low","true"
"SOURCE_DSIRE:dsire_program_id:4333","interconnection_or_grid_access_value","","policy_or_permitting","mixed","none","","utility_provider|service_address|rate_schedule","equipment_category|project_timing","unknown","unknown","policy_only","low","true"
"SOURCE_DSIRE:dsire_program_id:2177","program_rule_value_only","","policy_or_permitting","business_relevant","none","","service_address|utility_provider","project_timing","unknown","unknown","policy_only","low","true"
"SOURCE_DSIRE:dsire_program_id:22308","ev_charging_site_load","project_cost_reduction_only","bill_savings|upfront_cost_reduction","residential_only","electric|none","rate_schedule|annual_kwh|average_cost_per_kwh","peak_kw|demand_charge_rate|time_of_use_periods|contractor_quote_amount|quote_date","parking_spaces|ownership_status|equipment_category","per_unit","cost_per_unit","needs_quote","low","true"
"SOURCE_DSIRE:dsire_program_id:4874","sales_or_property_tax_exemption","motor_vfd_efficiency","bill_savings|tax_benefit","mixed","none|electric","project_cost_estimate","ownership_status|tax_entity_type|contractor_quote_amount|peak_kw|demand_charge_rate|monthly_kwh","equipment_category","tax_exemption","benchmark_range","needs_tax_review","medium","true"
"SOURCE_DSIRE:dsire_program_id:4471","motor_vfd_efficiency","","bill_savings|upfront_cost_reduction","residential_only","electric","annual_kwh|annual_electric_cost|average_cost_per_kwh","peak_kw|demand_charge_rate|monthly_kwh","equipment_category|quantity","per_unit","cost_per_unit","needs_equipment_details","low","true"
"SOURCE_DSIRE:dsire_program_id:2554","whole_building_custom_efficiency","electric_usage_reduction|hvac_electric_efficiency|refrigeration_electric_efficiency|motor_vfd_efficiency|controls_building_automation|commercial_kitchen_equipment_efficiency|battery_tou_demand_savings","bill_savings|upfront_cost_reduction","business_relevant","electric","annual_kwh|annual_electric_cost|average_cost_per_kwh","annual_therms|average_cost_per_therm|peak_kw|demand_charge_rate|square_footage|monthly_kwh|rate_schedule|delivery_charges|generation_charges|demand_charges|time_of_use_periods|annual_water_use|annual_water_cost|annual_sewer_cost|annual_kwh|monthly_peak_kw","project_cost_estimate|equipment_category","per_kwh_saved","benchmark_range","needs_bill","medium","true"
"SOURCE_DSIRE:dsire_program_id:22759","hvac_electric_efficiency","project_cost_reduction_only","bill_savings|upfront_cost_reduction","unknown","electric|none","annual_kwh|annual_electric_cost|average_cost_per_kwh","monthly_kwh|peak_kw|demand_charges|rate_schedule|contractor_quote_amount|quote_date","equipment_category|square_footage","per_unit","cost_per_unit","needs_bill","low","true"
"SOURCE_SCE_BUSINESS:sce_source_section:f4ae5887bd3fcdc9:on-bill-financing","financing_cash_flow","","financing","business_relevant","none","project_cost_estimate|interest_rate|financing_term_years","down_payment|contractor_quote_amount","equipment_category","financing","contractor_quote_required","needs_quote","high","false"
"SOURCE_DSIRE:dsire_program_id:5709","motor_vfd_efficiency","","bill_savings|upfront_cost_reduction","residential_only","electric","annual_kwh|annual_electric_cost|average_cost_per_kwh","peak_kw|demand_charge_rate|monthly_kwh","equipment_category|quantity","per_unit","cost_per_unit","needs_equipment_details","low","true"
"SOURCE_DSIRE:dsire_program_id:3999","grant_funding","electric_usage_reduction|gas_usage_reduction|motor_vfd_efficiency|controls_building_automation","bill_savings|upfront_cost_reduction","agriculture_only","none|electric|gas","project_cost_estimate","contractor_quote_amount|monthly_kwh|rate_schedule|delivery_charges|generation_charges|monthly_therms|gas_rate_schedule|peak_kw|demand_charge_rate|annual_therms|demand_charges|time_of_use_periods","equipment_category|project_timing","grant_amount","contractor_quote_required","needs_quote","medium","true"
"SOURCE_DSIRE:dsire_program_id:4040","refrigeration_electric_efficiency","electric_usage_reduction","bill_savings|upfront_cost_reduction","residential_only","electric","annual_kwh|annual_electric_cost|average_cost_per_kwh","monthly_kwh|peak_kw|demand_charges|rate_schedule|delivery_charges|generation_charges","equipment_category|quantity","per_unit","cost_per_unit","needs_equipment_details","low","true"
"SOURCE_DSIRE:dsire_program_id:3118","whole_building_custom_efficiency","electric_usage_reduction|hvac_electric_efficiency|refrigeration_electric_efficiency|motor_vfd_efficiency|controls_building_automation","bill_savings|upfront_cost_reduction","business_relevant","electric","annual_kwh|annual_electric_cost|average_cost_per_kwh","annual_therms|average_cost_per_therm|peak_kw|demand_charge_rate|square_footage|monthly_kwh|rate_schedule|delivery_charges|generation_charges|demand_charges|time_of_use_periods","project_cost_estimate|equipment_category","per_kwh_saved","benchmark_range","needs_bill","medium","true"
"SOURCE_DSIRE:dsire_program_id:4928","hvac_electric_efficiency","project_cost_reduction_only","bill_savings|upfront_cost_reduction","residential_only","electric|none","annual_kwh|annual_electric_cost|average_cost_per_kwh","monthly_kwh|peak_kw|demand_charges|rate_schedule|contractor_quote_amount|quote_date","equipment_category|square_footage","per_unit","cost_per_unit","needs_bill","low","true"
"SOURCE_DSIRE:dsire_program_id:3593","refrigeration_electric_efficiency","electric_usage_reduction","bill_savings|upfront_cost_reduction","residential_only","electric","annual_kwh|annual_electric_cost|average_cost_per_kwh","monthly_kwh|peak_kw|demand_charges|rate_schedule|delivery_charges|generation_charges","equipment_category|quantity","per_unit","cost_per_unit","needs_equipment_details","low","true"
"SOURCE_DSIRE:dsire_program_id:22305","ev_charging_site_load","project_cost_reduction_only","bill_savings|upfront_cost_reduction","unknown","electric|none","rate_schedule|annual_kwh|average_cost_per_kwh","peak_kw|demand_charge_rate|time_of_use_periods|contractor_quote_amount|quote_date","parking_spaces|ownership_status|equipment_category","per_unit","cost_per_unit","needs_quote","low","true"
"SOURCE_DSIRE:dsire_program_id:22402","ev_charging_site_load","project_cost_reduction_only","bill_savings|upfront_cost_reduction","residential_only","electric|none","rate_schedule|annual_kwh|average_cost_per_kwh","peak_kw|demand_charge_rate|time_of_use_periods|contractor_quote_amount|quote_date","parking_spaces|ownership_status|equipment_category","per_unit","cost_per_unit","needs_quote","low","true"
"SOURCE_DSIRE:dsire_program_id:22304","fleet_fuel_replacement","ev_charging_site_load","bill_savings|upfront_cost_reduction","residential_only","fuel|electric","annual_gallons|annual_fuel_cost|average_cost_per_gallon|vehicle_count","estimated_miles|fuel_type|monthly_fuel_cost|rate_schedule|average_cost_per_kwh|peak_kw|demand_charge_rate|time_of_use_periods","vehicle_count","per_unit","cost_per_unit","needs_equipment_details","low","true"
"SOURCE_DSIRE:dsire_program_id:22513","grant_funding","battery_tou_demand_savings","bill_savings|upfront_cost_reduction","public_nonprofit_only","none|electric","project_cost_estimate","contractor_quote_amount|annual_kwh|monthly_peak_kw","equipment_category|project_timing","grant_amount","contractor_quote_required","needs_quote","high","true"
"SOURCE_DSIRE:dsire_program_id:5153","program_rule_value_only","","policy_or_permitting","residential_only","none","","service_address|utility_provider","project_timing","unknown","unknown","policy_only","low","true"
"SOURCE_DSIRE:dsire_program_id:1544","solar_electric_offset","project_cost_reduction_only","bill_savings|upfront_cost_reduction","mixed","electric|none","annual_kwh|monthly_kwh|average_cost_per_kwh|rate_schedule","time_of_use_periods|demand_charges|generation_charges|delivery_charges|contractor_quote_amount|quote_date","roof_area|ownership_status","per_kw","cost_per_kw","needs_bill","medium","true"
"SOURCE_DSIRE:dsire_program_id:158","sales_or_property_tax_exemption","electric_usage_reduction|water_sewer_reduction","bill_savings|tax_benefit","business_relevant","none|electric|water_sewer","project_cost_estimate","ownership_status|tax_entity_type|contractor_quote_amount|monthly_kwh|rate_schedule|delivery_charges|generation_charges|monthly_water_use|water_unit|sewer_cost|meter_size|irrigation_meter_present","equipment_category","tax_exemption","benchmark_range","needs_tax_review","medium","false"
"SOURCE_DSIRE:dsire_program_id:22502","interconnection_or_grid_access_value","","policy_or_permitting","mixed","none","","utility_provider|service_address|rate_schedule","equipment_category|project_timing","unknown","unknown","policy_only","low","true"
"SOURCE_CA_ENERGY_COMMISSION:cec_solicitation_number:RFP-25-802","net_metering_or_export_value","solar_electric_offset","bill_savings|policy_or_permitting","unknown","electric","annual_kwh|monthly_kwh|rate_schedule","time_of_use_periods|generation_charges|delivery_charges|demand_charges","equipment_category|roof_area","unknown","unknown","policy_only","low","true"
"SOURCE_DSIRE:dsire_program_id:5685","solar_electric_offset","project_cost_reduction_only","bill_savings|upfront_cost_reduction","mixed","electric|none","annual_kwh|monthly_kwh|average_cost_per_kwh|rate_schedule","time_of_use_periods|demand_charges|generation_charges|delivery_charges|contractor_quote_amount|quote_date","roof_area|ownership_status","per_kw","cost_per_kw","needs_bill","high","true"
"SOURCE_DSIRE:dsire_program_id:4449","sales_or_property_tax_exemption","","tax_benefit","residential_only","none","project_cost_estimate","ownership_status|tax_entity_type|contractor_quote_amount","equipment_category","tax_exemption","benchmark_range","needs_tax_review","low","true"
"SOURCE_DSIRE:dsire_program_id:1780","whole_building_custom_efficiency","electric_usage_reduction|hvac_electric_efficiency|gas_usage_reduction|motor_vfd_efficiency","bill_savings|upfront_cost_reduction","residential_only","electric|gas","annual_kwh|annual_electric_cost|average_cost_per_kwh","annual_therms|average_cost_per_therm|peak_kw|demand_charge_rate|square_footage|monthly_kwh|rate_schedule|delivery_charges|generation_charges|demand_charges|monthly_therms|gas_rate_schedule","project_cost_estimate|equipment_category","per_kwh_saved","benchmark_range","needs_bill","low","true"
"SOURCE_DSIRE:dsire_program_id:3128","program_rule_value_only","","policy_or_permitting","mixed","none","","service_address|utility_provider","project_timing","unknown","unknown","policy_only","low","true"
"SOURCE_DSIRE:dsire_program_id:1510","ev_charging_site_load","project_cost_reduction_only","bill_savings|upfront_cost_reduction","residential_only","electric|none","rate_schedule|annual_kwh|average_cost_per_kwh","peak_kw|demand_charge_rate|time_of_use_periods|contractor_quote_amount|quote_date","parking_spaces|ownership_status|equipment_category","per_unit","cost_per_unit","needs_quote","low","true"
"SOURCE_DSIRE:dsire_program_id:3842","motor_vfd_efficiency","","bill_savings|upfront_cost_reduction","residential_only","electric","annual_kwh|annual_electric_cost|average_cost_per_kwh","peak_kw|demand_charge_rate|monthly_kwh","equipment_category|quantity","per_unit","cost_per_unit","needs_equipment_details","low","true"
"SOURCE_DSIRE:dsire_program_id:3185","sales_or_property_tax_exemption","electric_usage_reduction","bill_savings|tax_benefit","business_relevant","none|electric","project_cost_estimate","ownership_status|tax_entity_type|contractor_quote_amount|monthly_kwh|rate_schedule|delivery_charges|generation_charges","equipment_category","tax_exemption","benchmark_range","needs_tax_review","medium","false"
"SOURCE_DSIRE:dsire_program_id:1653","whole_building_custom_efficiency","gas_usage_reduction|controls_building_automation|battery_tou_demand_savings","bill_savings|upfront_cost_reduction","residential_only","electric|gas","annual_kwh|annual_electric_cost|average_cost_per_kwh","annual_therms|average_cost_per_therm|peak_kw|demand_charge_rate|square_footage|monthly_therms|gas_rate_schedule|demand_charges|time_of_use_periods|annual_kwh|monthly_peak_kw","project_cost_estimate|equipment_category","per_kwh_saved","benchmark_range","needs_bill","low","true"
"SOURCE_DSIRE:dsire_program_id:2879","sales_or_property_tax_exemption","","tax_benefit","business_relevant","none","project_cost_estimate","ownership_status|tax_entity_type|contractor_quote_amount","equipment_category","tax_exemption","benchmark_range","needs_tax_review","medium","false"
"SOURCE_DSIRE:dsire_program_id:1234","sales_or_property_tax_exemption","solar_electric_offset|battery_tou_demand_savings","bill_savings|tax_benefit","mixed","none|electric","project_cost_estimate","ownership_status|tax_entity_type|contractor_quote_amount|time_of_use_periods|demand_charges|generation_charges|delivery_charges|annual_kwh|monthly_peak_kw","equipment_category","tax_exemption","benchmark_range","needs_tax_review","medium","true"
"SOURCE_DSIRE:dsire_program_id:4306","electric_usage_reduction","project_cost_reduction_only","bill_savings|upfront_cost_reduction","business_relevant","electric|none","annual_kwh|annual_electric_cost|average_cost_per_kwh","monthly_kwh|rate_schedule|delivery_charges|generation_charges|contractor_quote_amount|quote_date","equipment_category","per_unit","cost_per_unit","needs_bill","medium","true"
"SOURCE_DSIRE:dsire_program_id:4581","refrigeration_electric_efficiency","electric_usage_reduction","bill_savings|upfront_cost_reduction","business_relevant","electric","annual_kwh|annual_electric_cost|average_cost_per_kwh","monthly_kwh|peak_kw|demand_charges|rate_schedule|delivery_charges|generation_charges","equipment_category|quantity","per_unit","cost_per_unit","needs_equipment_details","medium","true"
"SOURCE_DSIRE:dsire_program_id:22232","fleet_fuel_replacement","ev_charging_site_load","bill_savings|upfront_cost_reduction","residential_only","fuel|electric","annual_gallons|annual_fuel_cost|average_cost_per_gallon|vehicle_count","estimated_miles|fuel_type|monthly_fuel_cost|rate_schedule|average_cost_per_kwh|peak_kw|demand_charge_rate|time_of_use_periods","vehicle_count","per_unit","cost_per_unit","needs_equipment_details","low","true"
"SOURCE_DSIRE:dsire_program_id:3240","gas_usage_reduction","project_cost_reduction_only","bill_savings|upfront_cost_reduction","residential_only","gas|none","annual_therms|annual_gas_cost|average_cost_per_therm","monthly_therms|gas_rate_schedule|contractor_quote_amount|quote_date","equipment_category","per_unit","cost_per_unit","needs_bill","low","true"
"SOURCE_DSIRE:dsire_program_id:2503","solar_electric_offset","project_cost_reduction_only","bill_savings|upfront_cost_reduction","business_relevant","electric|none","annual_kwh|monthly_kwh|average_cost_per_kwh|rate_schedule","time_of_use_periods|demand_charges|generation_charges|delivery_charges|contractor_quote_amount|quote_date","roof_area|ownership_status","per_kw","cost_per_kw","needs_bill","medium","true"
"SOURCE_DSIRE:dsire_program_id:3650","financing_cash_flow","electric_usage_reduction","bill_savings|financing","mixed","none|electric","project_cost_estimate|interest_rate|financing_term_years","down_payment|contractor_quote_amount|monthly_kwh|rate_schedule|delivery_charges|generation_charges","equipment_category","financing","contractor_quote_required","needs_quote","medium","true"
"SOURCE_DSIRE:dsire_program_id:4052","whole_building_custom_efficiency","electric_usage_reduction|hvac_electric_efficiency|refrigeration_electric_efficiency|motor_vfd_efficiency|controls_building_automation|commercial_kitchen_equipment_efficiency|battery_tou_demand_savings","bill_savings|upfront_cost_reduction","mixed","electric","annual_kwh|annual_electric_cost|average_cost_per_kwh","annual_therms|average_cost_per_therm|peak_kw|demand_charge_rate|square_footage|monthly_kwh|rate_schedule|delivery_charges|generation_charges|demand_charges|time_of_use_periods|annual_water_use|annual_water_cost|annual_sewer_cost|annual_kwh|monthly_peak_kw","project_cost_estimate|equipment_category","per_kwh_saved","benchmark_range","needs_bill","medium","true"
"SOURCE_DSIRE:dsire_program_id:3508","motor_vfd_efficiency","","bill_savings|upfront_cost_reduction","business_relevant","electric","annual_kwh|annual_electric_cost|average_cost_per_kwh","peak_kw|demand_charge_rate|monthly_kwh","equipment_category|quantity","per_unit","cost_per_unit","needs_equipment_details","medium","true"
"SOURCE_DSIRE:dsire_program_id:3574","refrigeration_electric_efficiency","electric_usage_reduction","bill_savings|upfront_cost_reduction","residential_only","electric","annual_kwh|annual_electric_cost|average_cost_per_kwh","monthly_kwh|peak_kw|demand_charges|rate_schedule|delivery_charges|generation_charges","equipment_category|quantity","per_unit","cost_per_unit","needs_equipment_details","low","true"
"SOURCE_DSIRE:dsire_program_id:2501","sales_or_property_tax_exemption","","tax_benefit","mixed","none","project_cost_estimate","ownership_status|tax_entity_type|contractor_quote_amount","equipment_category","tax_exemption","benchmark_range","needs_tax_review","medium","true"
"SOURCE_DSIRE:dsire_program_id:381","solar_electric_offset","project_cost_reduction_only","bill_savings|upfront_cost_reduction","business_relevant","electric|none","annual_kwh|monthly_kwh|average_cost_per_kwh|rate_schedule","time_of_use_periods|demand_charges|generation_charges|delivery_charges|contractor_quote_amount|quote_date","roof_area|ownership_status","per_kw","cost_per_kw","needs_bill","high","false"
"SOURCE_CA_ENERGY_COMMISSION:cec_solicitation_number:GFO-22-308","grant_funding","hvac_electric_efficiency","bill_savings|upfront_cost_reduction","business_relevant","none|electric","project_cost_estimate","contractor_quote_amount|monthly_kwh|peak_kw|demand_charges|rate_schedule","equipment_category|project_timing","grant_amount","contractor_quote_required","needs_quote","high","false"
"SOURCE_SDGE_BUSINESS:program_url:sdge_com_node_26181","fleet_fuel_replacement","ev_charging_site_load","bill_savings|upfront_cost_reduction","business_relevant","fuel|electric","annual_gallons|annual_fuel_cost|average_cost_per_gallon|vehicle_count","estimated_miles|fuel_type|monthly_fuel_cost|rate_schedule|average_cost_per_kwh|peak_kw|demand_charge_rate|time_of_use_periods","vehicle_count","per_unit","cost_per_unit","needs_equipment_details","high","false"
"SOURCE_DSIRE:dsire_program_id:2512","financing_cash_flow","","financing","residential_only","none","project_cost_estimate|interest_rate|financing_term_years","down_payment|contractor_quote_amount","equipment_category","financing","contractor_quote_required","needs_quote","low","true"
"SOURCE_DSIRE:dsire_program_code_title_hash:NC100F:d65589ad47d2","no_direct_savings","","no_direct_savings","residential_only","none","","","","unknown","unknown","unknown","low","true"
"SOURCE_SDGE_BUSINESS:program_url:sdsmartindustrials_com","project_cost_reduction_only","","upfront_cost_reduction","business_relevant","none","project_cost_estimate","contractor_quote_amount|quote_date","equipment_category","per_unit","benchmark_range","needs_equipment_details","high","false"
"SOURCE_DSIRE:dsire_program_id:22441","renewable_generation_credit_market_value","solar_electric_offset","bill_savings|policy_or_permitting|market_credit","residential_only","electric|none","annual_kwh","monthly_kwh|rate_schedule|time_of_use_periods|demand_charges|generation_charges|delivery_charges","equipment_category|project_timing","unknown","unknown","policy_only","low","true"
"SOURCE_DSIRE:dsire_program_id:5424","controls_building_automation","","bill_savings|upfront_cost_reduction","business_relevant","electric","annual_kwh|rate_schedule","annual_therms|peak_kw|demand_charges|time_of_use_periods","square_footage|equipment_category","per_unit","benchmark_range","needs_equipment_details","high","false"
"SOURCE_DSIRE:dsire_program_id:22704","grant_funding","hvac_electric_efficiency|motor_vfd_efficiency","bill_savings|upfront_cost_reduction","residential_only","none|electric","project_cost_estimate","contractor_quote_amount|monthly_kwh|peak_kw|demand_charges|rate_schedule|demand_charge_rate","equipment_category|project_timing","grant_amount","contractor_quote_required","needs_quote","low","true"
"SOURCE_DSIRE:dsire_program_id:2283","net_metering_or_export_value","solar_electric_offset","bill_savings|policy_or_permitting","residential_only","electric","annual_kwh|monthly_kwh|rate_schedule","time_of_use_periods|generation_charges|delivery_charges|demand_charges","equipment_category|roof_area","unknown","unknown","policy_only","low","true"
"SOURCE_DSIRE:dsire_program_id:5068","commercial_kitchen_equipment_efficiency","water_sewer_reduction","bill_savings|upfront_cost_reduction","business_relevant","electric|water_sewer","annual_kwh|annual_electric_cost|average_cost_per_kwh","annual_therms|average_cost_per_therm|annual_water_use|annual_water_cost|annual_sewer_cost|monthly_water_use|water_unit|sewer_cost|meter_size|irrigation_meter_present","equipment_category|quantity","per_unit","cost_per_unit","needs_equipment_details","medium","true"
"SOURCE_DSIRE:dsire_program_id:3876","whole_building_custom_efficiency","hvac_electric_efficiency|gas_usage_reduction|refrigeration_electric_efficiency|motor_vfd_efficiency|controls_building_automation","bill_savings|upfront_cost_reduction","residential_only","electric|gas","annual_kwh|annual_electric_cost|average_cost_per_kwh","annual_therms|average_cost_per_therm|peak_kw|demand_charge_rate|square_footage|monthly_kwh|demand_charges|rate_schedule|monthly_therms|gas_rate_schedule|time_of_use_periods","project_cost_estimate|equipment_category","per_kwh_saved","benchmark_range","needs_bill","low","true"
"SOURCE_DSIRE:dsire_program_id:4875","financing_cash_flow","electric_usage_reduction","bill_savings|financing","public_nonprofit_only","none|electric","project_cost_estimate|interest_rate|financing_term_years","down_payment|contractor_quote_amount|monthly_kwh|rate_schedule|delivery_charges|generation_charges","equipment_category","financing","contractor_quote_required","needs_quote","medium","true"
"SOURCE_DSIRE:dsire_program_id:22106","motor_vfd_efficiency","","bill_savings|upfront_cost_reduction","residential_only","electric","annual_kwh|annual_electric_cost|average_cost_per_kwh","peak_kw|demand_charge_rate|monthly_kwh","equipment_category|quantity","per_unit","cost_per_unit","needs_equipment_details","low","true"
"SOURCE_DSIRE:dsire_program_id:22598","grant_funding","","upfront_cost_reduction","public_nonprofit_only","none","project_cost_estimate","contractor_quote_amount","equipment_category|project_timing","grant_amount","contractor_quote_required","needs_quote","high","true"
"SOURCE_DSIRE:dsire_program_id:22309","ev_charging_site_load","project_cost_reduction_only","bill_savings|upfront_cost_reduction","business_relevant","electric|none","rate_schedule|annual_kwh|average_cost_per_kwh","peak_kw|demand_charge_rate|time_of_use_periods|contractor_quote_amount|quote_date","parking_spaces|ownership_status|equipment_category","per_unit","cost_per_unit","needs_quote","medium","true"
"SOURCE_CA_ENERGY_COMMISSION:cec_solicitation_number:RFP-22-802","grant_funding","","upfront_cost_reduction","business_relevant","none","project_cost_estimate","contractor_quote_amount","equipment_category|project_timing","grant_amount","contractor_quote_required","needs_quote","high","false"
"SOURCE_DSIRE:dsire_program_id:1896","fleet_fuel_replacement","ev_charging_site_load","bill_savings|upfront_cost_reduction","residential_only","fuel|electric","annual_gallons|annual_fuel_cost|average_cost_per_gallon|vehicle_count","estimated_miles|fuel_type|monthly_fuel_cost|rate_schedule|average_cost_per_kwh|peak_kw|demand_charge_rate|time_of_use_periods","vehicle_count","per_unit","cost_per_unit","needs_equipment_details","low","true"
"SOURCE_DSIRE:dsire_program_id:1683","sales_or_property_tax_exemption","electric_usage_reduction","bill_savings|tax_benefit","agriculture_only","none|electric","project_cost_estimate","ownership_status|tax_entity_type|contractor_quote_amount|monthly_kwh|rate_schedule|delivery_charges|generation_charges","equipment_category","tax_exemption","benchmark_range","needs_tax_review","medium","true"
"SOURCE_DSIRE:dsire_program_id:22731","grant_funding","","upfront_cost_reduction","unknown","none","project_cost_estimate","contractor_quote_amount","equipment_category|project_timing","grant_amount","contractor_quote_required","needs_quote","low","true"
"SOURCE_DSIRE:dsire_program_id:4831","gas_usage_reduction","project_cost_reduction_only","bill_savings|upfront_cost_reduction","mixed","gas|none","annual_therms|annual_gas_cost|average_cost_per_therm","monthly_therms|gas_rate_schedule|contractor_quote_amount|quote_date","equipment_category","per_unit","cost_per_unit","needs_bill","medium","true"
"SOURCE_DSIRE:dsire_program_id:2671","motor_vfd_efficiency","","bill_savings|upfront_cost_reduction","residential_only","electric","annual_kwh|annual_electric_cost|average_cost_per_kwh","peak_kw|demand_charge_rate|monthly_kwh","equipment_category|quantity","per_unit","cost_per_unit","needs_equipment_details","low","true"
"SOURCE_DSIRE:dsire_program_id:3462","motor_vfd_efficiency","","bill_savings|upfront_cost_reduction","residential_only","electric","annual_kwh|annual_electric_cost|average_cost_per_kwh","peak_kw|demand_charge_rate|monthly_kwh","equipment_category|quantity","per_unit","cost_per_unit","needs_equipment_details","low","true"
"SOURCE_SCE_BUSINESS:sce_source_section:d049d8b8e95077d7:ca-clean-fuel-reward","project_cost_reduction_only","","upfront_cost_reduction","business_relevant","none","project_cost_estimate","contractor_quote_amount|quote_date","equipment_category","per_unit","benchmark_range","needs_equipment_details","high","false"
"SOURCE_SCE_BUSINESS:sce_source_section:d049d8b8e95077d7:charge-ready-program","ev_charging_site_load","project_cost_reduction_only","bill_savings|upfront_cost_reduction","business_relevant","electric|none","rate_schedule|annual_kwh|average_cost_per_kwh","peak_kw|demand_charge_rate|time_of_use_periods|contractor_quote_amount|quote_date","parking_spaces|ownership_status|equipment_category","per_unit","cost_per_unit","needs_quote","high","false"
"SOURCE_DSIRE:dsire_program_id:3936","motor_vfd_efficiency","","bill_savings|upfront_cost_reduction","residential_only","electric","annual_kwh|annual_electric_cost|average_cost_per_kwh","peak_kw|demand_charge_rate|monthly_kwh","equipment_category|quantity","per_unit","cost_per_unit","needs_equipment_details","low","true"
"SOURCE_DSIRE:dsire_program_id:22299","fleet_fuel_replacement","ev_charging_site_load","bill_savings|upfront_cost_reduction","residential_only","fuel|electric","annual_gallons|annual_fuel_cost|average_cost_per_gallon|vehicle_count","estimated_miles|fuel_type|monthly_fuel_cost|rate_schedule|average_cost_per_kwh|peak_kw|demand_charge_rate|time_of_use_periods","vehicle_count","per_unit","cost_per_unit","needs_equipment_details","low","true"
"SOURCE_DSIRE:dsire_program_id:183","sales_or_property_tax_exemption","motor_vfd_efficiency|controls_building_automation","bill_savings|tax_benefit","mixed","none|electric","project_cost_estimate","ownership_status|tax_entity_type|contractor_quote_amount|peak_kw|demand_charge_rate|monthly_kwh|annual_therms|demand_charges|time_of_use_periods","equipment_category","tax_exemption","benchmark_range","needs_tax_review","medium","true"
"SOURCE_DSIRE:dsire_program_id:1538","commercial_kitchen_equipment_efficiency","water_sewer_reduction","bill_savings|upfront_cost_reduction","business_relevant","electric|water_sewer","annual_kwh|annual_electric_cost|average_cost_per_kwh","annual_therms|average_cost_per_therm|annual_water_use|annual_water_cost|annual_sewer_cost|monthly_water_use|water_unit|sewer_cost|meter_size|irrigation_meter_present","equipment_category|quantity","per_unit","cost_per_unit","needs_equipment_details","medium","true"
"SOURCE_DSIRE:dsire_program_id:1625","hvac_electric_efficiency","project_cost_reduction_only","bill_savings|upfront_cost_reduction","business_relevant","electric|none","annual_kwh|annual_electric_cost|average_cost_per_kwh","monthly_kwh|peak_kw|demand_charges|rate_schedule|contractor_quote_amount|quote_date","equipment_category|square_footage","per_unit","cost_per_unit","needs_bill","high","false"
"SOURCE_DSIRE:dsire_program_id:5422","interconnection_or_grid_access_value","","policy_or_permitting","unknown","none","","utility_provider|service_address|rate_schedule","equipment_category|project_timing","unknown","unknown","policy_only","low","true"
"SOURCE_DSIRE:dsire_program_id:4789","program_rule_value_only","","policy_or_permitting","residential_only","none","","service_address|utility_provider","project_timing","unknown","unknown","policy_only","low","true"
"SOURCE_DSIRE:dsire_program_id:2288","refrigeration_electric_efficiency","electric_usage_reduction","bill_savings|upfront_cost_reduction","residential_only","electric","annual_kwh|annual_electric_cost|average_cost_per_kwh","monthly_kwh|peak_kw|demand_charges|rate_schedule|delivery_charges|generation_charges","equipment_category|quantity","per_unit","cost_per_unit","needs_equipment_details","low","true"
"SOURCE_DSIRE:dsire_program_id:4713","whole_building_custom_efficiency","electric_usage_reduction|hvac_electric_efficiency|gas_usage_reduction|motor_vfd_efficiency|controls_building_automation","bill_savings|upfront_cost_reduction","mixed","electric|gas","annual_kwh|annual_electric_cost|average_cost_per_kwh","annual_therms|average_cost_per_therm|peak_kw|demand_charge_rate|square_footage|monthly_kwh|rate_schedule|delivery_charges|generation_charges|demand_charges|monthly_therms|gas_rate_schedule|time_of_use_periods","project_cost_estimate|equipment_category","per_kwh_saved","benchmark_range","needs_bill","medium","true"
"SOURCE_DSIRE:dsire_program_id:22184","ev_charging_site_load","project_cost_reduction_only","bill_savings|upfront_cost_reduction","mixed","electric|none","rate_schedule|annual_kwh|average_cost_per_kwh","peak_kw|demand_charge_rate|time_of_use_periods|contractor_quote_amount|quote_date","parking_spaces|ownership_status|equipment_category","per_unit","cost_per_unit","needs_quote","high","true"
"SOURCE_DSIRE:dsire_program_id:3937","program_rule_value_only","","policy_or_permitting","residential_only","none","","service_address|utility_provider","project_timing","unknown","unknown","policy_only","low","true"
"SOURCE_DSIRE:dsire_program_id:3752","whole_building_custom_efficiency","hvac_electric_efficiency|gas_usage_reduction|refrigeration_electric_efficiency|motor_vfd_efficiency|controls_building_automation|water_sewer_reduction","bill_savings|upfront_cost_reduction","residential_only","electric|gas|water_sewer","annual_kwh|annual_electric_cost|average_cost_per_kwh","annual_therms|average_cost_per_therm|peak_kw|demand_charge_rate|square_footage|monthly_kwh|demand_charges|rate_schedule|monthly_therms|gas_rate_schedule|time_of_use_periods|monthly_water_use|water_unit|sewer_cost|meter_size|irrigation_meter_present","project_cost_estimate|equipment_category","per_kwh_saved","benchmark_range","needs_bill","low","true"
"SOURCE_DSIRE:dsire_program_id:2734","hvac_electric_efficiency","project_cost_reduction_only","bill_savings|upfront_cost_reduction","residential_only","electric|none","annual_kwh|annual_electric_cost|average_cost_per_kwh","monthly_kwh|peak_kw|demand_charges|rate_schedule|contractor_quote_amount|quote_date","equipment_category|square_footage","per_unit","cost_per_unit","needs_bill","low","true"
"SOURCE_DSIRE:dsire_program_id:184","sales_or_property_tax_exemption","electric_usage_reduction|battery_tou_demand_savings","bill_savings|tax_benefit","residential_only","none|electric","project_cost_estimate","ownership_status|tax_entity_type|contractor_quote_amount|monthly_kwh|rate_schedule|delivery_charges|generation_charges|annual_kwh|monthly_peak_kw","equipment_category","tax_exemption","benchmark_range","needs_tax_review","low","true"
"SOURCE_DSIRE:dsire_program_id:22547","ev_charging_site_load","project_cost_reduction_only","bill_savings|upfront_cost_reduction","residential_only","electric|none","rate_schedule|annual_kwh|average_cost_per_kwh","peak_kw|demand_charge_rate|time_of_use_periods|contractor_quote_amount|quote_date","parking_spaces|ownership_status|equipment_category","per_unit","cost_per_unit","needs_quote","low","true"
"SOURCE_DSIRE:dsire_program_id:3476","tax_benefit_project_cost_reduction","electric_usage_reduction|hvac_electric_efficiency|gas_usage_reduction|motor_vfd_efficiency|controls_building_automation|battery_tou_demand_savings","bill_savings|tax_benefit","residential_only","none|electric|gas","project_cost_estimate|tax_entity_type","ownership_status|tax_appetite_unknown|contractor_quote_amount|monthly_kwh|rate_schedule|delivery_charges|generation_charges|peak_kw|demand_charges|monthly_therms|gas_rate_schedule|demand_charge_rate|annual_therms|time_of_use_periods|annual_kwh|monthly_peak_kw","equipment_category","tax_credit","benchmark_range","needs_tax_review","low","true"
"SOURCE_DSIRE:dsire_program_id:22246","tax_benefit_project_cost_reduction","electric_usage_reduction","bill_savings|tax_benefit","business_relevant","none|electric","project_cost_estimate|tax_entity_type","ownership_status|tax_appetite_unknown|contractor_quote_amount|monthly_kwh|rate_schedule|delivery_charges|generation_charges","equipment_category","tax_credit","benchmark_range","needs_tax_review","medium","true"
"SOURCE_DSIRE:dsire_program_id:2031","financing_cash_flow","hvac_electric_efficiency|gas_usage_reduction|motor_vfd_efficiency","bill_savings|financing","residential_only","none|electric|gas","project_cost_estimate|interest_rate|financing_term_years","down_payment|contractor_quote_amount|monthly_kwh|peak_kw|demand_charges|rate_schedule|monthly_therms|gas_rate_schedule|demand_charge_rate","equipment_category","financing","contractor_quote_required","needs_quote","low","true"
"SOURCE_DSIRE:dsire_program_id:22762","net_metering_or_export_value","solar_electric_offset","bill_savings|policy_or_permitting","mixed","electric","annual_kwh|monthly_kwh|rate_schedule","time_of_use_periods|generation_charges|delivery_charges|demand_charges","equipment_category|roof_area","unknown","unknown","policy_only","low","true"
"SOURCE_DSIRE:dsire_program_id:4575","motor_vfd_efficiency","","bill_savings|upfront_cost_reduction","mixed","electric","annual_kwh|annual_electric_cost|average_cost_per_kwh","peak_kw|demand_charge_rate|monthly_kwh","equipment_category|quantity","per_unit","cost_per_unit","needs_equipment_details","medium","true"
"SOURCE_DSIRE:dsire_program_id:5321","pace_or_on_bill_financing","","financing","mixed","none","project_cost_estimate|financing_term_years|interest_rate","ownership_status|down_payment|annual_electric_cost|annual_gas_cost","ownership_status","financing","contractor_quote_required","needs_quote","high","true"
"SOURCE_DSIRE:dsire_program_id:2862","ev_charging_site_load","project_cost_reduction_only","bill_savings|upfront_cost_reduction","business_relevant","electric|none","rate_schedule|annual_kwh|average_cost_per_kwh","peak_kw|demand_charge_rate|time_of_use_periods|contractor_quote_amount|quote_date","parking_spaces|ownership_status|equipment_category","per_unit","cost_per_unit","needs_quote","medium","true"
"SOURCE_DSIRE:dsire_program_id:22354","fleet_fuel_replacement","ev_charging_site_load","bill_savings|upfront_cost_reduction","business_relevant","fuel|electric","annual_gallons|annual_fuel_cost|average_cost_per_gallon|vehicle_count","estimated_miles|fuel_type|monthly_fuel_cost|rate_schedule|average_cost_per_kwh|peak_kw|demand_charge_rate|time_of_use_periods","vehicle_count","per_unit","cost_per_unit","needs_equipment_details","medium","true"
"SOURCE_DSIRE:dsire_program_id:4252","pace_or_on_bill_financing","","financing","mixed","none","project_cost_estimate|financing_term_years|interest_rate","ownership_status|down_payment|annual_electric_cost|annual_gas_cost","ownership_status","financing","contractor_quote_required","needs_quote","high","true"
"SOURCE_DSIRE:dsire_program_id:22242","grant_funding","","upfront_cost_reduction","unknown","none","project_cost_estimate","contractor_quote_amount","equipment_category|project_timing","grant_amount","contractor_quote_required","needs_quote","low","true"
"SOURCE_DSIRE:dsire_program_id:2199","motor_vfd_efficiency","","bill_savings|upfront_cost_reduction","mixed","electric","annual_kwh|annual_electric_cost|average_cost_per_kwh","peak_kw|demand_charge_rate|monthly_kwh","equipment_category|quantity","per_unit","cost_per_unit","needs_equipment_details","medium","true"
"SOURCE_DSIRE:dsire_program_id:5423","sales_or_property_tax_exemption","electric_usage_reduction","bill_savings|tax_benefit","business_relevant","none|electric","project_cost_estimate","ownership_status|tax_entity_type|contractor_quote_amount|monthly_kwh|rate_schedule|delivery_charges|generation_charges","equipment_category","tax_exemption","benchmark_range","needs_tax_review","medium","false"
"SOURCE_DSIRE:dsire_program_code_title_hash:NY100F:19a5badb1d1c","sales_or_property_tax_exemption","","tax_benefit","unknown","none","project_cost_estimate","ownership_status|tax_entity_type|contractor_quote_amount","equipment_category","tax_exemption","benchmark_range","needs_tax_review","low","true"
"SOURCE_DSIRE:dsire_program_id:3475","motor_vfd_efficiency","","bill_savings|upfront_cost_reduction","residential_only","electric","annual_kwh|annual_electric_cost|average_cost_per_kwh","peak_kw|demand_charge_rate|monthly_kwh","equipment_category|quantity","per_unit","cost_per_unit","needs_equipment_details","low","true"
"SOURCE_DSIRE:dsire_program_id:3030","sales_or_property_tax_exemption","hvac_electric_efficiency|gas_usage_reduction|refrigeration_electric_efficiency|motor_vfd_efficiency|commercial_kitchen_equipment_efficiency|water_sewer_reduction","bill_savings|tax_benefit","business_relevant","none|electric|gas|water_sewer","project_cost_estimate","ownership_status|tax_entity_type|contractor_quote_amount|monthly_kwh|peak_kw|demand_charges|rate_schedule|monthly_therms|gas_rate_schedule|demand_charge_rate|annual_therms|average_cost_per_therm|annual_water_use|annual_water_cost|annual_sewer_cost|monthly_water_use|water_unit|sewer_cost|meter_size|irrigation_meter_present","equipment_category","tax_exemption","benchmark_range","needs_tax_review","medium","true"
"SOURCE_DSIRE:dsire_program_id:1373","motor_vfd_efficiency","","bill_savings|upfront_cost_reduction","residential_only","electric","annual_kwh|annual_electric_cost|average_cost_per_kwh","peak_kw|demand_charge_rate|monthly_kwh","equipment_category|quantity","per_unit","cost_per_unit","needs_equipment_details","low","true"
"SOURCE_DSIRE:dsire_program_id:742","program_rule_value_only","","policy_or_permitting","residential_only","none","","service_address|utility_provider","project_timing","unknown","unknown","policy_only","low","true"
"SOURCE_DSIRE:dsire_program_id:5751","pace_or_on_bill_financing","","financing","mixed","none","project_cost_estimate|financing_term_years|interest_rate","ownership_status|down_payment|annual_electric_cost|annual_gas_cost","ownership_status","financing","contractor_quote_required","needs_quote","high","true"
"SOURCE_DSIRE:dsire_program_id:5523","net_metering_or_export_value","solar_electric_offset","bill_savings|policy_or_permitting","mixed","electric","annual_kwh|monthly_kwh|rate_schedule","time_of_use_periods|generation_charges|delivery_charges|demand_charges","equipment_category|roof_area","unknown","unknown","policy_only","low","true"
"SOURCE_DSIRE:dsire_program_id:2489","whole_building_custom_efficiency","hvac_electric_efficiency|gas_usage_reduction|motor_vfd_efficiency|controls_building_automation|water_sewer_reduction","bill_savings|upfront_cost_reduction","residential_only","electric|gas|water_sewer","annual_kwh|annual_electric_cost|average_cost_per_kwh","annual_therms|average_cost_per_therm|peak_kw|demand_charge_rate|square_footage|monthly_kwh|demand_charges|rate_schedule|monthly_therms|gas_rate_schedule|time_of_use_periods|monthly_water_use|water_unit|sewer_cost|meter_size|irrigation_meter_present","project_cost_estimate|equipment_category","per_kwh_saved","benchmark_range","needs_bill","low","true"
"SOURCE_DSIRE:dsire_program_id:1255","net_metering_or_export_value","solar_electric_offset","bill_savings|policy_or_permitting","mixed","electric","annual_kwh|monthly_kwh|rate_schedule","time_of_use_periods|generation_charges|delivery_charges|demand_charges","equipment_category|roof_area","unknown","unknown","policy_only","low","true"
"SOURCE_DSIRE:dsire_program_id:22327","fleet_fuel_replacement","ev_charging_site_load","bill_savings|upfront_cost_reduction","mixed","fuel|electric","annual_gallons|annual_fuel_cost|average_cost_per_gallon|vehicle_count","estimated_miles|fuel_type|monthly_fuel_cost|rate_schedule|average_cost_per_kwh|peak_kw|demand_charge_rate|time_of_use_periods","vehicle_count","per_unit","cost_per_unit","needs_equipment_details","medium","true"
"SOURCE_DSIRE:dsire_program_id:22358","ev_charging_site_load","project_cost_reduction_only","bill_savings|upfront_cost_reduction","mixed","electric|none","rate_schedule|annual_kwh|average_cost_per_kwh","peak_kw|demand_charge_rate|time_of_use_periods|contractor_quote_amount|quote_date","parking_spaces|ownership_status|equipment_category","per_unit","cost_per_unit","needs_quote","medium","true"
"SOURCE_DSIRE:dsire_program_id:3880","commercial_kitchen_equipment_efficiency","water_sewer_reduction","bill_savings|upfront_cost_reduction","business_relevant","electric|water_sewer","annual_kwh|annual_electric_cost|average_cost_per_kwh","annual_therms|average_cost_per_therm|annual_water_use|annual_water_cost|annual_sewer_cost|monthly_water_use|water_unit|sewer_cost|meter_size|irrigation_meter_present","equipment_category|quantity","per_unit","cost_per_unit","needs_equipment_details","medium","true"
"SOURCE_DSIRE:dsire_program_id:5882","sales_or_property_tax_exemption","solar_electric_offset|hvac_electric_efficiency|motor_vfd_efficiency","bill_savings|tax_benefit","mixed","none|electric","project_cost_estimate","ownership_status|tax_entity_type|contractor_quote_amount|time_of_use_periods|demand_charges|generation_charges|delivery_charges|monthly_kwh|peak_kw|rate_schedule|demand_charge_rate","equipment_category","tax_exemption","benchmark_range","needs_tax_review","medium","true"
"SOURCE_DSIRE:dsire_program_id:22437","financing_cash_flow","hvac_electric_efficiency|gas_usage_reduction|motor_vfd_efficiency","bill_savings|financing","residential_only","none|electric|gas","project_cost_estimate|interest_rate|financing_term_years","down_payment|contractor_quote_amount|monthly_kwh|peak_kw|demand_charges|rate_schedule|monthly_therms|gas_rate_schedule|demand_charge_rate","equipment_category","financing","contractor_quote_required","needs_quote","low","true"
"SOURCE_DSIRE:dsire_program_id:5892","grant_funding","","upfront_cost_reduction","business_relevant","none","project_cost_estimate","contractor_quote_amount","equipment_category|project_timing","grant_amount","contractor_quote_required","needs_quote","high","false"
"SOURCE_DSIRE:dsire_program_id:4577","program_rule_value_only","","policy_or_permitting","mixed","none","","service_address|utility_provider","project_timing","unknown","unknown","policy_only","low","true"
"SOURCE_DSIRE:dsire_program_id:22193","grant_funding","ev_charging_site_load","bill_savings|upfront_cost_reduction","business_relevant","none|electric","project_cost_estimate","contractor_quote_amount|peak_kw|demand_charge_rate|time_of_use_periods","equipment_category|project_timing","grant_amount","contractor_quote_required","needs_quote","high","false"
"SOURCE_SDGE_BUSINESS:program_url:sdge_com_node_21406","ev_charging_site_load","project_cost_reduction_only","bill_savings|upfront_cost_reduction","business_relevant","electric|none","rate_schedule|annual_kwh|average_cost_per_kwh","peak_kw|demand_charge_rate|time_of_use_periods|contractor_quote_amount|quote_date","parking_spaces|ownership_status|equipment_category","per_unit","cost_per_unit","needs_quote","high","false"
"SOURCE_CA_ENERGY_COMMISSION:cec_solicitation_number:GFO-24-310","grant_funding","","upfront_cost_reduction","mixed","none","project_cost_estimate","contractor_quote_amount","equipment_category|project_timing","grant_amount","contractor_quote_required","needs_quote","medium","true"
"SOURCE_DSIRE:dsire_program_id:22066","program_rule_value_only","","policy_or_permitting","business_relevant","none","","service_address|utility_provider","project_timing","unknown","unknown","policy_only","low","true"
"SOURCE_DSIRE:dsire_program_id:1274","program_rule_value_only","","policy_or_permitting","residential_only","none","","service_address|utility_provider","project_timing","unknown","unknown","policy_only","low","true"
"SOURCE_DSIRE:dsire_program_id:2029","motor_vfd_efficiency","","bill_savings|upfront_cost_reduction","residential_only","electric","annual_kwh|annual_electric_cost|average_cost_per_kwh","peak_kw|demand_charge_rate|monthly_kwh","equipment_category|quantity","per_unit","cost_per_unit","needs_equipment_details","low","true"
"SOURCE_DSIRE:dsire_program_id:5362","grant_funding","solar_electric_offset|battery_tou_demand_savings","bill_savings|upfront_cost_reduction","business_relevant","none|electric","project_cost_estimate","contractor_quote_amount|time_of_use_periods|demand_charges|generation_charges|delivery_charges|annual_kwh|monthly_peak_kw","equipment_category|project_timing","grant_amount","contractor_quote_required","needs_quote","medium","true"
"SOURCE_DSIRE:dsire_program_id:5834","financing_cash_flow","","financing","business_relevant","none","project_cost_estimate|interest_rate|financing_term_years","down_payment|contractor_quote_amount","equipment_category","financing","contractor_quote_required","needs_quote","medium","true"
"SOURCE_SCE_BUSINESS:sce_source_section:11acbe9699c17ca1:capacity-bidding-program-elect-cbp-e","electric_usage_reduction","project_cost_reduction_only","bill_savings|upfront_cost_reduction","business_relevant","electric|none","annual_kwh|annual_electric_cost|average_cost_per_kwh","monthly_kwh|rate_schedule|delivery_charges|generation_charges|contractor_quote_amount|quote_date","equipment_category","per_unit","cost_per_unit","needs_bill","high","false"
"SOURCE_CA_ENERGY_COMMISSION:cec_url_hash:url_hash:2412a914048ed625","grant_funding","","upfront_cost_reduction","public_nonprofit_only","none","project_cost_estimate","contractor_quote_amount","equipment_category|project_timing","grant_amount","contractor_quote_required","needs_quote","high","true"
"SOURCE_SDGE_BUSINESS:program_url:sdenergyedge_com","hvac_electric_efficiency","project_cost_reduction_only","bill_savings|upfront_cost_reduction","business_relevant","electric|none","annual_kwh|annual_electric_cost|average_cost_per_kwh","monthly_kwh|peak_kw|demand_charges|rate_schedule|contractor_quote_amount|quote_date","equipment_category|square_footage","per_unit","cost_per_unit","needs_bill","medium","true"
"SOURCE_DSIRE:dsire_program_id:22648","grant_funding","ev_charging_site_load","bill_savings|upfront_cost_reduction","unknown","none|electric","project_cost_estimate","contractor_quote_amount|peak_kw|demand_charge_rate|time_of_use_periods","equipment_category|project_timing","grant_amount","contractor_quote_required","needs_quote","low","true"
"SOURCE_DSIRE:dsire_program_id:22811","grant_funding","ev_charging_site_load","bill_savings|upfront_cost_reduction","business_relevant","none|electric","project_cost_estimate","contractor_quote_amount|peak_kw|demand_charge_rate|time_of_use_periods","equipment_category|project_timing","grant_amount","contractor_quote_required","needs_quote","high","false"
"SOURCE_DSIRE:dsire_program_id:1630","battery_tou_demand_savings","project_cost_reduction_only","bill_savings|upfront_cost_reduction","business_relevant","electric|none","rate_schedule|time_of_use_periods|peak_kw|demand_charges|demand_charge_rate|monthly_kwh","annual_kwh|monthly_peak_kw|contractor_quote_amount|quote_date","equipment_category","per_unit","cost_per_kwh_storage","needs_equipment_details","medium","true"
"SOURCE_DSIRE:dsire_program_id:5811","program_rule_value_only","","policy_or_permitting","residential_only","none","","service_address|utility_provider","project_timing","unknown","unknown","policy_only","low","true"
"SOURCE_DSIRE:dsire_program_id:2181","motor_vfd_efficiency","","bill_savings|upfront_cost_reduction","residential_only","electric","annual_kwh|annual_electric_cost|average_cost_per_kwh","peak_kw|demand_charge_rate|monthly_kwh","equipment_category|quantity","per_unit","cost_per_unit","needs_equipment_details","low","true"
"SOURCE_DSIRE:dsire_program_id:1392","tax_benefit_project_cost_reduction","electric_usage_reduction|hvac_electric_efficiency|gas_usage_reduction|refrigeration_electric_efficiency|motor_vfd_efficiency|water_sewer_reduction","bill_savings|tax_benefit","residential_only","none|electric|gas|water_sewer","project_cost_estimate|tax_entity_type","ownership_status|tax_appetite_unknown|contractor_quote_amount|monthly_kwh|rate_schedule|delivery_charges|generation_charges|peak_kw|demand_charges|monthly_therms|gas_rate_schedule|demand_charge_rate|monthly_water_use|water_unit|sewer_cost|meter_size|irrigation_meter_present","equipment_category","tax_credit","benchmark_range","needs_tax_review","low","true"
"SOURCE_CA_ENERGY_COMMISSION:cec_solicitation_number:GFO-23-317","grant_funding","battery_tou_demand_savings","bill_savings|upfront_cost_reduction","business_relevant","none|electric","project_cost_estimate","contractor_quote_amount|annual_kwh|monthly_peak_kw","equipment_category|project_timing","grant_amount","contractor_quote_required","needs_quote","high","false"
"SOURCE_DSIRE:dsire_program_id:22238","grant_funding","","upfront_cost_reduction","unknown","none","project_cost_estimate","contractor_quote_amount","equipment_category|project_timing","grant_amount","contractor_quote_required","needs_quote","low","true"
"SOURCE_DSIRE:dsire_program_id:1492","motor_vfd_efficiency","","bill_savings|upfront_cost_reduction","residential_only","electric","annual_kwh|annual_electric_cost|average_cost_per_kwh","peak_kw|demand_charge_rate|monthly_kwh","equipment_category|quantity","per_unit","cost_per_unit","needs_equipment_details","low","true"
"SOURCE_DSIRE:dsire_program_id:22111","net_metering_or_export_value","solar_electric_offset","bill_savings|policy_or_permitting","agriculture_only","electric","annual_kwh|monthly_kwh|rate_schedule","time_of_use_periods|generation_charges|delivery_charges|demand_charges","equipment_category|roof_area","unknown","unknown","policy_only","low","true"
"SOURCE_DSIRE:dsire_program_id:4261","fleet_fuel_replacement","ev_charging_site_load","bill_savings|upfront_cost_reduction","mixed","fuel|electric","annual_gallons|annual_fuel_cost|average_cost_per_gallon|vehicle_count","estimated_miles|fuel_type|monthly_fuel_cost|rate_schedule|average_cost_per_kwh|peak_kw|demand_charge_rate|time_of_use_periods","vehicle_count","per_unit","cost_per_unit","needs_equipment_details","medium","true"
"SOURCE_CA_ENERGY_COMMISSION:cec_solicitation_number:GFO-22-301","grant_funding","","upfront_cost_reduction","business_relevant","none","project_cost_estimate","contractor_quote_amount","equipment_category|project_timing","grant_amount","contractor_quote_required","needs_quote","high","false"
"SOURCE_DSIRE:dsire_program_id:2844","sales_or_property_tax_exemption","solar_electric_offset","bill_savings|tax_benefit","business_relevant","none|electric","project_cost_estimate","ownership_status|tax_entity_type|contractor_quote_amount|time_of_use_periods|demand_charges|generation_charges|delivery_charges","equipment_category","tax_exemption","benchmark_range","needs_tax_review","medium","false"
"SOURCE_DSIRE:dsire_program_id:4774","whole_building_custom_efficiency","hvac_electric_efficiency|gas_usage_reduction|motor_vfd_efficiency|controls_building_automation|battery_tou_demand_savings","bill_savings|upfront_cost_reduction","residential_only","electric|gas","annual_kwh|annual_electric_cost|average_cost_per_kwh","annual_therms|average_cost_per_therm|peak_kw|demand_charge_rate|square_footage|monthly_kwh|demand_charges|rate_schedule|monthly_therms|gas_rate_schedule|time_of_use_periods|annual_kwh|monthly_peak_kw","project_cost_estimate|equipment_category","per_kwh_saved","benchmark_range","needs_bill","low","true"
"SOURCE_DSIRE:dsire_program_id:4125","gas_usage_reduction","project_cost_reduction_only","bill_savings|upfront_cost_reduction","mixed","gas|none","annual_therms|annual_gas_cost|average_cost_per_therm","monthly_therms|gas_rate_schedule|contractor_quote_amount|quote_date","equipment_category","per_unit","cost_per_unit","needs_bill","medium","true"
"SOURCE_DSIRE:dsire_program_id:3246","program_rule_value_only","","policy_or_permitting","mixed","none","","service_address|utility_provider","project_timing","unknown","unknown","policy_only","low","true"
"SOURCE_DSIRE:dsire_program_id:22541","battery_tou_demand_savings","project_cost_reduction_only","bill_savings|upfront_cost_reduction","residential_only","electric|none","rate_schedule|time_of_use_periods|peak_kw|demand_charges|demand_charge_rate|monthly_kwh","annual_kwh|monthly_peak_kw|contractor_quote_amount|quote_date","equipment_category","per_unit","cost_per_kwh_storage","needs_equipment_details","low","true"
"SOURCE_DSIRE:dsire_program_id:3262","motor_vfd_efficiency","","bill_savings|upfront_cost_reduction","residential_only","electric","annual_kwh|annual_electric_cost|average_cost_per_kwh","peak_kw|demand_charge_rate|monthly_kwh","equipment_category|quantity","per_unit","cost_per_unit","needs_equipment_details","low","true"
"SOURCE_SCE_BUSINESS:sce_source_section:bcdeae04c5863d3b:retrocommissioning-program","program_rule_value_only","","policy_or_permitting","business_relevant","none","","service_address|utility_provider","project_timing","unknown","unknown","policy_only","low","true"
"SOURCE_DSIRE:dsire_program_id:2140","motor_vfd_efficiency","","bill_savings|upfront_cost_reduction","residential_only","electric","annual_kwh|annual_electric_cost|average_cost_per_kwh","peak_kw|demand_charge_rate|monthly_kwh","equipment_category|quantity","per_unit","cost_per_unit","needs_equipment_details","low","true"
"SOURCE_DSIRE:dsire_program_id:1134","financing_cash_flow","electric_usage_reduction","bill_savings|financing","public_nonprofit_only","none|electric","project_cost_estimate|interest_rate|financing_term_years","down_payment|contractor_quote_amount|monthly_kwh|rate_schedule|delivery_charges|generation_charges","equipment_category","financing","contractor_quote_required","needs_quote","high","true"
"SOURCE_DSIRE:dsire_program_id:3112","refrigeration_electric_efficiency","electric_usage_reduction","bill_savings|upfront_cost_reduction","residential_only","electric","annual_kwh|annual_electric_cost|average_cost_per_kwh","monthly_kwh|peak_kw|demand_charges|rate_schedule|delivery_charges|generation_charges","equipment_category|quantity","per_unit","cost_per_unit","needs_equipment_details","low","true"
"SOURCE_DSIRE:dsire_program_id:4563","financing_cash_flow","solar_electric_offset|hvac_electric_efficiency|gas_usage_reduction|motor_vfd_efficiency","bill_savings|financing","residential_only","none|electric|gas","project_cost_estimate|interest_rate|financing_term_years","down_payment|contractor_quote_amount|time_of_use_periods|demand_charges|generation_charges|delivery_charges|monthly_kwh|peak_kw|rate_schedule|monthly_therms|gas_rate_schedule|demand_charge_rate","equipment_category","financing","contractor_quote_required","needs_quote","low","true"
"SOURCE_DSIRE:dsire_program_id:22596","fleet_fuel_replacement","ev_charging_site_load","bill_savings|upfront_cost_reduction","mixed","fuel|electric","annual_gallons|annual_fuel_cost|average_cost_per_gallon|vehicle_count","estimated_miles|fuel_type|monthly_fuel_cost|rate_schedule|average_cost_per_kwh|peak_kw|demand_charge_rate|time_of_use_periods","vehicle_count","per_unit","cost_per_unit","needs_equipment_details","medium","true"
"SOURCE_DSIRE:dsire_program_id:3833","solar_electric_offset","project_cost_reduction_only","bill_savings|upfront_cost_reduction","business_relevant","electric|none","annual_kwh|monthly_kwh|average_cost_per_kwh|rate_schedule","time_of_use_periods|demand_charges|generation_charges|delivery_charges|contractor_quote_amount|quote_date","roof_area|ownership_status","per_kw","cost_per_kw","needs_bill","medium","true"
"SOURCE_DSIRE:dsire_program_id:22253","fleet_fuel_replacement","ev_charging_site_load","bill_savings|upfront_cost_reduction","public_nonprofit_only","fuel|electric","annual_gallons|annual_fuel_cost|average_cost_per_gallon|vehicle_count","estimated_miles|fuel_type|monthly_fuel_cost|rate_schedule|average_cost_per_kwh|peak_kw|demand_charge_rate|time_of_use_periods","vehicle_count","per_unit","cost_per_unit","needs_equipment_details","high","true"
"SOURCE_CA_ENERGY_COMMISSION:cec_solicitation_number:IFB-25-001","grant_funding","","upfront_cost_reduction","unknown","none","project_cost_estimate","contractor_quote_amount","equipment_category|project_timing","grant_amount","contractor_quote_required","needs_quote","low","true"
"SOURCE_DSIRE:dsire_program_id:3283","controls_building_automation","","bill_savings|upfront_cost_reduction","residential_only","electric","annual_kwh|rate_schedule","annual_therms|peak_kw|demand_charges|time_of_use_periods","square_footage|equipment_category","per_unit","benchmark_range","needs_equipment_details","low","true"
"SOURCE_CA_ENERGY_COMMISSION:cec_solicitation_number:GFO-25-607","grant_funding","","upfront_cost_reduction","business_relevant","none","project_cost_estimate","contractor_quote_amount","equipment_category|project_timing","grant_amount","contractor_quote_required","needs_quote","high","false"
"SOURCE_DSIRE:dsire_program_id:145","sales_or_property_tax_exemption","solar_electric_offset|hvac_electric_efficiency|motor_vfd_efficiency","bill_savings|tax_benefit","residential_only","none|electric","project_cost_estimate","ownership_status|tax_entity_type|contractor_quote_amount|time_of_use_periods|demand_charges|generation_charges|delivery_charges|monthly_kwh|peak_kw|rate_schedule|demand_charge_rate","equipment_category","tax_exemption","benchmark_range","needs_tax_review","low","true"
"SOURCE_DSIRE:dsire_program_id:5878","pace_or_on_bill_financing","","financing","mixed","none","project_cost_estimate|financing_term_years|interest_rate","ownership_status|down_payment|annual_electric_cost|annual_gas_cost","ownership_status","financing","contractor_quote_required","needs_quote","high","true"
"SOURCE_DSIRE:dsire_program_id:558","sales_or_property_tax_exemption","electric_usage_reduction|battery_tou_demand_savings","bill_savings|tax_benefit","unknown","none|electric","project_cost_estimate","ownership_status|tax_entity_type|contractor_quote_amount|monthly_kwh|rate_schedule|delivery_charges|generation_charges|annual_kwh|monthly_peak_kw","equipment_category","tax_exemption","benchmark_range","needs_tax_review","low","true"
"SOURCE_DSIRE:dsire_program_id:2767","sales_or_property_tax_exemption","","tax_benefit","business_relevant","none","project_cost_estimate","ownership_status|tax_entity_type|contractor_quote_amount","equipment_category","tax_exemption","benchmark_range","needs_tax_review","medium","false"
"SOURCE_DSIRE:dsire_program_id:22756","program_rule_value_only","","policy_or_permitting","business_relevant","none","","service_address|utility_provider","project_timing","unknown","unknown","policy_only","low","true"
"SOURCE_DSIRE:dsire_program_id:2668","motor_vfd_efficiency","","bill_savings|upfront_cost_reduction","residential_only","electric","annual_kwh|annual_electric_cost|average_cost_per_kwh","peak_kw|demand_charge_rate|monthly_kwh","equipment_category|quantity","per_unit","cost_per_unit","needs_equipment_details","low","true"
"SOURCE_DSIRE:dsire_program_id:678","grant_funding","solar_electric_offset","bill_savings|upfront_cost_reduction","business_relevant","none|electric","project_cost_estimate","contractor_quote_amount|time_of_use_periods|demand_charges|generation_charges|delivery_charges","equipment_category|project_timing","grant_amount","contractor_quote_required","needs_quote","medium","true"
"SOURCE_DSIRE:dsire_program_id:4429","refrigeration_electric_efficiency","electric_usage_reduction","bill_savings|upfront_cost_reduction","business_relevant","electric","annual_kwh|annual_electric_cost|average_cost_per_kwh","monthly_kwh|peak_kw|demand_charges|rate_schedule|delivery_charges|generation_charges","equipment_category|quantity","per_unit","cost_per_unit","needs_equipment_details","medium","true"
"SOURCE_DSIRE:dsire_program_id:2179","project_cost_reduction_only","","upfront_cost_reduction","residential_only","none","project_cost_estimate","contractor_quote_amount|quote_date","equipment_category","per_unit","benchmark_range","needs_equipment_details","low","true"
"SOURCE_DSIRE:dsire_program_id:22312","ev_charging_site_load","project_cost_reduction_only","bill_savings|upfront_cost_reduction","business_relevant","electric|none","rate_schedule|annual_kwh|average_cost_per_kwh","peak_kw|demand_charge_rate|time_of_use_periods|contractor_quote_amount|quote_date","parking_spaces|ownership_status|equipment_category","per_unit","cost_per_unit","needs_quote","medium","true"
"SOURCE_CA_ENERGY_COMMISSION:cec_solicitation_number:GFO-19-602","grant_funding","","upfront_cost_reduction","business_relevant","none","project_cost_estimate","contractor_quote_amount","equipment_category|project_timing","grant_amount","contractor_quote_required","needs_quote","high","false"
"SOURCE_DSIRE:dsire_program_id:4504","envelope_insulation_savings","project_cost_reduction_only","bill_savings|upfront_cost_reduction","residential_only","gas|none","annual_therms|annual_gas_cost|average_cost_per_therm","annual_kwh|average_cost_per_kwh|square_footage|contractor_quote_amount|quote_date","square_footage|equipment_category","per_unit","cost_per_sqft","needs_bill","low","true"
"SOURCE_DSIRE:dsire_program_id:4644","fleet_fuel_replacement","ev_charging_site_load","bill_savings|upfront_cost_reduction","business_relevant","fuel|electric","annual_gallons|annual_fuel_cost|average_cost_per_gallon|vehicle_count","estimated_miles|fuel_type|monthly_fuel_cost|rate_schedule|average_cost_per_kwh|peak_kw|demand_charge_rate|time_of_use_periods","vehicle_count","per_unit","cost_per_unit","needs_equipment_details","medium","true"
"SOURCE_DSIRE:dsire_program_id:1788","fleet_fuel_replacement","ev_charging_site_load","bill_savings|upfront_cost_reduction","residential_only","fuel|electric","annual_gallons|annual_fuel_cost|average_cost_per_gallon|vehicle_count","estimated_miles|fuel_type|monthly_fuel_cost|rate_schedule|average_cost_per_kwh|peak_kw|demand_charge_rate|time_of_use_periods","vehicle_count","per_unit","cost_per_unit","needs_equipment_details","low","true"
"SOURCE_DSIRE:dsire_program_id:2567","tax_benefit_project_cost_reduction","","tax_benefit","unknown","none","project_cost_estimate|tax_entity_type","ownership_status|tax_appetite_unknown|contractor_quote_amount","equipment_category","tax_credit","benchmark_range","needs_tax_review","low","true"
"SOURCE_DSIRE:dsire_program_id:22768","financing_cash_flow","hvac_electric_efficiency","bill_savings|financing","residential_only","none|electric","project_cost_estimate|interest_rate|financing_term_years","down_payment|contractor_quote_amount|monthly_kwh|peak_kw|demand_charges|rate_schedule","equipment_category","financing","contractor_quote_required","needs_quote","low","true"
"SOURCE_DSIRE:dsire_program_id:3907","refrigeration_electric_efficiency","electric_usage_reduction","bill_savings|upfront_cost_reduction","residential_only","electric","annual_kwh|annual_electric_cost|average_cost_per_kwh","monthly_kwh|peak_kw|demand_charges|rate_schedule|delivery_charges|generation_charges","equipment_category|quantity","per_unit","cost_per_unit","needs_equipment_details","low","true"
"SOURCE_DSIRE:dsire_program_id:236","financing_cash_flow","electric_usage_reduction","bill_savings|financing","public_nonprofit_only","none|electric","project_cost_estimate|interest_rate|financing_term_years","down_payment|contractor_quote_amount|monthly_kwh|rate_schedule|delivery_charges|generation_charges","equipment_category","financing","contractor_quote_required","needs_quote","high","true"
"SOURCE_DSIRE:dsire_program_id:2258","fleet_fuel_replacement","ev_charging_site_load","bill_savings|upfront_cost_reduction","residential_only","fuel|electric","annual_gallons|annual_fuel_cost|average_cost_per_gallon|vehicle_count","estimated_miles|fuel_type|monthly_fuel_cost|rate_schedule|average_cost_per_kwh|peak_kw|demand_charge_rate|time_of_use_periods","vehicle_count","per_unit","cost_per_unit","needs_equipment_details","low","true"
"SOURCE_DSIRE:dsire_program_id:22411","ev_charging_site_load","project_cost_reduction_only","bill_savings|upfront_cost_reduction","business_relevant","electric|none","rate_schedule|annual_kwh|average_cost_per_kwh","peak_kw|demand_charge_rate|time_of_use_periods|contractor_quote_amount|quote_date","parking_spaces|ownership_status|equipment_category","per_unit","cost_per_unit","needs_quote","medium","true"
"SOURCE_DSIRE:dsire_program_id:118","tax_benefit_project_cost_reduction","electric_usage_reduction|solar_electric_offset|motor_vfd_efficiency|battery_tou_demand_savings","bill_savings|tax_benefit","residential_only","none|electric","project_cost_estimate|tax_entity_type","ownership_status|tax_appetite_unknown|contractor_quote_amount|monthly_kwh|rate_schedule|delivery_charges|generation_charges|time_of_use_periods|demand_charges|peak_kw|demand_charge_rate|annual_kwh|monthly_peak_kw","equipment_category","tax_credit","benchmark_range","needs_tax_review","low","true"
"SOURCE_DSIRE:dsire_program_id:4990","sales_or_property_tax_exemption","","tax_benefit","business_relevant","none","project_cost_estimate","ownership_status|tax_entity_type|contractor_quote_amount","equipment_category","tax_exemption","benchmark_range","needs_tax_review","medium","false"
"SOURCE_DSIRE:dsire_program_id:3575","whole_building_custom_efficiency","electric_usage_reduction|hvac_electric_efficiency|gas_usage_reduction|refrigeration_electric_efficiency|motor_vfd_efficiency|controls_building_automation|water_sewer_reduction","bill_savings|upfront_cost_reduction","residential_only","electric|gas|water_sewer","annual_kwh|annual_electric_cost|average_cost_per_kwh","annual_therms|average_cost_per_therm|peak_kw|demand_charge_rate|square_footage|monthly_kwh|rate_schedule|delivery_charges|generation_charges|demand_charges|monthly_therms|gas_rate_schedule|time_of_use_periods|monthly_water_use|water_unit|sewer_cost|meter_size|irrigation_meter_present","project_cost_estimate|equipment_category","per_kwh_saved","benchmark_range","needs_bill","low","true"
"SOURCE_DSIRE:dsire_program_id:4266","refrigeration_electric_efficiency","electric_usage_reduction","bill_savings|upfront_cost_reduction","mixed","electric","annual_kwh|annual_electric_cost|average_cost_per_kwh","monthly_kwh|peak_kw|demand_charges|rate_schedule|delivery_charges|generation_charges","equipment_category|quantity","per_unit","cost_per_unit","needs_equipment_details","medium","true"
"SOURCE_DSIRE:dsire_program_id:5886","solar_electric_offset","project_cost_reduction_only","bill_savings|upfront_cost_reduction","residential_only","electric|none","annual_kwh|monthly_kwh|average_cost_per_kwh|rate_schedule","time_of_use_periods|demand_charges|generation_charges|delivery_charges|contractor_quote_amount|quote_date","roof_area|ownership_status","per_kw","cost_per_kw","needs_bill","low","true"
"SOURCE_DSIRE:dsire_program_id:2208","commercial_kitchen_equipment_efficiency","water_sewer_reduction","bill_savings|upfront_cost_reduction","business_relevant","electric|water_sewer","annual_kwh|annual_electric_cost|average_cost_per_kwh","annual_therms|average_cost_per_therm|annual_water_use|annual_water_cost|annual_sewer_cost|monthly_water_use|water_unit|sewer_cost|meter_size|irrigation_meter_present","equipment_category|quantity","per_unit","cost_per_unit","needs_equipment_details","medium","true"
"SOURCE_DSIRE:dsire_program_id:22140","controls_building_automation","","bill_savings|upfront_cost_reduction","residential_only","electric","annual_kwh|rate_schedule","annual_therms|peak_kw|demand_charges|time_of_use_periods","square_footage|equipment_category","per_unit","benchmark_range","needs_equipment_details","low","true"
"SOURCE_DSIRE:dsire_program_id:3147","gas_usage_reduction","project_cost_reduction_only","bill_savings|upfront_cost_reduction","residential_only","gas|none","annual_therms|annual_gas_cost|average_cost_per_therm","monthly_therms|gas_rate_schedule|contractor_quote_amount|quote_date","equipment_category","per_unit","cost_per_unit","needs_bill","low","true"
"SOURCE_DSIRE:dsire_program_id:1659","fleet_fuel_replacement","ev_charging_site_load","bill_savings|upfront_cost_reduction","residential_only","fuel|electric","annual_gallons|annual_fuel_cost|average_cost_per_gallon|vehicle_count","estimated_miles|fuel_type|monthly_fuel_cost|rate_schedule|average_cost_per_kwh|peak_kw|demand_charge_rate|time_of_use_periods","vehicle_count","per_unit","cost_per_unit","needs_equipment_details","low","true"
"SOURCE_DSIRE:dsire_program_id:4079","motor_vfd_efficiency","","bill_savings|upfront_cost_reduction","residential_only","electric","annual_kwh|annual_electric_cost|average_cost_per_kwh","peak_kw|demand_charge_rate|monthly_kwh","equipment_category|quantity","per_unit","cost_per_unit","needs_equipment_details","low","true"
"SOURCE_CA_ENERGY_COMMISSION:cec_url_hash:url_hash:d6e38bcfc31b3d6f","grant_funding","electric_usage_reduction|battery_tou_demand_savings","bill_savings|upfront_cost_reduction","business_relevant","none|electric","project_cost_estimate","contractor_quote_amount|monthly_kwh|rate_schedule|delivery_charges|generation_charges|annual_kwh|monthly_peak_kw","equipment_category|project_timing","grant_amount","contractor_quote_required","needs_quote","high","false"
"SOURCE_DSIRE:dsire_program_id:22225","grant_funding","","upfront_cost_reduction","unknown","none","project_cost_estimate","contractor_quote_amount","equipment_category|project_timing","grant_amount","contractor_quote_required","needs_quote","low","true"
"SOURCE_DSIRE:dsire_program_id:2534","ev_charging_site_load","project_cost_reduction_only","bill_savings|upfront_cost_reduction","mixed","electric|none","rate_schedule|annual_kwh|average_cost_per_kwh","peak_kw|demand_charge_rate|time_of_use_periods|contractor_quote_amount|quote_date","parking_spaces|ownership_status|equipment_category","per_unit","cost_per_unit","needs_quote","medium","true"
"SOURCE_DSIRE:dsire_program_id:1692","whole_building_custom_efficiency","hvac_electric_efficiency|gas_usage_reduction|motor_vfd_efficiency|controls_building_automation|water_sewer_reduction","bill_savings|upfront_cost_reduction","residential_only","electric|gas|water_sewer","annual_kwh|annual_electric_cost|average_cost_per_kwh","annual_therms|average_cost_per_therm|peak_kw|demand_charge_rate|square_footage|monthly_kwh|demand_charges|rate_schedule|monthly_therms|gas_rate_schedule|time_of_use_periods|monthly_water_use|water_unit|sewer_cost|meter_size|irrigation_meter_present","project_cost_estimate|equipment_category","per_kwh_saved","benchmark_range","needs_bill","low","true"
"SOURCE_DSIRE:dsire_program_code_title_hash:OK30F:e57fdd96f549","envelope_insulation_savings","project_cost_reduction_only","bill_savings|upfront_cost_reduction","public_nonprofit_only","gas|none","annual_therms|annual_gas_cost|average_cost_per_therm","annual_kwh|average_cost_per_kwh|square_footage|contractor_quote_amount|quote_date","square_footage|equipment_category","per_unit","cost_per_sqft","needs_bill","high","true"
"SOURCE_DSIRE:dsire_program_id:3216","solar_electric_offset","project_cost_reduction_only","bill_savings|upfront_cost_reduction","business_relevant","electric|none","annual_kwh|monthly_kwh|average_cost_per_kwh|rate_schedule","time_of_use_periods|demand_charges|generation_charges|delivery_charges|contractor_quote_amount|quote_date","roof_area|ownership_status","per_kw","cost_per_kw","needs_bill","medium","true"
"SOURCE_DSIRE:dsire_program_id:22431","hvac_electric_efficiency","project_cost_reduction_only","bill_savings|upfront_cost_reduction","business_relevant","electric|none","annual_kwh|annual_electric_cost|average_cost_per_kwh","monthly_kwh|peak_kw|demand_charges|rate_schedule|contractor_quote_amount|quote_date","equipment_category|square_footage","per_unit","cost_per_unit","needs_bill","medium","true"
"SOURCE_DSIRE:dsire_program_id:3332","motor_vfd_efficiency","","bill_savings|upfront_cost_reduction","mixed","electric","annual_kwh|annual_electric_cost|average_cost_per_kwh","peak_kw|demand_charge_rate|monthly_kwh","equipment_category|quantity","per_unit","cost_per_unit","needs_equipment_details","medium","true"
"SOURCE_DSIRE:dsire_program_id:22205","financing_cash_flow","","financing","business_relevant","none","project_cost_estimate|interest_rate|financing_term_years","down_payment|contractor_quote_amount","equipment_category","financing","contractor_quote_required","needs_quote","high","false"
"SOURCE_DSIRE:dsire_program_id:2438","battery_tou_demand_savings","project_cost_reduction_only","bill_savings|upfront_cost_reduction","mixed","electric|none","rate_schedule|time_of_use_periods|peak_kw|demand_charges|demand_charge_rate|monthly_kwh","annual_kwh|monthly_peak_kw|contractor_quote_amount|quote_date","equipment_category","per_unit","cost_per_kwh_storage","needs_equipment_details","high","true"
"SOURCE_DSIRE:dsire_program_id:2259","ev_charging_site_load","project_cost_reduction_only","bill_savings|upfront_cost_reduction","residential_only","electric|none","rate_schedule|annual_kwh|average_cost_per_kwh","peak_kw|demand_charge_rate|time_of_use_periods|contractor_quote_amount|quote_date","parking_spaces|ownership_status|equipment_category","per_unit","cost_per_unit","needs_quote","low","true"
"SOURCE_DSIRE:dsire_program_id:5785","controls_building_automation","","bill_savings|upfront_cost_reduction","mixed","electric","annual_kwh|rate_schedule","annual_therms|peak_kw|demand_charges|time_of_use_periods","square_footage|equipment_category","per_unit","benchmark_range","needs_equipment_details","medium","true"
"SOURCE_DSIRE:dsire_program_id:4426","sales_or_property_tax_exemption","electric_usage_reduction|hvac_electric_efficiency|gas_usage_reduction|motor_vfd_efficiency|controls_building_automation|water_sewer_reduction","bill_savings|tax_benefit","unknown","none|electric|gas|water_sewer","project_cost_estimate","ownership_status|tax_entity_type|contractor_quote_amount|monthly_kwh|rate_schedule|delivery_charges|generation_charges|peak_kw|demand_charges|monthly_therms|gas_rate_schedule|demand_charge_rate|annual_therms|time_of_use_periods|monthly_water_use|water_unit|sewer_cost|meter_size|irrigation_meter_present","equipment_category","tax_exemption","benchmark_range","needs_tax_review","low","true"
"SOURCE_DSIRE:dsire_program_id:178","financing_cash_flow","battery_tou_demand_savings","bill_savings|financing","unknown","none|electric","project_cost_estimate|interest_rate|financing_term_years","down_payment|contractor_quote_amount|annual_kwh|monthly_peak_kw","equipment_category","financing","contractor_quote_required","needs_quote","low","true"
"SOURCE_DSIRE:dsire_program_id:936","interconnection_or_grid_access_value","","policy_or_permitting","mixed","none","","utility_provider|service_address|rate_schedule","equipment_category|project_timing","unknown","unknown","policy_only","low","true"
"SOURCE_DSIRE:dsire_program_id:5628","financing_cash_flow","","financing","business_relevant","none","project_cost_estimate|interest_rate|financing_term_years","down_payment|contractor_quote_amount","equipment_category","financing","contractor_quote_required","needs_quote","high","false"
"SOURCE_DSIRE:dsire_program_id:1036","solar_electric_offset","project_cost_reduction_only","bill_savings|upfront_cost_reduction","unknown","electric|none","annual_kwh|monthly_kwh|average_cost_per_kwh|rate_schedule","time_of_use_periods|demand_charges|generation_charges|delivery_charges|contractor_quote_amount|quote_date","roof_area|ownership_status","per_kw","cost_per_kw","needs_bill","low","true"
"SOURCE_DSIRE:dsire_program_id:22439","solar_electric_offset","project_cost_reduction_only","bill_savings|upfront_cost_reduction","business_relevant","electric|none","annual_kwh|monthly_kwh|average_cost_per_kwh|rate_schedule","time_of_use_periods|demand_charges|generation_charges|delivery_charges|contractor_quote_amount|quote_date","roof_area|ownership_status","per_kw","cost_per_kw","needs_bill","medium","true"
"SOURCE_DSIRE:dsire_program_id:3426","refrigeration_electric_efficiency","electric_usage_reduction","bill_savings|upfront_cost_reduction","business_relevant","electric","annual_kwh|annual_electric_cost|average_cost_per_kwh","monthly_kwh|peak_kw|demand_charges|rate_schedule|delivery_charges|generation_charges","equipment_category|quantity","per_unit","cost_per_unit","needs_equipment_details","high","false"
"SOURCE_DSIRE:dsire_program_id:22584","electric_usage_reduction","project_cost_reduction_only","bill_savings|upfront_cost_reduction","residential_only","electric|none","annual_kwh|annual_electric_cost|average_cost_per_kwh","monthly_kwh|rate_schedule|delivery_charges|generation_charges|contractor_quote_amount|quote_date","equipment_category","per_unit","cost_per_unit","needs_bill","low","true"
"SOURCE_DSIRE:dsire_program_id:46","tax_benefit_project_cost_reduction","","tax_benefit","residential_only","none","project_cost_estimate|tax_entity_type","ownership_status|tax_appetite_unknown|contractor_quote_amount","equipment_category","tax_credit","benchmark_range","needs_tax_review","low","true"
"SOURCE_DSIRE:dsire_program_id:22408","grant_funding","","upfront_cost_reduction","unknown","none","project_cost_estimate","contractor_quote_amount","equipment_category|project_timing","grant_amount","contractor_quote_required","needs_quote","low","true"
"SOURCE_DSIRE:dsire_program_id:4328","financing_cash_flow","electric_usage_reduction|solar_electric_offset|hvac_electric_efficiency|motor_vfd_efficiency","bill_savings|financing","business_relevant","none|electric","project_cost_estimate|interest_rate|financing_term_years","down_payment|contractor_quote_amount|monthly_kwh|rate_schedule|delivery_charges|generation_charges|time_of_use_periods|demand_charges|peak_kw|demand_charge_rate","equipment_category","financing","contractor_quote_required","needs_quote","medium","true"
"SOURCE_DSIRE:dsire_program_id:22796","grant_funding","solar_electric_offset|hvac_electric_efficiency|gas_usage_reduction|motor_vfd_efficiency|controls_building_automation","bill_savings|upfront_cost_reduction","public_nonprofit_only","none|electric|gas","project_cost_estimate","contractor_quote_amount|time_of_use_periods|demand_charges|generation_charges|delivery_charges|monthly_kwh|peak_kw|rate_schedule|monthly_therms|gas_rate_schedule|demand_charge_rate|annual_therms","equipment_category|project_timing","grant_amount","contractor_quote_required","needs_quote","medium","true"
"SOURCE_DSIRE:dsire_program_id:22529","grant_funding","ev_charging_site_load","bill_savings|upfront_cost_reduction","mixed","none|electric","project_cost_estimate","contractor_quote_amount|peak_kw|demand_charge_rate|time_of_use_periods","equipment_category|project_timing","grant_amount","contractor_quote_required","needs_quote","high","true"
"SOURCE_DSIRE:dsire_program_id:3479","envelope_insulation_savings","project_cost_reduction_only","bill_savings|upfront_cost_reduction","residential_only","gas|none","annual_therms|annual_gas_cost|average_cost_per_therm","annual_kwh|average_cost_per_kwh|square_footage|contractor_quote_amount|quote_date","square_footage|equipment_category","per_unit","cost_per_sqft","needs_bill","low","true"
"SOURCE_DSIRE:dsire_program_id:3397","sales_or_property_tax_exemption","battery_tou_demand_savings","bill_savings|tax_benefit","public_nonprofit_only","none|electric","project_cost_estimate","ownership_status|tax_entity_type|contractor_quote_amount|annual_kwh|monthly_peak_kw","equipment_category","tax_exemption","benchmark_range","needs_tax_review","medium","true"
"SOURCE_DSIRE:dsire_program_id:1289","motor_vfd_efficiency","","bill_savings|upfront_cost_reduction","residential_only","electric","annual_kwh|annual_electric_cost|average_cost_per_kwh","peak_kw|demand_charge_rate|monthly_kwh","equipment_category|quantity","per_unit","cost_per_unit","needs_equipment_details","low","true"
"SOURCE_DSIRE:dsire_program_id:22453","fleet_fuel_replacement","ev_charging_site_load","bill_savings|upfront_cost_reduction","residential_only","fuel|electric","annual_gallons|annual_fuel_cost|average_cost_per_gallon|vehicle_count","estimated_miles|fuel_type|monthly_fuel_cost|rate_schedule|average_cost_per_kwh|peak_kw|demand_charge_rate|time_of_use_periods","vehicle_count","per_unit","cost_per_unit","needs_equipment_details","low","true"
"SOURCE_DSIRE:dsire_program_id:22080","whole_building_custom_efficiency","gas_usage_reduction|controls_building_automation|battery_tou_demand_savings|water_sewer_reduction","bill_savings|upfront_cost_reduction","residential_only","electric|gas|water_sewer","annual_kwh|annual_electric_cost|average_cost_per_kwh","annual_therms|average_cost_per_therm|peak_kw|demand_charge_rate|square_footage|monthly_therms|gas_rate_schedule|demand_charges|time_of_use_periods|annual_kwh|monthly_peak_kw|monthly_water_use|water_unit|sewer_cost|meter_size|irrigation_meter_present","project_cost_estimate|equipment_category","per_kwh_saved","benchmark_range","needs_bill","low","true"
"SOURCE_CA_ENERGY_COMMISSION:cec_solicitation_number:GFO-23-301","grant_funding","refrigeration_electric_efficiency|battery_tou_demand_savings","bill_savings|upfront_cost_reduction","business_relevant","none|electric","project_cost_estimate","contractor_quote_amount|monthly_kwh|peak_kw|demand_charges|annual_kwh|monthly_peak_kw","equipment_category|project_timing","grant_amount","contractor_quote_required","needs_quote","high","false"
"SOURCE_DSIRE:dsire_program_id:22237","grant_funding","","upfront_cost_reduction","agriculture_only","none","project_cost_estimate","contractor_quote_amount","equipment_category|project_timing","grant_amount","contractor_quote_required","needs_quote","high","true"
"SOURCE_DSIRE:dsire_program_id:22297","ev_charging_site_load","project_cost_reduction_only","bill_savings|upfront_cost_reduction","residential_only","electric|none","rate_schedule|annual_kwh|average_cost_per_kwh","peak_kw|demand_charge_rate|time_of_use_periods|contractor_quote_amount|quote_date","parking_spaces|ownership_status|equipment_category","per_unit","cost_per_unit","needs_quote","low","true"
"SOURCE_DSIRE:dsire_program_id:22685","electric_usage_reduction","project_cost_reduction_only","bill_savings|upfront_cost_reduction","residential_only","electric|none","annual_kwh|annual_electric_cost|average_cost_per_kwh","monthly_kwh|rate_schedule|delivery_charges|generation_charges|contractor_quote_amount|quote_date","equipment_category","per_unit","cost_per_unit","needs_bill","low","true"
"SOURCE_DSIRE:dsire_program_id:2286","grant_funding","","upfront_cost_reduction","business_relevant","none","project_cost_estimate","contractor_quote_amount","equipment_category|project_timing","grant_amount","contractor_quote_required","needs_quote","medium","true"
"SOURCE_CA_ENERGY_COMMISSION:cec_solicitation_number:GFO-23-316","grant_funding","","upfront_cost_reduction","business_relevant","none","project_cost_estimate","contractor_quote_amount","equipment_category|project_timing","grant_amount","contractor_quote_required","needs_quote","high","false"
"SOURCE_DSIRE:dsire_program_id:4479","program_rule_value_only","","policy_or_permitting","unknown","none","","service_address|utility_provider","project_timing","unknown","unknown","policy_only","low","true"
"SOURCE_DSIRE:dsire_program_id:22530","grant_funding","battery_tou_demand_savings","bill_savings|upfront_cost_reduction","public_nonprofit_only","none|electric","project_cost_estimate","contractor_quote_amount|annual_kwh|monthly_peak_kw","equipment_category|project_timing","grant_amount","contractor_quote_required","needs_quote","high","true"
"SOURCE_DSIRE:dsire_program_id:3744","refrigeration_electric_efficiency","electric_usage_reduction","bill_savings|upfront_cost_reduction","residential_only","electric","annual_kwh|annual_electric_cost|average_cost_per_kwh","monthly_kwh|peak_kw|demand_charges|rate_schedule|delivery_charges|generation_charges","equipment_category|quantity","per_unit","cost_per_unit","needs_equipment_details","low","true"
"SOURCE_CA_ENERGY_COMMISSION:cec_solicitation_number:RFQ-25-401","grant_funding","electric_usage_reduction","bill_savings|upfront_cost_reduction","business_relevant","none|electric","project_cost_estimate","contractor_quote_amount|monthly_kwh|rate_schedule|delivery_charges|generation_charges","equipment_category|project_timing","grant_amount","contractor_quote_required","needs_quote","high","false"
"SOURCE_DSIRE:dsire_program_id:5245","sales_or_property_tax_exemption","solar_electric_offset","bill_savings|tax_benefit","business_relevant","none|electric","project_cost_estimate","ownership_status|tax_entity_type|contractor_quote_amount|time_of_use_periods|demand_charges|generation_charges|delivery_charges","equipment_category","tax_exemption","benchmark_range","needs_tax_review","medium","false"
"SOURCE_DSIRE:dsire_program_id:5449","motor_vfd_efficiency","","bill_savings|upfront_cost_reduction","residential_only","electric","annual_kwh|annual_electric_cost|average_cost_per_kwh","peak_kw|demand_charge_rate|monthly_kwh","equipment_category|quantity","per_unit","cost_per_unit","needs_equipment_details","low","true"
"SOURCE_DSIRE:dsire_program_id:22050","battery_tou_demand_savings","project_cost_reduction_only","bill_savings|upfront_cost_reduction","business_relevant","electric|none","rate_schedule|time_of_use_periods|peak_kw|demand_charges|demand_charge_rate|monthly_kwh","annual_kwh|monthly_peak_kw|contractor_quote_amount|quote_date","equipment_category","per_unit","cost_per_kwh_storage","needs_equipment_details","medium","true"
"SOURCE_SILICON_VALLEY_POWER:svp_source_section:6849d4cc60567610:multifamily-boiler-electrification-pilot-program","gas_usage_reduction","project_cost_reduction_only","bill_savings|upfront_cost_reduction","residential_only","gas|none","annual_therms|annual_gas_cost|average_cost_per_therm","monthly_therms|gas_rate_schedule|contractor_quote_amount|quote_date","equipment_category","per_unit","cost_per_unit","needs_bill","low","true"
"SOURCE_CA_ENERGY_COMMISSION:cec_url_hash:url_hash:71772765867bd5b6","grant_funding","electric_usage_reduction|battery_tou_demand_savings","bill_savings|upfront_cost_reduction","business_relevant","none|electric","project_cost_estimate","contractor_quote_amount|monthly_kwh|rate_schedule|delivery_charges|generation_charges|annual_kwh|monthly_peak_kw","equipment_category|project_timing","grant_amount","contractor_quote_required","needs_quote","high","false"
"SOURCE_CA_ENERGY_COMMISSION:cec_url_hash:url_hash:0fd24a7be0abceef","grant_funding","","upfront_cost_reduction","mixed","none","project_cost_estimate","contractor_quote_amount","equipment_category|project_timing","grant_amount","contractor_quote_required","needs_quote","high","true"
"SOURCE_DSIRE:dsire_program_id:22542","solar_electric_offset","project_cost_reduction_only","bill_savings|upfront_cost_reduction","residential_only","electric|none","annual_kwh|monthly_kwh|average_cost_per_kwh|rate_schedule","time_of_use_periods|demand_charges|generation_charges|delivery_charges|contractor_quote_amount|quote_date","roof_area|ownership_status","per_kw","cost_per_kw","needs_bill","low","true"
"SOURCE_DSIRE:dsire_program_id:2981","ev_charging_site_load","project_cost_reduction_only","bill_savings|upfront_cost_reduction","residential_only","electric|none","rate_schedule|annual_kwh|average_cost_per_kwh","peak_kw|demand_charge_rate|time_of_use_periods|contractor_quote_amount|quote_date","parking_spaces|ownership_status|equipment_category","per_unit","cost_per_unit","needs_quote","low","true"
"SOURCE_DSIRE:dsire_program_id:22094","motor_vfd_efficiency","","bill_savings|upfront_cost_reduction","residential_only","electric","annual_kwh|annual_electric_cost|average_cost_per_kwh","peak_kw|demand_charge_rate|monthly_kwh","equipment_category|quantity","per_unit","cost_per_unit","needs_equipment_details","low","true"
"SOURCE_DSIRE:dsire_program_id:2593","ev_charging_site_load","project_cost_reduction_only","bill_savings|upfront_cost_reduction","business_relevant","electric|none","rate_schedule|annual_kwh|average_cost_per_kwh","peak_kw|demand_charge_rate|time_of_use_periods|contractor_quote_amount|quote_date","parking_spaces|ownership_status|equipment_category","per_unit","cost_per_unit","needs_quote","medium","true"
"SOURCE_SDGE_BUSINESS:program_url:statewide_waterheating_com","hvac_electric_efficiency","project_cost_reduction_only","bill_savings|upfront_cost_reduction","business_relevant","electric|none","annual_kwh|annual_electric_cost|average_cost_per_kwh","monthly_kwh|peak_kw|demand_charges|rate_schedule|contractor_quote_amount|quote_date","equipment_category|square_footage","per_unit","cost_per_unit","needs_bill","high","false"
"SOURCE_DSIRE:dsire_program_id:2251","ev_charging_site_load","project_cost_reduction_only","bill_savings|upfront_cost_reduction","residential_only","electric|none","rate_schedule|annual_kwh|average_cost_per_kwh","peak_kw|demand_charge_rate|time_of_use_periods|contractor_quote_amount|quote_date","parking_spaces|ownership_status|equipment_category","per_unit","cost_per_unit","needs_quote","low","true"
"SOURCE_DSIRE:dsire_program_id:1431","controls_building_automation","","bill_savings|upfront_cost_reduction","residential_only","electric","annual_kwh|rate_schedule","annual_therms|peak_kw|demand_charges|time_of_use_periods","square_footage|equipment_category","per_unit","benchmark_range","needs_equipment_details","low","true"
"SOURCE_DSIRE:dsire_program_id:1446","net_metering_or_export_value","solar_electric_offset","bill_savings|policy_or_permitting","business_relevant","electric","annual_kwh|monthly_kwh|rate_schedule","time_of_use_periods|generation_charges|delivery_charges|demand_charges","equipment_category|roof_area","unknown","unknown","policy_only","low","true"
"SOURCE_DSIRE:dsire_program_id:2701","ev_charging_site_load","project_cost_reduction_only","bill_savings|upfront_cost_reduction","residential_only","electric|none","rate_schedule|annual_kwh|average_cost_per_kwh","peak_kw|demand_charge_rate|time_of_use_periods|contractor_quote_amount|quote_date","parking_spaces|ownership_status|equipment_category","per_unit","cost_per_unit","needs_quote","low","true"
"SOURCE_DSIRE:dsire_program_id:4567","financing_cash_flow","","financing","residential_only","none","project_cost_estimate|interest_rate|financing_term_years","down_payment|contractor_quote_amount","equipment_category","financing","contractor_quote_required","needs_quote","low","true"
"SOURCE_DSIRE:dsire_program_id:2702","controls_building_automation","","bill_savings|upfront_cost_reduction","mixed","electric","annual_kwh|rate_schedule","annual_therms|peak_kw|demand_charges|time_of_use_periods","square_footage|equipment_category","per_unit","benchmark_range","needs_equipment_details","medium","true"
"SOURCE_DSIRE:dsire_program_id:22525","ev_charging_site_load","project_cost_reduction_only","bill_savings|upfront_cost_reduction","mixed","electric|none","rate_schedule|annual_kwh|average_cost_per_kwh","peak_kw|demand_charge_rate|time_of_use_periods|contractor_quote_amount|quote_date","parking_spaces|ownership_status|equipment_category","per_unit","cost_per_unit","needs_quote","high","true"
"SOURCE_DSIRE:dsire_program_id:5799","pace_or_on_bill_financing","","financing","mixed","none","project_cost_estimate|financing_term_years|interest_rate","ownership_status|down_payment|annual_electric_cost|annual_gas_cost","ownership_status","financing","contractor_quote_required","needs_quote","high","true"
"SOURCE_DSIRE:dsire_program_id:2316","whole_building_custom_efficiency","electric_usage_reduction|hvac_electric_efficiency|gas_usage_reduction|refrigeration_electric_efficiency|motor_vfd_efficiency|controls_building_automation|commercial_kitchen_equipment_efficiency|battery_tou_demand_savings|water_sewer_reduction","bill_savings|upfront_cost_reduction","residential_only","electric|gas|water_sewer","annual_kwh|annual_electric_cost|average_cost_per_kwh","annual_therms|average_cost_per_therm|peak_kw|demand_charge_rate|square_footage|monthly_kwh|rate_schedule|delivery_charges|generation_charges|demand_charges|monthly_therms|gas_rate_schedule|time_of_use_periods|annual_water_use|annual_water_cost|annual_sewer_cost|annual_kwh|monthly_peak_kw|monthly_water_use|water_unit|sewer_cost|meter_size|irrigation_meter_present","project_cost_estimate|equipment_category","per_kwh_saved","benchmark_range","needs_bill","low","true"
"SOURCE_DSIRE:dsire_program_id:22370","ev_charging_site_load","project_cost_reduction_only","bill_savings|upfront_cost_reduction","mixed","electric|none","rate_schedule|annual_kwh|average_cost_per_kwh","peak_kw|demand_charge_rate|time_of_use_periods|contractor_quote_amount|quote_date","parking_spaces|ownership_status|equipment_category","per_unit","cost_per_unit","needs_quote","high","true"
"SOURCE_DSIRE:dsire_program_id:22514","grant_funding","electric_usage_reduction","bill_savings|upfront_cost_reduction","business_relevant","none|electric","project_cost_estimate","contractor_quote_amount|monthly_kwh|rate_schedule|delivery_charges|generation_charges","equipment_category|project_timing","grant_amount","contractor_quote_required","needs_quote","high","false"
"SOURCE_DSIRE:dsire_program_id:22504","project_cost_reduction_only","","upfront_cost_reduction","mixed","none","project_cost_estimate","contractor_quote_amount|quote_date","equipment_category","per_unit","benchmark_range","needs_equipment_details","medium","true"
"SOURCE_DSIRE:dsire_program_id:3745","whole_building_custom_efficiency","electric_usage_reduction|hvac_electric_efficiency|gas_usage_reduction|refrigeration_electric_efficiency|motor_vfd_efficiency|controls_building_automation","bill_savings|upfront_cost_reduction","residential_only","electric|gas","annual_kwh|annual_electric_cost|average_cost_per_kwh","annual_therms|average_cost_per_therm|peak_kw|demand_charge_rate|square_footage|monthly_kwh|rate_schedule|delivery_charges|generation_charges|demand_charges|monthly_therms|gas_rate_schedule|time_of_use_periods","project_cost_estimate|equipment_category","per_kwh_saved","benchmark_range","needs_bill","low","true"
"SOURCE_DSIRE:dsire_program_id:2467","financing_cash_flow","hvac_electric_efficiency|motor_vfd_efficiency","bill_savings|financing","residential_only","none|electric","project_cost_estimate|interest_rate|financing_term_years","down_payment|contractor_quote_amount|monthly_kwh|peak_kw|demand_charges|rate_schedule|demand_charge_rate","equipment_category","financing","contractor_quote_required","needs_quote","low","true"
"SOURCE_CA_ENERGY_COMMISSION:cec_solicitation_number:GFO-21-304","grant_funding","","upfront_cost_reduction","business_relevant","none","project_cost_estimate","contractor_quote_amount","equipment_category|project_timing","grant_amount","contractor_quote_required","needs_quote","medium","true"
"SOURCE_DSIRE:dsire_program_id:2121","fleet_fuel_replacement","ev_charging_site_load","bill_savings|upfront_cost_reduction","residential_only","fuel|electric","annual_gallons|annual_fuel_cost|average_cost_per_gallon|vehicle_count","estimated_miles|fuel_type|monthly_fuel_cost|rate_schedule|average_cost_per_kwh|peak_kw|demand_charge_rate|time_of_use_periods","vehicle_count","per_unit","cost_per_unit","needs_equipment_details","low","true"
"SOURCE_DSIRE:dsire_program_id:2837","ev_charging_site_load","project_cost_reduction_only","bill_savings|upfront_cost_reduction","residential_only","electric|none","rate_schedule|annual_kwh|average_cost_per_kwh","peak_kw|demand_charge_rate|time_of_use_periods|contractor_quote_amount|quote_date","parking_spaces|ownership_status|equipment_category","per_unit","cost_per_unit","needs_quote","low","true"
"SOURCE_DSIRE:dsire_program_id:22578","grant_funding","solar_electric_offset","bill_savings|upfront_cost_reduction","public_nonprofit_only","none|electric","project_cost_estimate","contractor_quote_amount|time_of_use_periods|demand_charges|generation_charges|delivery_charges","equipment_category|project_timing","grant_amount","contractor_quote_required","needs_quote","high","true"
"SOURCE_DSIRE:dsire_program_id:3105","whole_building_custom_efficiency","electric_usage_reduction|hvac_electric_efficiency|refrigeration_electric_efficiency|motor_vfd_efficiency|controls_building_automation|water_sewer_reduction","bill_savings|upfront_cost_reduction","mixed","electric|water_sewer","annual_kwh|annual_electric_cost|average_cost_per_kwh","annual_therms|average_cost_per_therm|peak_kw|demand_charge_rate|square_footage|monthly_kwh|rate_schedule|delivery_charges|generation_charges|demand_charges|time_of_use_periods|monthly_water_use|water_unit|sewer_cost|meter_size|irrigation_meter_present","project_cost_estimate|equipment_category","per_kwh_saved","benchmark_range","needs_bill","medium","true"
"SOURCE_DSIRE:dsire_program_id:22132","financing_cash_flow","hvac_electric_efficiency|gas_usage_reduction|motor_vfd_efficiency|controls_building_automation","bill_savings|financing","residential_only","none|electric|gas","project_cost_estimate|interest_rate|financing_term_years","down_payment|contractor_quote_amount|monthly_kwh|peak_kw|demand_charges|rate_schedule|monthly_therms|gas_rate_schedule|demand_charge_rate|annual_therms|time_of_use_periods","equipment_category","financing","contractor_quote_required","needs_quote","low","true"
"SOURCE_DSIRE:dsire_program_id:2664","whole_building_custom_efficiency","electric_usage_reduction|hvac_electric_efficiency|gas_usage_reduction|motor_vfd_efficiency|battery_tou_demand_savings","bill_savings|upfront_cost_reduction","residential_only","electric|gas","annual_kwh|annual_electric_cost|average_cost_per_kwh","annual_therms|average_cost_per_therm|peak_kw|demand_charge_rate|square_footage|monthly_kwh|rate_schedule|delivery_charges|generation_charges|demand_charges|monthly_therms|gas_rate_schedule|annual_kwh|monthly_peak_kw","project_cost_estimate|equipment_category","per_kwh_saved","benchmark_range","needs_bill","low","true"
"SOURCE_DSIRE:dsire_program_id:5114","motor_vfd_efficiency","","bill_savings|upfront_cost_reduction","residential_only","electric","annual_kwh|annual_electric_cost|average_cost_per_kwh","peak_kw|demand_charge_rate|monthly_kwh","equipment_category|quantity","per_unit","cost_per_unit","needs_equipment_details","low","true"
"SOURCE_DSIRE:dsire_program_id:4558","financing_cash_flow","hvac_electric_efficiency|gas_usage_reduction|refrigeration_electric_efficiency|motor_vfd_efficiency|controls_building_automation|water_sewer_reduction","bill_savings|financing","residential_only","none|electric|gas|water_sewer","project_cost_estimate|interest_rate|financing_term_years","down_payment|contractor_quote_amount|monthly_kwh|peak_kw|demand_charges|rate_schedule|monthly_therms|gas_rate_schedule|demand_charge_rate|annual_therms|time_of_use_periods|monthly_water_use|water_unit|sewer_cost|meter_size|irrigation_meter_present","equipment_category","financing","contractor_quote_required","needs_quote","low","true"
"SOURCE_DSIRE:dsire_program_id:2290","ev_charging_site_load","project_cost_reduction_only","bill_savings|upfront_cost_reduction","residential_only","electric|none","rate_schedule|annual_kwh|average_cost_per_kwh","peak_kw|demand_charge_rate|time_of_use_periods|contractor_quote_amount|quote_date","parking_spaces|ownership_status|equipment_category","per_unit","cost_per_unit","needs_quote","low","true"
"SOURCE_DSIRE:dsire_program_id:22227","grant_funding","controls_building_automation","bill_savings|upfront_cost_reduction","unknown","none|electric","project_cost_estimate","contractor_quote_amount|annual_therms|peak_kw|demand_charges|time_of_use_periods","equipment_category|project_timing","grant_amount","contractor_quote_required","needs_quote","low","true"
"SOURCE_DSIRE:dsire_program_id:2011","financing_cash_flow","hvac_electric_efficiency|gas_usage_reduction|refrigeration_electric_efficiency|motor_vfd_efficiency|controls_building_automation","bill_savings|financing","residential_only","none|electric|gas","project_cost_estimate|interest_rate|financing_term_years","down_payment|contractor_quote_amount|monthly_kwh|peak_kw|demand_charges|rate_schedule|monthly_therms|gas_rate_schedule|demand_charge_rate|annual_therms|time_of_use_periods","equipment_category","financing","contractor_quote_required","needs_quote","low","true"
"SOURCE_DSIRE:dsire_program_id:4552","sales_or_property_tax_exemption","solar_electric_offset","bill_savings|tax_benefit","unknown","none|electric","project_cost_estimate","ownership_status|tax_entity_type|contractor_quote_amount|time_of_use_periods|demand_charges|generation_charges|delivery_charges","equipment_category","tax_exemption","benchmark_range","needs_tax_review","low","true"
"SOURCE_DSIRE:dsire_program_id:2552","ev_charging_site_load","project_cost_reduction_only","bill_savings|upfront_cost_reduction","mixed","electric|none","rate_schedule|annual_kwh|average_cost_per_kwh","peak_kw|demand_charge_rate|time_of_use_periods|contractor_quote_amount|quote_date","parking_spaces|ownership_status|equipment_category","per_unit","cost_per_unit","needs_quote","medium","true"
"SOURCE_DSIRE:dsire_program_id:4703","sales_or_property_tax_exemption","","tax_benefit","residential_only","none","project_cost_estimate","ownership_status|tax_entity_type|contractor_quote_amount","equipment_category","tax_exemption","benchmark_range","needs_tax_review","low","true"
"SOURCE_DSIRE:dsire_program_id:22568","controls_building_automation","","bill_savings|upfront_cost_reduction","residential_only","electric","annual_kwh|rate_schedule","annual_therms|peak_kw|demand_charges|time_of_use_periods","square_footage|equipment_category","per_unit","benchmark_range","needs_equipment_details","low","true"
"SOURCE_CA_ENERGY_COMMISSION:cec_solicitation_number:RFQ-24-701","grant_funding","","upfront_cost_reduction","business_relevant","none","project_cost_estimate","contractor_quote_amount","equipment_category|project_timing","grant_amount","contractor_quote_required","needs_quote","high","false"
"SOURCE_DSIRE:dsire_program_id:1958","motor_vfd_efficiency","","bill_savings|upfront_cost_reduction","residential_only","electric","annual_kwh|annual_electric_cost|average_cost_per_kwh","peak_kw|demand_charge_rate|monthly_kwh","equipment_category|quantity","per_unit","cost_per_unit","needs_equipment_details","low","true"
"SOURCE_DSIRE:dsire_program_id:22739","ev_charging_site_load","project_cost_reduction_only","bill_savings|upfront_cost_reduction","residential_only","electric|none","rate_schedule|annual_kwh|average_cost_per_kwh","peak_kw|demand_charge_rate|time_of_use_periods|contractor_quote_amount|quote_date","parking_spaces|ownership_status|equipment_category","per_unit","cost_per_unit","needs_quote","low","true"
"SOURCE_DSIRE:dsire_program_id:4630","solar_electric_offset","project_cost_reduction_only","bill_savings|upfront_cost_reduction","residential_only","electric|none","annual_kwh|monthly_kwh|average_cost_per_kwh|rate_schedule","time_of_use_periods|demand_charges|generation_charges|delivery_charges|contractor_quote_amount|quote_date","roof_area|ownership_status","per_kw","cost_per_kw","needs_bill","low","true"
"SOURCE_DSIRE:dsire_program_id:5756","commercial_kitchen_equipment_efficiency","water_sewer_reduction","bill_savings|upfront_cost_reduction","business_relevant","electric|water_sewer","annual_kwh|annual_electric_cost|average_cost_per_kwh","annual_therms|average_cost_per_therm|annual_water_use|annual_water_cost|annual_sewer_cost|monthly_water_use|water_unit|sewer_cost|meter_size|irrigation_meter_present","equipment_category|quantity","per_unit","cost_per_unit","needs_equipment_details","medium","true"
"SOURCE_DSIRE:dsire_program_id:1674","whole_building_custom_efficiency","hvac_electric_efficiency|gas_usage_reduction|motor_vfd_efficiency","bill_savings|upfront_cost_reduction","residential_only","electric|gas","annual_kwh|annual_electric_cost|average_cost_per_kwh","annual_therms|average_cost_per_therm|peak_kw|demand_charge_rate|square_footage|monthly_kwh|demand_charges|rate_schedule|monthly_therms|gas_rate_schedule","project_cost_estimate|equipment_category","per_kwh_saved","benchmark_range","needs_bill","low","true"
"SOURCE_DSIRE:dsire_program_id:5903","program_rule_value_only","","policy_or_permitting","unknown","none","","service_address|utility_provider","project_timing","unknown","unknown","policy_only","low","true"
"SOURCE_DSIRE:dsire_program_id:4633","financing_cash_flow","electric_usage_reduction|hvac_electric_efficiency|gas_usage_reduction|refrigeration_electric_efficiency|motor_vfd_efficiency|controls_building_automation|commercial_kitchen_equipment_efficiency","bill_savings|financing","business_relevant","none|electric|gas","project_cost_estimate|interest_rate|financing_term_years","down_payment|contractor_quote_amount|monthly_kwh|rate_schedule|delivery_charges|generation_charges|peak_kw|demand_charges|monthly_therms|gas_rate_schedule|demand_charge_rate|annual_therms|time_of_use_periods|average_cost_per_therm|annual_water_use|annual_water_cost|annual_sewer_cost","equipment_category","financing","contractor_quote_required","needs_quote","medium","true"
"SOURCE_DSIRE:dsire_program_id:3754","refrigeration_electric_efficiency","electric_usage_reduction","bill_savings|upfront_cost_reduction","business_relevant","electric","annual_kwh|annual_electric_cost|average_cost_per_kwh","monthly_kwh|peak_kw|demand_charges|rate_schedule|delivery_charges|generation_charges","equipment_category|quantity","per_unit","cost_per_unit","needs_equipment_details","high","false"
"SOURCE_DSIRE:dsire_program_id:1952","sales_or_property_tax_exemption","","tax_benefit","mixed","none","project_cost_estimate","ownership_status|tax_entity_type|contractor_quote_amount","equipment_category","tax_exemption","benchmark_range","needs_tax_review","medium","true"
"SOURCE_DSIRE:dsire_program_id:5020","program_rule_value_only","","policy_or_permitting","mixed","none","","service_address|utility_provider","project_timing","unknown","unknown","policy_only","low","true"
"SOURCE_DSIRE:dsire_program_id:22729","hvac_electric_efficiency","project_cost_reduction_only","bill_savings|upfront_cost_reduction","residential_only","electric|none","annual_kwh|annual_electric_cost|average_cost_per_kwh","monthly_kwh|peak_kw|demand_charges|rate_schedule|contractor_quote_amount|quote_date","equipment_category|square_footage","per_unit","cost_per_unit","needs_bill","low","true"
"SOURCE_DSIRE:dsire_program_id:1300","whole_building_custom_efficiency","electric_usage_reduction|hvac_electric_efficiency|gas_usage_reduction|refrigeration_electric_efficiency|motor_vfd_efficiency|controls_building_automation|commercial_kitchen_equipment_efficiency|water_sewer_reduction","bill_savings|upfront_cost_reduction","mixed","electric|gas|water_sewer","annual_kwh|annual_electric_cost|average_cost_per_kwh","annual_therms|average_cost_per_therm|peak_kw|demand_charge_rate|square_footage|monthly_kwh|rate_schedule|delivery_charges|generation_charges|demand_charges|monthly_therms|gas_rate_schedule|time_of_use_periods|annual_water_use|annual_water_cost|annual_sewer_cost|monthly_water_use|water_unit|sewer_cost|meter_size|irrigation_meter_present","project_cost_estimate|equipment_category","per_kwh_saved","benchmark_range","needs_bill","medium","true"
"SOURCE_DSIRE:dsire_program_id:22748","whole_building_custom_efficiency","hvac_electric_efficiency|gas_usage_reduction|motor_vfd_efficiency|water_sewer_reduction","bill_savings|upfront_cost_reduction","residential_only","electric|gas|water_sewer","annual_kwh|annual_electric_cost|average_cost_per_kwh","annual_therms|average_cost_per_therm|peak_kw|demand_charge_rate|square_footage|monthly_kwh|demand_charges|rate_schedule|monthly_therms|gas_rate_schedule|monthly_water_use|water_unit|sewer_cost|meter_size|irrigation_meter_present","project_cost_estimate|equipment_category","per_kwh_saved","benchmark_range","needs_bill","low","true"
"SOURCE_CA_ENERGY_COMMISSION:cec_solicitation_number:GFO-23-608","grant_funding","electric_usage_reduction|ev_charging_site_load","bill_savings|upfront_cost_reduction","business_relevant","none|electric","project_cost_estimate","contractor_quote_amount|monthly_kwh|rate_schedule|delivery_charges|generation_charges|peak_kw|demand_charge_rate|time_of_use_periods","equipment_category|project_timing","grant_amount","contractor_quote_required","needs_quote","high","false"
"SOURCE_DSIRE:dsire_program_id:22477","grant_funding","","upfront_cost_reduction","public_nonprofit_only","none","project_cost_estimate","contractor_quote_amount","equipment_category|project_timing","grant_amount","contractor_quote_required","needs_quote","high","true"
"SOURCE_DSIRE:dsire_program_id:3912","gas_usage_reduction","project_cost_reduction_only","bill_savings|upfront_cost_reduction","business_relevant","gas|none","annual_therms|annual_gas_cost|average_cost_per_therm","monthly_therms|gas_rate_schedule|contractor_quote_amount|quote_date","equipment_category","per_unit","cost_per_unit","needs_bill","medium","true"
"SOURCE_DSIRE:dsire_program_id:5189","solar_electric_offset","project_cost_reduction_only","bill_savings|upfront_cost_reduction","mixed","electric|none","annual_kwh|monthly_kwh|average_cost_per_kwh|rate_schedule","time_of_use_periods|demand_charges|generation_charges|delivery_charges|contractor_quote_amount|quote_date","roof_area|ownership_status","per_kw","cost_per_kw","needs_bill","medium","true"
"SOURCE_DSIRE:dsire_program_id:4193","gas_usage_reduction","project_cost_reduction_only","bill_savings|upfront_cost_reduction","residential_only","gas|none","annual_therms|annual_gas_cost|average_cost_per_therm","monthly_therms|gas_rate_schedule|contractor_quote_amount|quote_date","equipment_category","per_unit","cost_per_unit","needs_bill","low","true"
"SOURCE_DSIRE:dsire_program_id:173","sales_or_property_tax_exemption","electric_usage_reduction","bill_savings|tax_benefit","business_relevant","none|electric","project_cost_estimate","ownership_status|tax_entity_type|contractor_quote_amount|monthly_kwh|rate_schedule|delivery_charges|generation_charges","equipment_category","tax_exemption","benchmark_range","needs_tax_review","medium","false"
"SOURCE_DSIRE:dsire_program_id:54","sales_or_property_tax_exemption","electric_usage_reduction|solar_electric_offset","bill_savings|tax_benefit","mixed","none|electric","project_cost_estimate","ownership_status|tax_entity_type|contractor_quote_amount|monthly_kwh|rate_schedule|delivery_charges|generation_charges|time_of_use_periods|demand_charges","equipment_category","tax_exemption","benchmark_range","needs_tax_review","medium","true"
"SOURCE_DSIRE:dsire_program_id:22488","solar_electric_offset","project_cost_reduction_only","bill_savings|upfront_cost_reduction","mixed","electric|none","annual_kwh|monthly_kwh|average_cost_per_kwh|rate_schedule","time_of_use_periods|demand_charges|generation_charges|delivery_charges|contractor_quote_amount|quote_date","roof_area|ownership_status","per_kw","cost_per_kw","needs_bill","medium","true"
"SOURCE_DSIRE:dsire_program_id:22695","envelope_insulation_savings","project_cost_reduction_only","bill_savings|upfront_cost_reduction","residential_only","gas|none","annual_therms|annual_gas_cost|average_cost_per_therm","annual_kwh|average_cost_per_kwh|square_footage|contractor_quote_amount|quote_date","square_footage|equipment_category","per_unit","cost_per_sqft","needs_bill","low","true"
"SOURCE_DSIRE:dsire_program_id:4142","refrigeration_electric_efficiency","electric_usage_reduction","bill_savings|upfront_cost_reduction","mixed","electric","annual_kwh|annual_electric_cost|average_cost_per_kwh","monthly_kwh|peak_kw|demand_charges|rate_schedule|delivery_charges|generation_charges","equipment_category|quantity","per_unit","cost_per_unit","needs_equipment_details","medium","true"
"SOURCE_DSIRE:dsire_program_id:22155","fleet_fuel_replacement","ev_charging_site_load","bill_savings|upfront_cost_reduction","business_relevant","fuel|electric","annual_gallons|annual_fuel_cost|average_cost_per_gallon|vehicle_count","estimated_miles|fuel_type|monthly_fuel_cost|rate_schedule|average_cost_per_kwh|peak_kw|demand_charge_rate|time_of_use_periods","vehicle_count","per_unit","cost_per_unit","needs_equipment_details","high","false"
"SOURCE_DSIRE:dsire_program_id:3626","pace_or_on_bill_financing","","financing","mixed","none","project_cost_estimate|financing_term_years|interest_rate","ownership_status|down_payment|annual_electric_cost|annual_gas_cost","ownership_status","financing","contractor_quote_required","needs_quote","high","true"
"SOURCE_DSIRE:dsire_program_id:22548","ev_charging_site_load","project_cost_reduction_only","bill_savings|upfront_cost_reduction","residential_only","electric|none","rate_schedule|annual_kwh|average_cost_per_kwh","peak_kw|demand_charge_rate|time_of_use_periods|contractor_quote_amount|quote_date","parking_spaces|ownership_status|equipment_category","per_unit","cost_per_unit","needs_quote","low","true"
"SOURCE_DSIRE:dsire_program_id:22062","electric_usage_reduction","project_cost_reduction_only","bill_savings|upfront_cost_reduction","business_relevant","electric|none","annual_kwh|annual_electric_cost|average_cost_per_kwh","monthly_kwh|rate_schedule|delivery_charges|generation_charges|contractor_quote_amount|quote_date","equipment_category","per_unit","cost_per_unit","needs_bill","medium","true"
"SOURCE_CA_ENERGY_COMMISSION:cec_solicitation_number:GFO-24-605","grant_funding","","upfront_cost_reduction","business_relevant","none","project_cost_estimate","contractor_quote_amount","equipment_category|project_timing","grant_amount","contractor_quote_required","needs_quote","high","false"
"SOURCE_CA_ENERGY_COMMISSION:cec_solicitation_number:RFP-24-802","grant_funding","","upfront_cost_reduction","business_relevant","none","project_cost_estimate","contractor_quote_amount","equipment_category|project_timing","grant_amount","contractor_quote_required","needs_quote","high","false"
"SOURCE_DSIRE:dsire_program_id:4197","whole_building_custom_efficiency","electric_usage_reduction|hvac_electric_efficiency|gas_usage_reduction|motor_vfd_efficiency|controls_building_automation|commercial_kitchen_equipment_efficiency|battery_tou_demand_savings|water_sewer_reduction","bill_savings|upfront_cost_reduction","mixed","electric|gas|water_sewer","annual_kwh|annual_electric_cost|average_cost_per_kwh","annual_therms|average_cost_per_therm|peak_kw|demand_charge_rate|square_footage|monthly_kwh|rate_schedule|delivery_charges|generation_charges|demand_charges|monthly_therms|gas_rate_schedule|time_of_use_periods|annual_water_use|annual_water_cost|annual_sewer_cost|annual_kwh|monthly_peak_kw|monthly_water_use|water_unit|sewer_cost|meter_size|irrigation_meter_present","project_cost_estimate|equipment_category","per_kwh_saved","benchmark_range","needs_bill","medium","true"
"SOURCE_CA_ENERGY_COMMISSION:cec_url_hash:url_hash:5c082382a1743f59","grant_funding","","upfront_cost_reduction","unknown","none","project_cost_estimate","contractor_quote_amount","equipment_category|project_timing","grant_amount","contractor_quote_required","needs_quote","low","true"
"SOURCE_CA_ENERGY_COMMISSION:cec_solicitation_number:GFO-22-502","grant_funding","","upfront_cost_reduction","business_relevant","none","project_cost_estimate","contractor_quote_amount","equipment_category|project_timing","grant_amount","contractor_quote_required","needs_quote","high","false"
"SOURCE_DSIRE:dsire_program_id:2237","ev_charging_site_load","project_cost_reduction_only","bill_savings|upfront_cost_reduction","residential_only","electric|none","rate_schedule|annual_kwh|average_cost_per_kwh","peak_kw|demand_charge_rate|time_of_use_periods|contractor_quote_amount|quote_date","parking_spaces|ownership_status|equipment_category","per_unit","cost_per_unit","needs_quote","low","true"
"SOURCE_DSIRE:dsire_program_id:3557","net_metering_or_export_value","solar_electric_offset","bill_savings|policy_or_permitting","mixed","electric","annual_kwh|monthly_kwh|rate_schedule","time_of_use_periods|generation_charges|delivery_charges|demand_charges","equipment_category|roof_area","unknown","unknown","policy_only","low","true"
"SOURCE_DSIRE:dsire_program_id:3559","program_rule_value_only","","policy_or_permitting","mixed","none","","service_address|utility_provider","project_timing","unknown","unknown","policy_only","low","true"
"SOURCE_DSIRE:dsire_program_id:22444","project_cost_reduction_only","","upfront_cost_reduction","mixed","none","project_cost_estimate","contractor_quote_amount|quote_date","equipment_category","per_unit","benchmark_range","needs_equipment_details","medium","true"
"SOURCE_DSIRE:dsire_program_id:3153","controls_building_automation","","bill_savings|upfront_cost_reduction","business_relevant","electric","annual_kwh|rate_schedule","annual_therms|peak_kw|demand_charges|time_of_use_periods","square_footage|equipment_category","per_unit","benchmark_range","needs_equipment_details","medium","true"
"SOURCE_DSIRE:dsire_program_id:5708","motor_vfd_efficiency","","bill_savings|upfront_cost_reduction","residential_only","electric","annual_kwh|annual_electric_cost|average_cost_per_kwh","peak_kw|demand_charge_rate|monthly_kwh","equipment_category|quantity","per_unit","cost_per_unit","needs_equipment_details","low","true"
"SOURCE_DSIRE:dsire_program_id:1239","electric_usage_reduction","project_cost_reduction_only","bill_savings|upfront_cost_reduction","mixed","electric|none","annual_kwh|annual_electric_cost|average_cost_per_kwh","monthly_kwh|rate_schedule|delivery_charges|generation_charges|contractor_quote_amount|quote_date","equipment_category","per_unit","cost_per_unit","needs_bill","medium","true"
"SOURCE_CA_ENERGY_COMMISSION:cec_solicitation_number:GFO-23-311","grant_funding","","upfront_cost_reduction","business_relevant","none","project_cost_estimate","contractor_quote_amount","equipment_category|project_timing","grant_amount","contractor_quote_required","needs_quote","high","false"
"SOURCE_DSIRE:dsire_program_id:2796","sales_or_property_tax_exemption","electric_usage_reduction|hvac_electric_efficiency|controls_building_automation|commercial_kitchen_equipment_efficiency|water_sewer_reduction","bill_savings|tax_benefit","unknown","none|electric|water_sewer","project_cost_estimate","ownership_status|tax_entity_type|contractor_quote_amount|monthly_kwh|rate_schedule|delivery_charges|generation_charges|peak_kw|demand_charges|annual_therms|time_of_use_periods|average_cost_per_therm|annual_water_use|annual_water_cost|annual_sewer_cost|monthly_water_use|water_unit|sewer_cost|meter_size|irrigation_meter_present","equipment_category","tax_exemption","benchmark_range","needs_tax_review","low","true"
"SOURCE_DSIRE:dsire_program_id:4341","program_rule_value_only","","policy_or_permitting","mixed","none","","service_address|utility_provider","project_timing","unknown","unknown","policy_only","low","true"
"SOURCE_DSIRE:dsire_program_id:22320","fleet_fuel_replacement","ev_charging_site_load","bill_savings|upfront_cost_reduction","business_relevant","fuel|electric","annual_gallons|annual_fuel_cost|average_cost_per_gallon|vehicle_count","estimated_miles|fuel_type|monthly_fuel_cost|rate_schedule|average_cost_per_kwh|peak_kw|demand_charge_rate|time_of_use_periods","vehicle_count","per_unit","cost_per_unit","needs_equipment_details","high","false"
"SOURCE_DSIRE:dsire_program_id:22558","ev_charging_site_load","project_cost_reduction_only","bill_savings|upfront_cost_reduction","residential_only","electric|none","rate_schedule|annual_kwh|average_cost_per_kwh","peak_kw|demand_charge_rate|time_of_use_periods|contractor_quote_amount|quote_date","parking_spaces|ownership_status|equipment_category","per_unit","cost_per_unit","needs_quote","low","true"
"SOURCE_DSIRE:dsire_program_id:22332","ev_charging_site_load","project_cost_reduction_only","bill_savings|upfront_cost_reduction","mixed","electric|none","rate_schedule|annual_kwh|average_cost_per_kwh","peak_kw|demand_charge_rate|time_of_use_periods|contractor_quote_amount|quote_date","parking_spaces|ownership_status|equipment_category","per_unit","cost_per_unit","needs_quote","medium","true"
"SOURCE_DSIRE:dsire_program_id:3652","pace_or_on_bill_financing","","financing","residential_only","none","project_cost_estimate|financing_term_years|interest_rate","ownership_status|down_payment|annual_electric_cost|annual_gas_cost","ownership_status","financing","contractor_quote_required","needs_quote","low","true"
"SOURCE_CA_ENERGY_COMMISSION:cec_solicitation_number:GFO-25-902","grant_funding","","upfront_cost_reduction","business_relevant","none","project_cost_estimate","contractor_quote_amount","equipment_category|project_timing","grant_amount","contractor_quote_required","needs_quote","high","false"
"SOURCE_DSIRE:dsire_program_id:5836","grant_funding","electric_usage_reduction","bill_savings|upfront_cost_reduction","mixed","none|electric","project_cost_estimate","contractor_quote_amount|monthly_kwh|rate_schedule|delivery_charges|generation_charges","equipment_category|project_timing","grant_amount","contractor_quote_required","needs_quote","high","true"
"SOURCE_CA_ENERGY_COMMISSION:cec_solicitation_number:GFO-24-306","grant_funding","","upfront_cost_reduction","unknown","none","project_cost_estimate","contractor_quote_amount","equipment_category|project_timing","grant_amount","contractor_quote_required","needs_quote","low","true"
"SOURCE_DSIRE:dsire_program_id:22351","motor_vfd_efficiency","","bill_savings|upfront_cost_reduction","unknown","electric","annual_kwh|annual_electric_cost|average_cost_per_kwh","peak_kw|demand_charge_rate|monthly_kwh","equipment_category|quantity","per_unit","cost_per_unit","needs_equipment_details","low","true"
"SOURCE_DSIRE:dsire_program_id:22419","interconnection_or_grid_access_value","","policy_or_permitting","unknown","none","","utility_provider|service_address|rate_schedule","equipment_category|project_timing","unknown","unknown","policy_only","low","true"
"SOURCE_DSIRE:dsire_program_id:3441","refrigeration_electric_efficiency","electric_usage_reduction","bill_savings|upfront_cost_reduction","residential_only","electric","annual_kwh|annual_electric_cost|average_cost_per_kwh","monthly_kwh|peak_kw|demand_charges|rate_schedule|delivery_charges|generation_charges","equipment_category|quantity","per_unit","cost_per_unit","needs_equipment_details","low","true"
"SOURCE_DSIRE:dsire_program_id:22324","fleet_fuel_replacement","ev_charging_site_load","bill_savings|upfront_cost_reduction","residential_only","fuel|electric","annual_gallons|annual_fuel_cost|average_cost_per_gallon|vehicle_count","estimated_miles|fuel_type|monthly_fuel_cost|rate_schedule|average_cost_per_kwh|peak_kw|demand_charge_rate|time_of_use_periods","vehicle_count","per_unit","cost_per_unit","needs_equipment_details","low","true"
"SOURCE_DSIRE:dsire_program_id:4330","tax_benefit_project_cost_reduction","solar_electric_offset|battery_tou_demand_savings","bill_savings|tax_benefit","business_relevant","none|electric","project_cost_estimate|tax_entity_type","ownership_status|tax_appetite_unknown|contractor_quote_amount|time_of_use_periods|demand_charges|generation_charges|delivery_charges|annual_kwh|monthly_peak_kw","equipment_category","tax_credit","benchmark_range","needs_tax_review","medium","true"
"SOURCE_DSIRE:dsire_program_id:3148","controls_building_automation","","bill_savings|upfront_cost_reduction","business_relevant","electric","annual_kwh|rate_schedule","annual_therms|peak_kw|demand_charges|time_of_use_periods","square_footage|equipment_category","per_unit","benchmark_range","needs_equipment_details","medium","true"
"SOURCE_CA_ENERGY_COMMISSION:cec_solicitation_number:GFO-24-608","grant_funding","","upfront_cost_reduction","business_relevant","none","project_cost_estimate","contractor_quote_amount","equipment_category|project_timing","grant_amount","contractor_quote_required","needs_quote","high","false"
"SOURCE_DSIRE:dsire_program_id:1806","whole_building_custom_efficiency","hvac_electric_efficiency|gas_usage_reduction|refrigeration_electric_efficiency|motor_vfd_efficiency|controls_building_automation|battery_tou_demand_savings|water_sewer_reduction","bill_savings|upfront_cost_reduction","residential_only","electric|gas|water_sewer","annual_kwh|annual_electric_cost|average_cost_per_kwh","annual_therms|average_cost_per_therm|peak_kw|demand_charge_rate|square_footage|monthly_kwh|demand_charges|rate_schedule|monthly_therms|gas_rate_schedule|time_of_use_periods|annual_kwh|monthly_peak_kw|monthly_water_use|water_unit|sewer_cost|meter_size|irrigation_meter_present","project_cost_estimate|equipment_category","per_kwh_saved","benchmark_range","needs_bill","low","true"
"SOURCE_DSIRE:dsire_program_id:22403","fleet_fuel_replacement","ev_charging_site_load","bill_savings|upfront_cost_reduction","unknown","fuel|electric","annual_gallons|annual_fuel_cost|average_cost_per_gallon|vehicle_count","estimated_miles|fuel_type|monthly_fuel_cost|rate_schedule|average_cost_per_kwh|peak_kw|demand_charge_rate|time_of_use_periods","vehicle_count","per_unit","cost_per_unit","needs_equipment_details","low","true"
"SOURCE_DSIRE:dsire_program_id:80","tax_benefit_project_cost_reduction","electric_usage_reduction|solar_electric_offset","bill_savings|tax_benefit","residential_only","none|electric","project_cost_estimate|tax_entity_type","ownership_status|tax_appetite_unknown|contractor_quote_amount|monthly_kwh|rate_schedule|delivery_charges|generation_charges|time_of_use_periods|demand_charges","equipment_category","tax_credit","benchmark_range","needs_tax_review","low","true"
"SOURCE_DSIRE:dsire_program_id:3939","controls_building_automation","","bill_savings|upfront_cost_reduction","business_relevant","electric","annual_kwh|rate_schedule","annual_therms|peak_kw|demand_charges|time_of_use_periods","square_footage|equipment_category","per_unit","benchmark_range","needs_equipment_details","medium","true"
"SOURCE_DSIRE:dsire_program_id:3639","controls_building_automation","","bill_savings|upfront_cost_reduction","business_relevant","electric","annual_kwh|rate_schedule","annual_therms|peak_kw|demand_charges|time_of_use_periods","square_footage|equipment_category","per_unit","benchmark_range","needs_equipment_details","medium","true"
"SOURCE_DSIRE:dsire_program_id:2369","sales_or_property_tax_exemption","","tax_benefit","mixed","none","project_cost_estimate","ownership_status|tax_entity_type|contractor_quote_amount","equipment_category","tax_exemption","benchmark_range","needs_tax_review","medium","true"
"SOURCE_DSIRE:dsire_program_id:2861","refrigeration_electric_efficiency","electric_usage_reduction","bill_savings|upfront_cost_reduction","residential_only","electric","annual_kwh|annual_electric_cost|average_cost_per_kwh","monthly_kwh|peak_kw|demand_charges|rate_schedule|delivery_charges|generation_charges","equipment_category|quantity","per_unit","cost_per_unit","needs_equipment_details","low","true"
"SOURCE_DSIRE:dsire_program_id:22760","ev_charging_site_load","project_cost_reduction_only","bill_savings|upfront_cost_reduction","mixed","electric|none","rate_schedule|annual_kwh|average_cost_per_kwh","peak_kw|demand_charge_rate|time_of_use_periods|contractor_quote_amount|quote_date","parking_spaces|ownership_status|equipment_category","per_unit","cost_per_unit","needs_quote","high","true"
"SOURCE_CA_ENERGY_COMMISSION:cec_solicitation_number:PON-17-401","financing_cash_flow","","financing","unknown","none","project_cost_estimate|interest_rate|financing_term_years","down_payment|contractor_quote_amount","equipment_category","financing","contractor_quote_required","needs_quote","low","true"
"SOURCE_DSIRE:dsire_program_id:3195","ev_charging_site_load","project_cost_reduction_only","bill_savings|upfront_cost_reduction","residential_only","electric|none","rate_schedule|annual_kwh|average_cost_per_kwh","peak_kw|demand_charge_rate|time_of_use_periods|contractor_quote_amount|quote_date","parking_spaces|ownership_status|equipment_category","per_unit","cost_per_unit","needs_quote","low","true"
"SOURCE_DSIRE:dsire_program_id:22783","grant_funding","","upfront_cost_reduction","unknown","none","project_cost_estimate","contractor_quote_amount","equipment_category|project_timing","grant_amount","contractor_quote_required","needs_quote","low","true"
"SOURCE_SCE_BUSINESS:sce_source_section:d049d8b8e95077d7:shared-fleet-charging-rebate","fleet_fuel_replacement","ev_charging_site_load","bill_savings|upfront_cost_reduction","business_relevant","fuel|electric","annual_gallons|annual_fuel_cost|average_cost_per_gallon|vehicle_count","estimated_miles|fuel_type|monthly_fuel_cost|rate_schedule|average_cost_per_kwh|peak_kw|demand_charge_rate|time_of_use_periods","vehicle_count","per_unit","cost_per_unit","needs_equipment_details","high","false"
"SOURCE_DSIRE:dsire_program_id:5862","motor_vfd_efficiency","","bill_savings|upfront_cost_reduction","residential_only","electric","annual_kwh|annual_electric_cost|average_cost_per_kwh","peak_kw|demand_charge_rate|monthly_kwh","equipment_category|quantity","per_unit","cost_per_unit","needs_equipment_details","low","true"
"SOURCE_DSIRE:dsire_program_id:5251","controls_building_automation","","bill_savings|upfront_cost_reduction","residential_only","electric","annual_kwh|rate_schedule","annual_therms|peak_kw|demand_charges|time_of_use_periods","square_footage|equipment_category","per_unit","benchmark_range","needs_equipment_details","low","true"
"SOURCE_DSIRE:dsire_program_id:22581","pace_or_on_bill_financing","","financing","mixed","none","project_cost_estimate|financing_term_years|interest_rate","ownership_status|down_payment|annual_electric_cost|annual_gas_cost","ownership_status","financing","contractor_quote_required","needs_quote","high","true"
"SOURCE_DSIRE:dsire_program_id:22169","grant_funding","electric_usage_reduction","bill_savings|upfront_cost_reduction","unknown","none|electric","project_cost_estimate","contractor_quote_amount|monthly_kwh|rate_schedule|delivery_charges|generation_charges","equipment_category|project_timing","grant_amount","contractor_quote_required","needs_quote","low","true"
"SOURCE_DSIRE:dsire_program_id:1686","motor_vfd_efficiency","","bill_savings|upfront_cost_reduction","residential_only","electric","annual_kwh|annual_electric_cost|average_cost_per_kwh","peak_kw|demand_charge_rate|monthly_kwh","equipment_category|quantity","per_unit","cost_per_unit","needs_equipment_details","low","true"
"SOURCE_DSIRE:dsire_program_id:4127","whole_building_custom_efficiency","gas_usage_reduction|controls_building_automation","bill_savings|upfront_cost_reduction","residential_only","electric|gas","annual_kwh|annual_electric_cost|average_cost_per_kwh","annual_therms|average_cost_per_therm|peak_kw|demand_charge_rate|square_footage|monthly_therms|gas_rate_schedule|demand_charges|time_of_use_periods","project_cost_estimate|equipment_category","per_kwh_saved","benchmark_range","needs_bill","low","true"
"SOURCE_DSIRE:dsire_program_id:2508","gas_usage_reduction","project_cost_reduction_only","bill_savings|upfront_cost_reduction","residential_only","gas|none","annual_therms|annual_gas_cost|average_cost_per_therm","monthly_therms|gas_rate_schedule|contractor_quote_amount|quote_date","equipment_category","per_unit","cost_per_unit","needs_bill","low","true"
"SOURCE_DSIRE:dsire_program_id:22549","fleet_fuel_replacement","ev_charging_site_load","bill_savings|upfront_cost_reduction","mixed","fuel|electric","annual_gallons|annual_fuel_cost|average_cost_per_gallon|vehicle_count","estimated_miles|fuel_type|monthly_fuel_cost|rate_schedule|average_cost_per_kwh|peak_kw|demand_charge_rate|time_of_use_periods","vehicle_count","per_unit","cost_per_unit","needs_equipment_details","medium","true"
"SOURCE_DSIRE:dsire_program_id:2036","ev_charging_site_load","project_cost_reduction_only","bill_savings|upfront_cost_reduction","mixed","electric|none","rate_schedule|annual_kwh|average_cost_per_kwh","peak_kw|demand_charge_rate|time_of_use_periods|contractor_quote_amount|quote_date","parking_spaces|ownership_status|equipment_category","per_unit","cost_per_unit","needs_quote","medium","true"
"SOURCE_SDGE_BUSINESS:program_url:pep_clearesult_com_pep_heep_program","no_direct_savings","","no_direct_savings","unknown","none","","","","unknown","unknown","unknown","low","true"
"SOURCE_DSIRE:dsire_program_id:22298","ev_charging_site_load","project_cost_reduction_only","bill_savings|upfront_cost_reduction","mixed","electric|none","rate_schedule|annual_kwh|average_cost_per_kwh","peak_kw|demand_charge_rate|time_of_use_periods|contractor_quote_amount|quote_date","parking_spaces|ownership_status|equipment_category","per_unit","cost_per_unit","needs_quote","high","true"
"SOURCE_DSIRE:dsire_program_id:4845","whole_building_custom_efficiency","hvac_electric_efficiency|gas_usage_reduction|refrigeration_electric_efficiency|motor_vfd_efficiency|controls_building_automation|water_sewer_reduction","bill_savings|upfront_cost_reduction","mixed","electric|gas|water_sewer","annual_kwh|annual_electric_cost|average_cost_per_kwh","annual_therms|average_cost_per_therm|peak_kw|demand_charge_rate|square_footage|monthly_kwh|demand_charges|rate_schedule|monthly_therms|gas_rate_schedule|time_of_use_periods|monthly_water_use|water_unit|sewer_cost|meter_size|irrigation_meter_present","project_cost_estimate|equipment_category","per_kwh_saved","benchmark_range","needs_bill","medium","true"
"SOURCE_DSIRE:dsire_program_id:3669","interconnection_or_grid_access_value","","policy_or_permitting","mixed","none","","utility_provider|service_address|rate_schedule","equipment_category|project_timing","unknown","unknown","policy_only","low","true"
"SOURCE_DSIRE:dsire_program_id:1974","financing_cash_flow","hvac_electric_efficiency|motor_vfd_efficiency","bill_savings|financing","residential_only","none|electric","project_cost_estimate|interest_rate|financing_term_years","down_payment|contractor_quote_amount|monthly_kwh|peak_kw|demand_charges|rate_schedule|demand_charge_rate","equipment_category","financing","contractor_quote_required","needs_quote","low","true"
"SOURCE_DSIRE:dsire_program_id:22681","financing_cash_flow","hvac_electric_efficiency|motor_vfd_efficiency","bill_savings|financing","residential_only","none|electric","project_cost_estimate|interest_rate|financing_term_years","down_payment|contractor_quote_amount|monthly_kwh|peak_kw|demand_charges|rate_schedule|demand_charge_rate","equipment_category","financing","contractor_quote_required","needs_quote","low","true"
"SOURCE_DSIRE:dsire_program_id:1536","whole_building_custom_efficiency","gas_usage_reduction","bill_savings|upfront_cost_reduction","residential_only","electric|gas","annual_kwh|annual_electric_cost|average_cost_per_kwh","annual_therms|average_cost_per_therm|peak_kw|demand_charge_rate|square_footage|monthly_therms|gas_rate_schedule","project_cost_estimate|equipment_category","per_kwh_saved","benchmark_range","needs_bill","low","true"
"SOURCE_CA_ENERGY_COMMISSION:cec_solicitation_number:GFO-25-605","grant_funding","","upfront_cost_reduction","business_relevant","none","project_cost_estimate","contractor_quote_amount","equipment_category|project_timing","grant_amount","contractor_quote_required","needs_quote","high","false"
"SOURCE_DSIRE:dsire_program_id:3533","program_rule_value_only","","policy_or_permitting","mixed","none","","service_address|utility_provider","project_timing","unknown","unknown","policy_only","low","true"
"SOURCE_DSIRE:dsire_program_id:5622","financing_cash_flow","","financing","residential_only","none","project_cost_estimate|interest_rate|financing_term_years","down_payment|contractor_quote_amount","equipment_category","financing","contractor_quote_required","needs_quote","low","true"
"SOURCE_DSIRE:dsire_program_id:2178","motor_vfd_efficiency","","bill_savings|upfront_cost_reduction","residential_only","electric","annual_kwh|annual_electric_cost|average_cost_per_kwh","peak_kw|demand_charge_rate|monthly_kwh","equipment_category|quantity","per_unit","cost_per_unit","needs_equipment_details","low","true"
"SOURCE_DSIRE:dsire_program_id:3172","commercial_kitchen_equipment_efficiency","water_sewer_reduction","bill_savings|upfront_cost_reduction","mixed","electric|water_sewer","annual_kwh|annual_electric_cost|average_cost_per_kwh","annual_therms|average_cost_per_therm|annual_water_use|annual_water_cost|annual_sewer_cost|monthly_water_use|water_unit|sewer_cost|meter_size|irrigation_meter_present","equipment_category|quantity","per_unit","cost_per_unit","needs_equipment_details","medium","true"
"SOURCE_CA_ENERGY_COMMISSION:cec_solicitation_number:GFO-22-608","grant_funding","","upfront_cost_reduction","business_relevant","none","project_cost_estimate","contractor_quote_amount","equipment_category|project_timing","grant_amount","contractor_quote_required","needs_quote","high","false"
"SOURCE_DSIRE:dsire_program_id:2166","financing_cash_flow","hvac_electric_efficiency|motor_vfd_efficiency","bill_savings|financing","residential_only","none|electric","project_cost_estimate|interest_rate|financing_term_years","down_payment|contractor_quote_amount|monthly_kwh|peak_kw|demand_charges|rate_schedule|demand_charge_rate","equipment_category","financing","contractor_quote_required","needs_quote","low","true"
"SOURCE_DSIRE:dsire_program_id:3169","ev_charging_site_load","project_cost_reduction_only","bill_savings|upfront_cost_reduction","mixed","electric|none","rate_schedule|annual_kwh|average_cost_per_kwh","peak_kw|demand_charge_rate|time_of_use_periods|contractor_quote_amount|quote_date","parking_spaces|ownership_status|equipment_category","per_unit","cost_per_unit","needs_quote","medium","true"
"SOURCE_DSIRE:dsire_program_id:1970","motor_vfd_efficiency","","bill_savings|upfront_cost_reduction","residential_only","electric","annual_kwh|annual_electric_cost|average_cost_per_kwh","peak_kw|demand_charge_rate|monthly_kwh","equipment_category|quantity","per_unit","cost_per_unit","needs_equipment_details","low","true"
"SOURCE_DSIRE:dsire_program_id:1421","battery_tou_demand_savings","project_cost_reduction_only","bill_savings|upfront_cost_reduction","business_relevant","electric|none","rate_schedule|time_of_use_periods|peak_kw|demand_charges|demand_charge_rate|monthly_kwh","annual_kwh|monthly_peak_kw|contractor_quote_amount|quote_date","equipment_category","per_unit","cost_per_kwh_storage","needs_equipment_details","medium","true"
"SOURCE_DSIRE:dsire_program_id:22595","fleet_fuel_replacement","ev_charging_site_load","bill_savings|upfront_cost_reduction","mixed","fuel|electric","annual_gallons|annual_fuel_cost|average_cost_per_gallon|vehicle_count","estimated_miles|fuel_type|monthly_fuel_cost|rate_schedule|average_cost_per_kwh|peak_kw|demand_charge_rate|time_of_use_periods","vehicle_count","per_unit","cost_per_unit","needs_equipment_details","high","true"
"SOURCE_DSIRE:dsire_program_id:2662","motor_vfd_efficiency","","bill_savings|upfront_cost_reduction","residential_only","electric","annual_kwh|annual_electric_cost|average_cost_per_kwh","peak_kw|demand_charge_rate|monthly_kwh","equipment_category|quantity","per_unit","cost_per_unit","needs_equipment_details","low","true"
"SOURCE_DSIRE:dsire_program_id:22265","ev_charging_site_load","project_cost_reduction_only","bill_savings|upfront_cost_reduction","business_relevant","electric|none","rate_schedule|annual_kwh|average_cost_per_kwh","peak_kw|demand_charge_rate|time_of_use_periods|contractor_quote_amount|quote_date","parking_spaces|ownership_status|equipment_category","per_unit","cost_per_unit","needs_quote","medium","true"
"SOURCE_CA_ENERGY_COMMISSION:cec_solicitation_number:GFO-23-501","grant_funding","","upfront_cost_reduction","residential_only","none","project_cost_estimate","contractor_quote_amount","equipment_category|project_timing","grant_amount","contractor_quote_required","needs_quote","low","true"
"SOURCE_DSIRE:dsire_program_id:22510","grant_funding","electric_usage_reduction|solar_electric_offset|hvac_electric_efficiency|controls_building_automation","bill_savings|upfront_cost_reduction","public_nonprofit_only","none|electric","project_cost_estimate","contractor_quote_amount|monthly_kwh|rate_schedule|delivery_charges|generation_charges|time_of_use_periods|demand_charges|peak_kw|annual_therms","equipment_category|project_timing","grant_amount","contractor_quote_required","needs_quote","high","true"
"SOURCE_CA_ENERGY_COMMISSION:cec_solicitation_number:GFO-22-402","grant_funding","electric_usage_reduction","bill_savings|upfront_cost_reduction","business_relevant","none|electric","project_cost_estimate","contractor_quote_amount|monthly_kwh|rate_schedule|delivery_charges|generation_charges","equipment_category|project_timing","grant_amount","contractor_quote_required","needs_quote","high","false"
"SOURCE_DSIRE:dsire_program_id:2908","sales_or_property_tax_exemption","electric_usage_reduction|solar_electric_offset|hvac_electric_efficiency|motor_vfd_efficiency","bill_savings|tax_benefit","residential_only","none|electric","project_cost_estimate","ownership_status|tax_entity_type|contractor_quote_amount|monthly_kwh|rate_schedule|delivery_charges|generation_charges|time_of_use_periods|demand_charges|peak_kw|demand_charge_rate","equipment_category","tax_exemption","benchmark_range","needs_tax_review","low","true"
"SOURCE_DSIRE:dsire_program_id:22582","fleet_fuel_replacement","ev_charging_site_load","bill_savings|upfront_cost_reduction","residential_only","fuel|electric","annual_gallons|annual_fuel_cost|average_cost_per_gallon|vehicle_count","estimated_miles|fuel_type|monthly_fuel_cost|rate_schedule|average_cost_per_kwh|peak_kw|demand_charge_rate|time_of_use_periods","vehicle_count","per_unit","cost_per_unit","needs_equipment_details","low","true"
"SOURCE_DSIRE:dsire_program_id:2576","sales_or_property_tax_exemption","electric_usage_reduction","bill_savings|tax_benefit","agriculture_only","none|electric","project_cost_estimate","ownership_status|tax_entity_type|contractor_quote_amount|monthly_kwh|rate_schedule|delivery_charges|generation_charges","equipment_category","tax_exemption","benchmark_range","needs_tax_review","medium","true"
"SOURCE_DSIRE:dsire_program_id:22508","financing_cash_flow","electric_usage_reduction|solar_electric_offset|hvac_electric_efficiency|motor_vfd_efficiency","bill_savings|financing","business_relevant","none|electric","project_cost_estimate|interest_rate|financing_term_years","down_payment|contractor_quote_amount|monthly_kwh|rate_schedule|delivery_charges|generation_charges|time_of_use_periods|demand_charges|peak_kw|demand_charge_rate","equipment_category","financing","contractor_quote_required","needs_quote","medium","true"
"SOURCE_DSIRE:dsire_program_id:22418","net_metering_or_export_value","solar_electric_offset","bill_savings|policy_or_permitting","mixed","electric","annual_kwh|monthly_kwh|rate_schedule","time_of_use_periods|generation_charges|delivery_charges|demand_charges","equipment_category|roof_area","unknown","unknown","policy_only","low","true"
"SOURCE_DSIRE:dsire_program_id:3337","ev_charging_site_load","project_cost_reduction_only","bill_savings|upfront_cost_reduction","residential_only","electric|none","rate_schedule|annual_kwh|average_cost_per_kwh","peak_kw|demand_charge_rate|time_of_use_periods|contractor_quote_amount|quote_date","parking_spaces|ownership_status|equipment_category","per_unit","cost_per_unit","needs_quote","low","true"
"SOURCE_CA_ENERGY_COMMISSION:cec_solicitation_number:PON-22-002","financing_cash_flow","","financing","unknown","none","project_cost_estimate|interest_rate|financing_term_years","down_payment|contractor_quote_amount","equipment_category","financing","contractor_quote_required","needs_quote","low","true"
"SOURCE_DSIRE:dsire_program_id:5143","refrigeration_electric_efficiency","electric_usage_reduction","bill_savings|upfront_cost_reduction","mixed","electric","annual_kwh|annual_electric_cost|average_cost_per_kwh","monthly_kwh|peak_kw|demand_charges|rate_schedule|delivery_charges|generation_charges","equipment_category|quantity","per_unit","cost_per_unit","needs_equipment_details","medium","true"
"SOURCE_DSIRE:dsire_program_id:5117","solar_electric_offset","project_cost_reduction_only","bill_savings|upfront_cost_reduction","mixed","electric|none","annual_kwh|monthly_kwh|average_cost_per_kwh|rate_schedule","time_of_use_periods|demand_charges|generation_charges|delivery_charges|contractor_quote_amount|quote_date","roof_area|ownership_status","per_kw","cost_per_kw","needs_bill","medium","true"
"SOURCE_DSIRE:dsire_program_id:5791","pace_or_on_bill_financing","","financing","mixed","none","project_cost_estimate|financing_term_years|interest_rate","ownership_status|down_payment|annual_electric_cost|annual_gas_cost","ownership_status","financing","contractor_quote_required","needs_quote","high","true"
"SOURCE_DSIRE:dsire_program_id:2865","whole_building_custom_efficiency","electric_usage_reduction|hvac_electric_efficiency|gas_usage_reduction|refrigeration_electric_efficiency|motor_vfd_efficiency|controls_building_automation|commercial_kitchen_equipment_efficiency|water_sewer_reduction","bill_savings|upfront_cost_reduction","residential_only","electric|gas|water_sewer","annual_kwh|annual_electric_cost|average_cost_per_kwh","annual_therms|average_cost_per_therm|peak_kw|demand_charge_rate|square_footage|monthly_kwh|rate_schedule|delivery_charges|generation_charges|demand_charges|monthly_therms|gas_rate_schedule|time_of_use_periods|annual_water_use|annual_water_cost|annual_sewer_cost|monthly_water_use|water_unit|sewer_cost|meter_size|irrigation_meter_present","project_cost_estimate|equipment_category","per_kwh_saved","benchmark_range","needs_bill","low","true"
"SOURCE_DSIRE:dsire_program_id:5565","financing_cash_flow","","financing","mixed","none","project_cost_estimate|interest_rate|financing_term_years","down_payment|contractor_quote_amount","equipment_category","financing","contractor_quote_required","needs_quote","high","true"
"SOURCE_DSIRE:dsire_program_id:22733","fleet_fuel_replacement","ev_charging_site_load","bill_savings|upfront_cost_reduction","business_relevant","fuel|electric","annual_gallons|annual_fuel_cost|average_cost_per_gallon|vehicle_count","estimated_miles|fuel_type|monthly_fuel_cost|rate_schedule|average_cost_per_kwh|peak_kw|demand_charge_rate|time_of_use_periods","vehicle_count","per_unit","cost_per_unit","needs_equipment_details","high","false"
"SOURCE_CA_ENERGY_COMMISSION:cec_solicitation_number:GFO-25-901","program_rule_value_only","","policy_or_permitting","mixed","none","","service_address|utility_provider","project_timing","unknown","unknown","policy_only","low","true"
"SOURCE_DSIRE:dsire_program_id:3130","program_rule_value_only","","policy_or_permitting","business_relevant","none","","service_address|utility_provider","project_timing","unknown","unknown","policy_only","low","true"
"SOURCE_DSIRE:dsire_program_id:4048","financing_cash_flow","hvac_electric_efficiency|gas_usage_reduction|motor_vfd_efficiency|controls_building_automation","bill_savings|financing","residential_only","none|electric|gas","project_cost_estimate|interest_rate|financing_term_years","down_payment|contractor_quote_amount|monthly_kwh|peak_kw|demand_charges|rate_schedule|monthly_therms|gas_rate_schedule|demand_charge_rate|annual_therms|time_of_use_periods","equipment_category","financing","contractor_quote_required","needs_quote","low","true"
"SOURCE_CA_ENERGY_COMMISSION:cec_solicitation_number:GFO-20-305","grant_funding","","upfront_cost_reduction","business_relevant","none","project_cost_estimate","contractor_quote_amount","equipment_category|project_timing","grant_amount","contractor_quote_required","needs_quote","high","false"
"SOURCE_DSIRE:dsire_program_id:4067","program_rule_value_only","","policy_or_permitting","public_nonprofit_only","none","","service_address|utility_provider","project_timing","unknown","unknown","policy_only","low","true"
"SOURCE_DSIRE:dsire_program_id:4988","sales_or_property_tax_exemption","","tax_benefit","business_relevant","none","project_cost_estimate","ownership_status|tax_entity_type|contractor_quote_amount","equipment_category","tax_exemption","benchmark_range","needs_tax_review","medium","false"
"SOURCE_DSIRE:dsire_program_id:22638","grant_funding","ev_charging_site_load","bill_savings|upfront_cost_reduction","mixed","none|electric","project_cost_estimate","contractor_quote_amount|peak_kw|demand_charge_rate|time_of_use_periods","equipment_category|project_timing","grant_amount","contractor_quote_required","needs_quote","high","true"
"SOURCE_DSIRE:dsire_program_id:5819","gas_usage_reduction","project_cost_reduction_only","bill_savings|upfront_cost_reduction","residential_only","gas|none","annual_therms|annual_gas_cost|average_cost_per_therm","monthly_therms|gas_rate_schedule|contractor_quote_amount|quote_date","equipment_category","per_unit","cost_per_unit","needs_bill","low","true"
"SOURCE_DSIRE:dsire_program_id:5558","grant_funding","","upfront_cost_reduction","residential_only","none","project_cost_estimate","contractor_quote_amount","equipment_category|project_timing","grant_amount","contractor_quote_required","needs_quote","low","true"
"SOURCE_DSIRE:dsire_program_id:4312","ev_charging_site_load","project_cost_reduction_only","bill_savings|upfront_cost_reduction","mixed","electric|none","rate_schedule|annual_kwh|average_cost_per_kwh","peak_kw|demand_charge_rate|time_of_use_periods|contractor_quote_amount|quote_date","parking_spaces|ownership_status|equipment_category","per_unit","cost_per_unit","needs_quote","medium","true"
"SOURCE_DSIRE:dsire_program_id:5174","electric_usage_reduction","project_cost_reduction_only","bill_savings|upfront_cost_reduction","business_relevant","electric|none","annual_kwh|annual_electric_cost|average_cost_per_kwh","monthly_kwh|rate_schedule|delivery_charges|generation_charges|contractor_quote_amount|quote_date","equipment_category","per_unit","cost_per_unit","needs_bill","medium","true"
"SOURCE_SILICON_VALLEY_POWER:svp_source_section:6e6b359eb5fc98c0:building-optimization-rebate","controls_building_automation","","bill_savings|upfront_cost_reduction","business_relevant","electric","annual_kwh|rate_schedule","annual_therms|peak_kw|demand_charges|time_of_use_periods","square_footage|equipment_category","per_unit","benchmark_range","needs_equipment_details","high","false"
"SOURCE_DSIRE:dsire_program_id:5104","grant_funding","electric_usage_reduction|hvac_electric_efficiency|motor_vfd_efficiency","bill_savings|upfront_cost_reduction","business_relevant","none|electric","project_cost_estimate","contractor_quote_amount|monthly_kwh|rate_schedule|delivery_charges|generation_charges|peak_kw|demand_charges|demand_charge_rate","equipment_category|project_timing","grant_amount","contractor_quote_required","needs_quote","high","false"
"SOURCE_DSIRE:dsire_program_id:22365","ev_charging_site_load","project_cost_reduction_only","bill_savings|upfront_cost_reduction","residential_only","electric|none","rate_schedule|annual_kwh|average_cost_per_kwh","peak_kw|demand_charge_rate|time_of_use_periods|contractor_quote_amount|quote_date","parking_spaces|ownership_status|equipment_category","per_unit","cost_per_unit","needs_quote","low","true"
"SOURCE_DSIRE:dsire_program_id:1777","financing_cash_flow","electric_usage_reduction|solar_electric_offset|gas_usage_reduction","bill_savings|financing","residential_only","none|electric|gas","project_cost_estimate|interest_rate|financing_term_years","down_payment|contractor_quote_amount|monthly_kwh|rate_schedule|delivery_charges|generation_charges|time_of_use_periods|demand_charges|monthly_therms|gas_rate_schedule","equipment_category","financing","contractor_quote_required","needs_quote","low","true"
"SOURCE_DSIRE:dsire_program_id:3675","whole_building_custom_efficiency","hvac_electric_efficiency|gas_usage_reduction|motor_vfd_efficiency|controls_building_automation|commercial_kitchen_equipment_efficiency","bill_savings|upfront_cost_reduction","business_relevant","electric|gas","annual_kwh|annual_electric_cost|average_cost_per_kwh","annual_therms|average_cost_per_therm|peak_kw|demand_charge_rate|square_footage|monthly_kwh|demand_charges|rate_schedule|monthly_therms|gas_rate_schedule|time_of_use_periods|annual_water_use|annual_water_cost|annual_sewer_cost","project_cost_estimate|equipment_category","per_kwh_saved","benchmark_range","needs_bill","medium","true"
"SOURCE_DSIRE:dsire_program_id:3661","interconnection_or_grid_access_value","","policy_or_permitting","mixed","none","","utility_provider|service_address|rate_schedule","equipment_category|project_timing","unknown","unknown","policy_only","low","true"
"SOURCE_DSIRE:dsire_program_id:2547","ev_charging_site_load","project_cost_reduction_only","bill_savings|upfront_cost_reduction","mixed","electric|none","rate_schedule|annual_kwh|average_cost_per_kwh","peak_kw|demand_charge_rate|time_of_use_periods|contractor_quote_amount|quote_date","parking_spaces|ownership_status|equipment_category","per_unit","cost_per_unit","needs_quote","medium","true"
"SOURCE_DSIRE:dsire_program_id:1230","tax_benefit_project_cost_reduction","hvac_electric_efficiency|gas_usage_reduction|motor_vfd_efficiency","bill_savings|tax_benefit","residential_only","none|electric|gas","project_cost_estimate|tax_entity_type","ownership_status|tax_appetite_unknown|contractor_quote_amount|monthly_kwh|peak_kw|demand_charges|rate_schedule|monthly_therms|gas_rate_schedule|demand_charge_rate","equipment_category","tax_credit","benchmark_range","needs_tax_review","low","true"
"SOURCE_DSIRE:dsire_program_id:3724","motor_vfd_efficiency","","bill_savings|upfront_cost_reduction","unknown","electric","annual_kwh|annual_electric_cost|average_cost_per_kwh","peak_kw|demand_charge_rate|monthly_kwh","equipment_category|quantity","per_unit","cost_per_unit","needs_equipment_details","low","true"
"SOURCE_DSIRE:dsire_program_id:22098","battery_tou_demand_savings","project_cost_reduction_only","bill_savings|upfront_cost_reduction","mixed","electric|none","rate_schedule|time_of_use_periods|peak_kw|demand_charges|demand_charge_rate|monthly_kwh","annual_kwh|monthly_peak_kw|contractor_quote_amount|quote_date","equipment_category","per_unit","cost_per_kwh_storage","needs_equipment_details","medium","true"
"SOURCE_DSIRE:dsire_program_id:22645","grant_funding","ev_charging_site_load","bill_savings|upfront_cost_reduction","unknown","none|electric","project_cost_estimate","contractor_quote_amount|peak_kw|demand_charge_rate|time_of_use_periods","equipment_category|project_timing","grant_amount","contractor_quote_required","needs_quote","low","true"
"SOURCE_DSIRE:dsire_program_id:2306","motor_vfd_efficiency","","bill_savings|upfront_cost_reduction","mixed","electric","annual_kwh|annual_electric_cost|average_cost_per_kwh","peak_kw|demand_charge_rate|monthly_kwh","equipment_category|quantity","per_unit","cost_per_unit","needs_equipment_details","medium","true"
"SOURCE_DSIRE:dsire_program_id:22191","fleet_fuel_replacement","ev_charging_site_load","bill_savings|upfront_cost_reduction","business_relevant","fuel|electric","annual_gallons|annual_fuel_cost|average_cost_per_gallon|vehicle_count","estimated_miles|fuel_type|monthly_fuel_cost|rate_schedule|average_cost_per_kwh|peak_kw|demand_charge_rate|time_of_use_periods","vehicle_count","per_unit","cost_per_unit","needs_equipment_details","high","false"
"SOURCE_DSIRE:dsire_program_id:22068","grant_funding","","upfront_cost_reduction","business_relevant","none","project_cost_estimate","contractor_quote_amount","equipment_category|project_timing","grant_amount","contractor_quote_required","needs_quote","medium","true"
"SOURCE_DSIRE:dsire_program_id:5728","financing_cash_flow","hvac_electric_efficiency","bill_savings|financing","business_relevant","none|electric","project_cost_estimate|interest_rate|financing_term_years","down_payment|contractor_quote_amount|monthly_kwh|peak_kw|demand_charges|rate_schedule","equipment_category","financing","contractor_quote_required","needs_quote","medium","true"
"SOURCE_DSIRE:dsire_program_id:4366","financing_cash_flow","","financing","residential_only","none","project_cost_estimate|interest_rate|financing_term_years","down_payment|contractor_quote_amount","equipment_category","financing","contractor_quote_required","needs_quote","low","true"
"SOURCE_DSIRE:dsire_program_id:5804","financing_cash_flow","","financing","mixed","none","project_cost_estimate|interest_rate|financing_term_years","down_payment|contractor_quote_amount","equipment_category","financing","contractor_quote_required","needs_quote","medium","true"
"SOURCE_DSIRE:dsire_program_id:22182","grant_funding","","upfront_cost_reduction","public_nonprofit_only","none","project_cost_estimate","contractor_quote_amount","equipment_category|project_timing","grant_amount","contractor_quote_required","needs_quote","high","true"
"SOURCE_DSIRE:dsire_program_id:4146","sales_or_property_tax_exemption","electric_usage_reduction","bill_savings|tax_benefit","mixed","none|electric","project_cost_estimate","ownership_status|tax_entity_type|contractor_quote_amount|monthly_kwh|rate_schedule|delivery_charges|generation_charges","equipment_category","tax_exemption","benchmark_range","needs_tax_review","medium","true"
"SOURCE_DSIRE:dsire_program_id:2550","whole_building_custom_efficiency","electric_usage_reduction|hvac_electric_efficiency|refrigeration_electric_efficiency|motor_vfd_efficiency|controls_building_automation|commercial_kitchen_equipment_efficiency|battery_tou_demand_savings","bill_savings|upfront_cost_reduction","business_relevant","electric","annual_kwh|annual_electric_cost|average_cost_per_kwh","annual_therms|average_cost_per_therm|peak_kw|demand_charge_rate|square_footage|monthly_kwh|rate_schedule|delivery_charges|generation_charges|demand_charges|time_of_use_periods|annual_water_use|annual_water_cost|annual_sewer_cost|annual_kwh|monthly_peak_kw","project_cost_estimate|equipment_category","per_kwh_saved","benchmark_range","needs_bill","medium","true"
"SOURCE_DSIRE:dsire_program_id:2639","fleet_fuel_replacement","ev_charging_site_load","bill_savings|upfront_cost_reduction","residential_only","fuel|electric","annual_gallons|annual_fuel_cost|average_cost_per_gallon|vehicle_count","estimated_miles|fuel_type|monthly_fuel_cost|rate_schedule|average_cost_per_kwh|peak_kw|demand_charge_rate|time_of_use_periods","vehicle_count","per_unit","cost_per_unit","needs_equipment_details","low","true"
"SOURCE_DSIRE:dsire_program_id:1942","battery_tou_demand_savings","project_cost_reduction_only","bill_savings|upfront_cost_reduction","business_relevant","electric|none","rate_schedule|time_of_use_periods|peak_kw|demand_charges|demand_charge_rate|monthly_kwh","annual_kwh|monthly_peak_kw|contractor_quote_amount|quote_date","equipment_category","per_unit","cost_per_kwh_storage","needs_equipment_details","medium","true"
"SOURCE_CA_ENERGY_COMMISSION:cec_solicitation_number:GFO-25-608","grant_funding","","upfront_cost_reduction","residential_only","none","project_cost_estimate","contractor_quote_amount","equipment_category|project_timing","grant_amount","contractor_quote_required","needs_quote","low","true"
"SOURCE_DSIRE:dsire_program_id:1553","refrigeration_electric_efficiency","electric_usage_reduction","bill_savings|upfront_cost_reduction","mixed","electric","annual_kwh|annual_electric_cost|average_cost_per_kwh","monthly_kwh|peak_kw|demand_charges|rate_schedule|delivery_charges|generation_charges","equipment_category|quantity","per_unit","cost_per_unit","needs_equipment_details","medium","true"
"SOURCE_DSIRE:dsire_program_id:22686","sales_or_property_tax_exemption","electric_usage_reduction","bill_savings|tax_benefit","public_nonprofit_only","none|electric","project_cost_estimate","ownership_status|tax_entity_type|contractor_quote_amount|monthly_kwh|rate_schedule|delivery_charges|generation_charges","equipment_category","tax_exemption","benchmark_range","needs_tax_review","medium","true"
"SOURCE_DSIRE:dsire_program_id:45","sales_or_property_tax_exemption","solar_electric_offset|battery_tou_demand_savings","bill_savings|tax_benefit","mixed","none|electric","project_cost_estimate","ownership_status|tax_entity_type|contractor_quote_amount|time_of_use_periods|demand_charges|generation_charges|delivery_charges|annual_kwh|monthly_peak_kw","equipment_category","tax_exemption","benchmark_range","needs_tax_review","medium","true"
"SOURCE_DSIRE:dsire_program_id:2410","refrigeration_electric_efficiency","electric_usage_reduction","bill_savings|upfront_cost_reduction","residential_only","electric","annual_kwh|annual_electric_cost|average_cost_per_kwh","monthly_kwh|peak_kw|demand_charges|rate_schedule|delivery_charges|generation_charges","equipment_category|quantity","per_unit","cost_per_unit","needs_equipment_details","low","true"
"SOURCE_CA_ENERGY_COMMISSION:cec_solicitation_number:GFO-23-602","grant_funding","","upfront_cost_reduction","business_relevant","none","project_cost_estimate","contractor_quote_amount","equipment_category|project_timing","grant_amount","contractor_quote_required","needs_quote","high","false"
"SOURCE_DSIRE:dsire_program_id:22167","tax_benefit_project_cost_reduction","ev_charging_site_load","bill_savings|tax_benefit","business_relevant","none|electric","project_cost_estimate|tax_entity_type","ownership_status|tax_appetite_unknown|contractor_quote_amount|peak_kw|demand_charge_rate|time_of_use_periods","equipment_category","tax_credit","benchmark_range","needs_tax_review","medium","true"
"SOURCE_DSIRE:dsire_program_id:22794","grant_funding","solar_electric_offset","bill_savings|upfront_cost_reduction","public_nonprofit_only","none|electric","project_cost_estimate","contractor_quote_amount|time_of_use_periods|demand_charges|generation_charges|delivery_charges","equipment_category|project_timing","grant_amount","contractor_quote_required","needs_quote","high","true"
"SOURCE_DSIRE:dsire_program_id:3601","financing_cash_flow","hvac_electric_efficiency|motor_vfd_efficiency","bill_savings|financing","public_nonprofit_only","none|electric","project_cost_estimate|interest_rate|financing_term_years","down_payment|contractor_quote_amount|monthly_kwh|peak_kw|demand_charges|rate_schedule|demand_charge_rate","equipment_category","financing","contractor_quote_required","needs_quote","medium","true"
"SOURCE_DSIRE:dsire_program_id:22377","project_cost_reduction_only","","upfront_cost_reduction","mixed","none","project_cost_estimate","contractor_quote_amount|quote_date","equipment_category","per_unit","benchmark_range","needs_equipment_details","medium","true"
"SOURCE_CA_ENERGY_COMMISSION:cec_url_hash:url_hash:a530fbc239afb0af","grant_funding","","upfront_cost_reduction","unknown","none","project_cost_estimate","contractor_quote_amount","equipment_category|project_timing","grant_amount","contractor_quote_required","needs_quote","low","true"
"SOURCE_SCE_BUSINESS:sce_source_section:56574423e5e2b946:agricultural-and-pumping-interruptible-ap-i-program","electric_usage_reduction","project_cost_reduction_only","bill_savings|upfront_cost_reduction","business_relevant","electric|none","annual_kwh|annual_electric_cost|average_cost_per_kwh","monthly_kwh|rate_schedule|delivery_charges|generation_charges|contractor_quote_amount|quote_date","equipment_category","per_unit","cost_per_unit","needs_bill","high","false"
"SOURCE_DSIRE:dsire_program_id:4128","controls_building_automation","","bill_savings|upfront_cost_reduction","residential_only","electric","annual_kwh|rate_schedule","annual_therms|peak_kw|demand_charges|time_of_use_periods","square_footage|equipment_category","per_unit","benchmark_range","needs_equipment_details","low","true"
"SOURCE_DSIRE:dsire_program_id:22475","tax_benefit_project_cost_reduction","electric_usage_reduction","bill_savings|tax_benefit","business_relevant","none|electric","project_cost_estimate|tax_entity_type","ownership_status|tax_appetite_unknown|contractor_quote_amount|monthly_kwh|rate_schedule|delivery_charges|generation_charges","equipment_category","tax_credit","benchmark_range","needs_tax_review","medium","true"
"SOURCE_SDGE_BUSINESS:program_url:sdge_com_node_22121","ev_charging_site_load","project_cost_reduction_only","bill_savings|upfront_cost_reduction","business_relevant","electric|none","rate_schedule|annual_kwh|average_cost_per_kwh","peak_kw|demand_charge_rate|time_of_use_periods|contractor_quote_amount|quote_date","parking_spaces|ownership_status|equipment_category","per_unit","cost_per_unit","needs_quote","high","false"
"SOURCE_DSIRE:dsire_program_id:1715","motor_vfd_efficiency","","bill_savings|upfront_cost_reduction","residential_only","electric","annual_kwh|annual_electric_cost|average_cost_per_kwh","peak_kw|demand_charge_rate|monthly_kwh","equipment_category|quantity","per_unit","cost_per_unit","needs_equipment_details","low","true"
"SOURCE_DSIRE:dsire_program_id:3146","ev_charging_site_load","project_cost_reduction_only","bill_savings|upfront_cost_reduction","mixed","electric|none","rate_schedule|annual_kwh|average_cost_per_kwh","peak_kw|demand_charge_rate|time_of_use_periods|contractor_quote_amount|quote_date","parking_spaces|ownership_status|equipment_category","per_unit","cost_per_unit","needs_quote","medium","true"
"SOURCE_DSIRE:dsire_program_id:185","sales_or_property_tax_exemption","","tax_benefit","unknown","none","project_cost_estimate","ownership_status|tax_entity_type|contractor_quote_amount","equipment_category","tax_exemption","benchmark_range","needs_tax_review","low","true"
"SOURCE_CA_ENERGY_COMMISSION:cec_solicitation_number:RFP-21-801","grant_funding","","upfront_cost_reduction","business_relevant","none","project_cost_estimate","contractor_quote_amount","equipment_category|project_timing","grant_amount","contractor_quote_required","needs_quote","high","false"
"SOURCE_DSIRE:dsire_program_id:2260","program_rule_value_only","","policy_or_permitting","business_relevant","none","","service_address|utility_provider","project_timing","unknown","unknown","policy_only","low","true"
"SOURCE_DSIRE:dsire_program_id:1105","program_rule_value_only","","policy_or_permitting","mixed","none","","service_address|utility_provider","project_timing","unknown","unknown","policy_only","low","true"
"SOURCE_DSIRE:dsire_program_id:3695","gas_usage_reduction","project_cost_reduction_only","bill_savings|upfront_cost_reduction","residential_only","gas|none","annual_therms|annual_gas_cost|average_cost_per_therm","monthly_therms|gas_rate_schedule|contractor_quote_amount|quote_date","equipment_category","per_unit","cost_per_unit","needs_bill","low","true"
"SOURCE_SDGE_BUSINESS:program_url:mendotagroup_com_sdge_grid_map_home","project_cost_reduction_only","","upfront_cost_reduction","mixed","none","project_cost_estimate","contractor_quote_amount|quote_date","equipment_category","per_unit","benchmark_range","needs_equipment_details","medium","true"
"SOURCE_CA_ENERGY_COMMISSION:cec_solicitation_number:IFB-23-142","grant_funding","","upfront_cost_reduction","business_relevant","none","project_cost_estimate","contractor_quote_amount","equipment_category|project_timing","grant_amount","contractor_quote_required","needs_quote","high","false"
"SOURCE_DSIRE:dsire_program_id:22773","interconnection_or_grid_access_value","","policy_or_permitting","business_relevant","none","","utility_provider|service_address|rate_schedule","equipment_category|project_timing","unknown","unknown","policy_only","low","true"
"SOURCE_DSIRE:dsire_program_id:4198","whole_building_custom_efficiency","hvac_electric_efficiency|motor_vfd_efficiency|controls_building_automation|water_sewer_reduction","bill_savings|upfront_cost_reduction","residential_only","electric|water_sewer","annual_kwh|annual_electric_cost|average_cost_per_kwh","annual_therms|average_cost_per_therm|peak_kw|demand_charge_rate|square_footage|monthly_kwh|demand_charges|rate_schedule|time_of_use_periods|monthly_water_use|water_unit|sewer_cost|meter_size|irrigation_meter_present","project_cost_estimate|equipment_category","per_kwh_saved","benchmark_range","needs_bill","low","true"
"SOURCE_DSIRE:dsire_program_id:5704","motor_vfd_efficiency","","bill_savings|upfront_cost_reduction","residential_only","electric","annual_kwh|annual_electric_cost|average_cost_per_kwh","peak_kw|demand_charge_rate|monthly_kwh","equipment_category|quantity","per_unit","cost_per_unit","needs_equipment_details","low","true"
"SOURCE_DSIRE:dsire_program_id:3577","grant_funding","electric_usage_reduction|hvac_electric_efficiency|refrigeration_electric_efficiency|motor_vfd_efficiency|controls_building_automation","bill_savings|upfront_cost_reduction","business_relevant","none|electric","project_cost_estimate","contractor_quote_amount|monthly_kwh|rate_schedule|delivery_charges|generation_charges|peak_kw|demand_charges|demand_charge_rate|annual_therms|time_of_use_periods","equipment_category|project_timing","grant_amount","contractor_quote_required","needs_quote","medium","true"
"SOURCE_DSIRE:dsire_program_id:3243","sales_or_property_tax_exemption","","tax_benefit","agriculture_only","none","project_cost_estimate","ownership_status|tax_entity_type|contractor_quote_amount","equipment_category","tax_exemption","benchmark_range","needs_tax_review","medium","true"
"SOURCE_DSIRE:dsire_program_id:22307","fleet_fuel_replacement","ev_charging_site_load","bill_savings|upfront_cost_reduction","residential_only","fuel|electric","annual_gallons|annual_fuel_cost|average_cost_per_gallon|vehicle_count","estimated_miles|fuel_type|monthly_fuel_cost|rate_schedule|average_cost_per_kwh|peak_kw|demand_charge_rate|time_of_use_periods","vehicle_count","per_unit","cost_per_unit","needs_equipment_details","low","true"
"SOURCE_DSIRE:dsire_program_id:22634","grant_funding","ev_charging_site_load","bill_savings|upfront_cost_reduction","unknown","none|electric","project_cost_estimate","contractor_quote_amount|peak_kw|demand_charge_rate|time_of_use_periods","equipment_category|project_timing","grant_amount","contractor_quote_required","needs_quote","low","true"
"SOURCE_DSIRE:dsire_program_id:22401","ev_charging_site_load","project_cost_reduction_only","bill_savings|upfront_cost_reduction","business_relevant","electric|none","rate_schedule|annual_kwh|average_cost_per_kwh","peak_kw|demand_charge_rate|time_of_use_periods|contractor_quote_amount|quote_date","parking_spaces|ownership_status|equipment_category","per_unit","cost_per_unit","needs_quote","medium","true"
"SOURCE_DSIRE:dsire_program_id:966","sales_or_property_tax_exemption","electric_usage_reduction","bill_savings|tax_benefit","unknown","none|electric","project_cost_estimate","ownership_status|tax_entity_type|contractor_quote_amount|monthly_kwh|rate_schedule|delivery_charges|generation_charges","equipment_category","tax_exemption","benchmark_range","needs_tax_review","low","true"
"SOURCE_DSIRE:dsire_program_id:5018","fleet_fuel_replacement","ev_charging_site_load","bill_savings|upfront_cost_reduction","residential_only","fuel|electric","annual_gallons|annual_fuel_cost|average_cost_per_gallon|vehicle_count","estimated_miles|fuel_type|monthly_fuel_cost|rate_schedule|average_cost_per_kwh|peak_kw|demand_charge_rate|time_of_use_periods","vehicle_count","per_unit","cost_per_unit","needs_equipment_details","low","true"
"SOURCE_DSIRE:dsire_program_id:22567","ev_charging_site_load","project_cost_reduction_only","bill_savings|upfront_cost_reduction","residential_only","electric|none","rate_schedule|annual_kwh|average_cost_per_kwh","peak_kw|demand_charge_rate|time_of_use_periods|contractor_quote_amount|quote_date","parking_spaces|ownership_status|equipment_category","per_unit","cost_per_unit","needs_quote","low","true"
"SOURCE_DSIRE:dsire_program_id:1939","ev_charging_site_load","project_cost_reduction_only","bill_savings|upfront_cost_reduction","residential_only","electric|none","rate_schedule|annual_kwh|average_cost_per_kwh","peak_kw|demand_charge_rate|time_of_use_periods|contractor_quote_amount|quote_date","parking_spaces|ownership_status|equipment_category","per_unit","cost_per_unit","needs_quote","low","true"
"SOURCE_DSIRE:dsire_program_id:22456","ev_charging_site_load","project_cost_reduction_only","bill_savings|upfront_cost_reduction","business_relevant","electric|none","rate_schedule|annual_kwh|average_cost_per_kwh","peak_kw|demand_charge_rate|time_of_use_periods|contractor_quote_amount|quote_date","parking_spaces|ownership_status|equipment_category","per_unit","cost_per_unit","needs_quote","medium","true"
"SOURCE_DSIRE:dsire_program_id:2041","motor_vfd_efficiency","","bill_savings|upfront_cost_reduction","residential_only","electric","annual_kwh|annual_electric_cost|average_cost_per_kwh","peak_kw|demand_charge_rate|monthly_kwh","equipment_category|quantity","per_unit","cost_per_unit","needs_equipment_details","low","true"
"SOURCE_DSIRE:dsire_program_id:5550","tax_benefit_project_cost_reduction","","tax_benefit","unknown","none","project_cost_estimate|tax_entity_type","ownership_status|tax_appetite_unknown|contractor_quote_amount","equipment_category","tax_credit","benchmark_range","needs_tax_review","low","true"
"SOURCE_SILICON_VALLEY_POWER:svp_source_section:f69ab77394818965:energy-design-assistance","whole_building_custom_efficiency","electric_usage_reduction|hvac_electric_efficiency","bill_savings|upfront_cost_reduction","business_relevant","electric","annual_kwh|annual_electric_cost|average_cost_per_kwh","annual_therms|average_cost_per_therm|peak_kw|demand_charge_rate|square_footage|monthly_kwh|rate_schedule|delivery_charges|generation_charges|demand_charges","project_cost_estimate|equipment_category","per_kwh_saved","benchmark_range","needs_bill","medium","true"
"SOURCE_DSIRE:dsire_program_id:4632","financing_cash_flow","","financing","residential_only","none","project_cost_estimate|interest_rate|financing_term_years","down_payment|contractor_quote_amount","equipment_category","financing","contractor_quote_required","needs_quote","low","true"
"SOURCE_DSIRE:dsire_program_id:22338","fleet_fuel_replacement","ev_charging_site_load","bill_savings|upfront_cost_reduction","mixed","fuel|electric","annual_gallons|annual_fuel_cost|average_cost_per_gallon|vehicle_count","estimated_miles|fuel_type|monthly_fuel_cost|rate_schedule|average_cost_per_kwh|peak_kw|demand_charge_rate|time_of_use_periods","vehicle_count","per_unit","cost_per_unit","needs_equipment_details","medium","true"
"SOURCE_DSIRE:dsire_program_id:5101","refrigeration_electric_efficiency","electric_usage_reduction","bill_savings|upfront_cost_reduction","business_relevant","electric","annual_kwh|annual_electric_cost|average_cost_per_kwh","monthly_kwh|peak_kw|demand_charges|rate_schedule|delivery_charges|generation_charges","equipment_category|quantity","per_unit","cost_per_unit","needs_equipment_details","medium","true"
"SOURCE_DSIRE:dsire_program_id:22700","solar_electric_offset","project_cost_reduction_only","bill_savings|upfront_cost_reduction","mixed","electric|none","annual_kwh|monthly_kwh|average_cost_per_kwh|rate_schedule","time_of_use_periods|demand_charges|generation_charges|delivery_charges|contractor_quote_amount|quote_date","roof_area|ownership_status","per_kw","cost_per_kw","needs_bill","medium","true"
"SOURCE_DSIRE:dsire_program_id:22470","project_cost_reduction_only","","upfront_cost_reduction","residential_only","none","project_cost_estimate","contractor_quote_amount|quote_date","equipment_category","per_unit","benchmark_range","needs_equipment_details","low","true"
"SOURCE_CA_ENERGY_COMMISSION:cec_solicitation_number:GFO-23-606","grant_funding","","upfront_cost_reduction","public_nonprofit_only","none","project_cost_estimate","contractor_quote_amount","equipment_category|project_timing","grant_amount","contractor_quote_required","needs_quote","high","true"
"SOURCE_DSIRE:dsire_program_code_title_hash:CO209F:46611d374aab","no_direct_savings","","no_direct_savings","residential_only","none","","","","unknown","unknown","unknown","low","true"
"SOURCE_CA_ENERGY_COMMISSION:cec_solicitation_number:GFO-22-503","grant_funding","","upfront_cost_reduction","business_relevant","none","project_cost_estimate","contractor_quote_amount","equipment_category|project_timing","grant_amount","contractor_quote_required","needs_quote","high","false"
"SOURCE_DSIRE:dsire_program_id:1465","financing_cash_flow","electric_usage_reduction|gas_usage_reduction","bill_savings|financing","residential_only","none|electric|gas","project_cost_estimate|interest_rate|financing_term_years","down_payment|contractor_quote_amount|monthly_kwh|rate_schedule|delivery_charges|generation_charges|monthly_therms|gas_rate_schedule","equipment_category","financing","contractor_quote_required","needs_quote","low","true"
"SOURCE_DSIRE:dsire_program_id:3648","financing_cash_flow","electric_usage_reduction|hvac_electric_efficiency|motor_vfd_efficiency","bill_savings|financing","business_relevant","none|electric","project_cost_estimate|interest_rate|financing_term_years","down_payment|contractor_quote_amount|monthly_kwh|rate_schedule|delivery_charges|generation_charges|peak_kw|demand_charges|demand_charge_rate","equipment_category","financing","contractor_quote_required","needs_quote","medium","true"
"SOURCE_DSIRE:dsire_program_id:2542","net_metering_or_export_value","solar_electric_offset","bill_savings|policy_or_permitting","residential_only","electric","annual_kwh|monthly_kwh|rate_schedule","time_of_use_periods|generation_charges|delivery_charges|demand_charges","equipment_category|roof_area","unknown","unknown","policy_only","low","true"
"SOURCE_DSIRE:dsire_program_id:3897","hvac_electric_efficiency","project_cost_reduction_only","bill_savings|upfront_cost_reduction","residential_only","electric|none","annual_kwh|annual_electric_cost|average_cost_per_kwh","monthly_kwh|peak_kw|demand_charges|rate_schedule|contractor_quote_amount|quote_date","equipment_category|square_footage","per_unit","cost_per_unit","needs_bill","low","true"
"SOURCE_DSIRE:dsire_program_id:22397","ev_charging_site_load","project_cost_reduction_only","bill_savings|upfront_cost_reduction","residential_only","electric|none","rate_schedule|annual_kwh|average_cost_per_kwh","peak_kw|demand_charge_rate|time_of_use_periods|contractor_quote_amount|quote_date","parking_spaces|ownership_status|equipment_category","per_unit","cost_per_unit","needs_quote","low","true"
"SOURCE_DSIRE:dsire_program_id:22646","grant_funding","ev_charging_site_load","bill_savings|upfront_cost_reduction","unknown","none|electric","project_cost_estimate","contractor_quote_amount|peak_kw|demand_charge_rate|time_of_use_periods","equipment_category|project_timing","grant_amount","contractor_quote_required","needs_quote","low","true"
"SOURCE_DSIRE:dsire_program_id:598","financing_cash_flow","gas_usage_reduction","bill_savings|financing","mixed","none|gas","project_cost_estimate|interest_rate|financing_term_years","down_payment|contractor_quote_amount|monthly_therms|gas_rate_schedule","equipment_category","financing","contractor_quote_required","needs_quote","high","true"
"SOURCE_DSIRE:dsire_program_id:1786","whole_building_custom_efficiency","hvac_electric_efficiency|gas_usage_reduction|motor_vfd_efficiency|water_sewer_reduction","bill_savings|upfront_cost_reduction","residential_only","electric|gas|water_sewer","annual_kwh|annual_electric_cost|average_cost_per_kwh","annual_therms|average_cost_per_therm|peak_kw|demand_charge_rate|square_footage|monthly_kwh|demand_charges|rate_schedule|monthly_therms|gas_rate_schedule|monthly_water_use|water_unit|sewer_cost|meter_size|irrigation_meter_present","project_cost_estimate|equipment_category","per_kwh_saved","benchmark_range","needs_bill","low","true"
"SOURCE_DSIRE:dsire_program_id:22559","ev_charging_site_load","project_cost_reduction_only","bill_savings|upfront_cost_reduction","mixed","electric|none","rate_schedule|annual_kwh|average_cost_per_kwh","peak_kw|demand_charge_rate|time_of_use_periods|contractor_quote_amount|quote_date","parking_spaces|ownership_status|equipment_category","per_unit","cost_per_unit","needs_quote","high","true"
"SOURCE_DSIRE:dsire_program_id:2693","electric_usage_reduction","project_cost_reduction_only","bill_savings|upfront_cost_reduction","unknown","electric|none","annual_kwh|annual_electric_cost|average_cost_per_kwh","monthly_kwh|rate_schedule|delivery_charges|generation_charges|contractor_quote_amount|quote_date","equipment_category","per_unit","cost_per_unit","needs_bill","low","true"
"SOURCE_CA_ENERGY_COMMISSION:cec_solicitation_number:GFO-23-315","grant_funding","","upfront_cost_reduction","unknown","none","project_cost_estimate","contractor_quote_amount","equipment_category|project_timing","grant_amount","contractor_quote_required","needs_quote","low","true"
"SOURCE_DSIRE:dsire_program_id:4586","fleet_fuel_replacement","ev_charging_site_load","bill_savings|upfront_cost_reduction","residential_only","fuel|electric","annual_gallons|annual_fuel_cost|average_cost_per_gallon|vehicle_count","estimated_miles|fuel_type|monthly_fuel_cost|rate_schedule|average_cost_per_kwh|peak_kw|demand_charge_rate|time_of_use_periods","vehicle_count","per_unit","cost_per_unit","needs_equipment_details","low","true"
"SOURCE_DSIRE:dsire_program_id:3415","commercial_kitchen_equipment_efficiency","water_sewer_reduction","bill_savings|upfront_cost_reduction","business_relevant","electric|water_sewer","annual_kwh|annual_electric_cost|average_cost_per_kwh","annual_therms|average_cost_per_therm|annual_water_use|annual_water_cost|annual_sewer_cost|monthly_water_use|water_unit|sewer_cost|meter_size|irrigation_meter_present","equipment_category|quantity","per_unit","cost_per_unit","needs_equipment_details","medium","true"
"SOURCE_SDGE_BUSINESS:program_url:smallbusinesssaver_net","no_direct_savings","","no_direct_savings","business_relevant","none","","","","unknown","unknown","unknown","low","true"
"SOURCE_DSIRE:dsire_program_id:22048","sales_or_property_tax_exemption","battery_tou_demand_savings","bill_savings|tax_benefit","unknown","none|electric","project_cost_estimate","ownership_status|tax_entity_type|contractor_quote_amount|annual_kwh|monthly_peak_kw","equipment_category","tax_exemption","benchmark_range","needs_tax_review","low","true"
"SOURCE_DSIRE:dsire_program_id:1578","grant_funding","","upfront_cost_reduction","agriculture_only","none","project_cost_estimate","contractor_quote_amount","equipment_category|project_timing","grant_amount","contractor_quote_required","needs_quote","medium","true"
"SOURCE_DSIRE:dsire_program_id:50","tax_benefit_project_cost_reduction","electric_usage_reduction|solar_electric_offset","bill_savings|tax_benefit","mixed","none|electric","project_cost_estimate|tax_entity_type","ownership_status|tax_appetite_unknown|contractor_quote_amount|monthly_kwh|rate_schedule|delivery_charges|generation_charges|time_of_use_periods|demand_charges","equipment_category","tax_credit","benchmark_range","needs_tax_review","medium","true"
"SOURCE_DSIRE:dsire_program_id:1902","ev_charging_site_load","project_cost_reduction_only","bill_savings|upfront_cost_reduction","residential_only","electric|none","rate_schedule|annual_kwh|average_cost_per_kwh","peak_kw|demand_charge_rate|time_of_use_periods|contractor_quote_amount|quote_date","parking_spaces|ownership_status|equipment_category","per_unit","cost_per_unit","needs_quote","low","true"
"SOURCE_DSIRE:dsire_program_id:22183","grant_funding","","upfront_cost_reduction","mixed","none","project_cost_estimate","contractor_quote_amount","equipment_category|project_timing","grant_amount","contractor_quote_required","needs_quote","high","true"
"SOURCE_DSIRE:dsire_program_id:4217","interconnection_or_grid_access_value","","policy_or_permitting","unknown","none","","utility_provider|service_address|rate_schedule","equipment_category|project_timing","unknown","unknown","policy_only","low","true"
"SOURCE_CA_ENERGY_COMMISSION:cec_solicitation_number:GFO-23-305","grant_funding","","upfront_cost_reduction","business_relevant","none","project_cost_estimate","contractor_quote_amount","equipment_category|project_timing","grant_amount","contractor_quote_required","needs_quote","high","false"
"SOURCE_DSIRE:dsire_program_id:3464","motor_vfd_efficiency","","bill_savings|upfront_cost_reduction","mixed","electric","annual_kwh|annual_electric_cost|average_cost_per_kwh","peak_kw|demand_charge_rate|monthly_kwh","equipment_category|quantity","per_unit","cost_per_unit","needs_equipment_details","medium","true"
"SOURCE_DSIRE:dsire_program_id:22250","financing_cash_flow","ev_charging_site_load","bill_savings|financing","business_relevant","none|electric","project_cost_estimate|interest_rate|financing_term_years","down_payment|contractor_quote_amount|peak_kw|demand_charge_rate|time_of_use_periods","equipment_category","financing","contractor_quote_required","needs_quote","high","false"
"SOURCE_DSIRE:dsire_program_id:1801","battery_tou_demand_savings","project_cost_reduction_only","bill_savings|upfront_cost_reduction","mixed","electric|none","rate_schedule|time_of_use_periods|peak_kw|demand_charges|demand_charge_rate|monthly_kwh","annual_kwh|monthly_peak_kw|contractor_quote_amount|quote_date","equipment_category","per_unit","cost_per_kwh_storage","needs_equipment_details","high","true"
"SOURCE_CA_ENERGY_COMMISSION:cec_solicitation_number:GFO-22-401","grant_funding","","upfront_cost_reduction","business_relevant","none","project_cost_estimate","contractor_quote_amount","equipment_category|project_timing","grant_amount","contractor_quote_required","needs_quote","high","false"
"SOURCE_DSIRE:dsire_program_id:4206","pace_or_on_bill_financing","","financing","mixed","none","project_cost_estimate|financing_term_years|interest_rate","ownership_status|down_payment|annual_electric_cost|annual_gas_cost","ownership_status","financing","contractor_quote_required","needs_quote","medium","true"
"SOURCE_DSIRE:dsire_program_id:4237","whole_building_custom_efficiency","electric_usage_reduction|hvac_electric_efficiency|gas_usage_reduction|refrigeration_electric_efficiency|motor_vfd_efficiency|controls_building_automation|commercial_kitchen_equipment_efficiency|water_sewer_reduction","bill_savings|upfront_cost_reduction","mixed","electric|gas|water_sewer","annual_kwh|annual_electric_cost|average_cost_per_kwh","annual_therms|average_cost_per_therm|peak_kw|demand_charge_rate|square_footage|monthly_kwh|rate_schedule|delivery_charges|generation_charges|demand_charges|monthly_therms|gas_rate_schedule|time_of_use_periods|annual_water_use|annual_water_cost|annual_sewer_cost|monthly_water_use|water_unit|sewer_cost|meter_size|irrigation_meter_present","project_cost_estimate|equipment_category","per_kwh_saved","benchmark_range","needs_bill","medium","true"
"SOURCE_DSIRE:dsire_program_id:22660","grant_funding","ev_charging_site_load","bill_savings|upfront_cost_reduction","unknown","none|electric","project_cost_estimate","contractor_quote_amount|peak_kw|demand_charge_rate|time_of_use_periods","equipment_category|project_timing","grant_amount","contractor_quote_required","needs_quote","low","true"
"SOURCE_DSIRE:dsire_program_id:1773","hvac_electric_efficiency","project_cost_reduction_only","bill_savings|upfront_cost_reduction","business_relevant","electric|none","annual_kwh|annual_electric_cost|average_cost_per_kwh","monthly_kwh|peak_kw|demand_charges|rate_schedule|contractor_quote_amount|quote_date","equipment_category|square_footage","per_unit","cost_per_unit","needs_bill","medium","true"
"SOURCE_DSIRE:dsire_program_id:22201","fleet_fuel_replacement","ev_charging_site_load","bill_savings|upfront_cost_reduction","residential_only","fuel|electric","annual_gallons|annual_fuel_cost|average_cost_per_gallon|vehicle_count","estimated_miles|fuel_type|monthly_fuel_cost|rate_schedule|average_cost_per_kwh|peak_kw|demand_charge_rate|time_of_use_periods","vehicle_count","per_unit","cost_per_unit","needs_equipment_details","low","true"
"SOURCE_DSIRE:dsire_program_id:2443","financing_cash_flow","hvac_electric_efficiency|gas_usage_reduction|motor_vfd_efficiency|battery_tou_demand_savings","bill_savings|financing","mixed","none|electric|gas","project_cost_estimate|interest_rate|financing_term_years","down_payment|contractor_quote_amount|monthly_kwh|peak_kw|demand_charges|rate_schedule|monthly_therms|gas_rate_schedule|demand_charge_rate|annual_kwh|monthly_peak_kw","equipment_category","financing","contractor_quote_required","needs_quote","medium","true"
"SOURCE_DSIRE:dsire_program_id:5780","program_rule_value_only","","policy_or_permitting","mixed","none","","service_address|utility_provider","project_timing","unknown","unknown","policy_only","low","true"
"SOURCE_DSIRE:dsire_program_id:4148","whole_building_custom_efficiency","electric_usage_reduction|hvac_electric_efficiency|refrigeration_electric_efficiency|motor_vfd_efficiency|controls_building_automation|commercial_kitchen_equipment_efficiency|battery_tou_demand_savings|water_sewer_reduction","bill_savings|upfront_cost_reduction","mixed","electric|water_sewer","annual_kwh|annual_electric_cost|average_cost_per_kwh","annual_therms|average_cost_per_therm|peak_kw|demand_charge_rate|square_footage|monthly_kwh|rate_schedule|delivery_charges|generation_charges|demand_charges|time_of_use_periods|annual_water_use|annual_water_cost|annual_sewer_cost|annual_kwh|monthly_peak_kw|monthly_water_use|water_unit|sewer_cost|meter_size|irrigation_meter_present","project_cost_estimate|equipment_category","per_kwh_saved","benchmark_range","needs_bill","medium","true"
"SOURCE_CA_ENERGY_COMMISSION:cec_solicitation_number:PON-24-002","financing_cash_flow","","financing","public_nonprofit_only","none","project_cost_estimate|interest_rate|financing_term_years","down_payment|contractor_quote_amount","equipment_category","financing","contractor_quote_required","needs_quote","high","true"
"SOURCE_DSIRE:dsire_program_id:1352","gas_usage_reduction","project_cost_reduction_only","bill_savings|upfront_cost_reduction","business_relevant","gas|none","annual_therms|annual_gas_cost|average_cost_per_therm","monthly_therms|gas_rate_schedule|contractor_quote_amount|quote_date","equipment_category","per_unit","cost_per_unit","needs_bill","medium","true"
"SOURCE_DSIRE:dsire_program_id:2157","fleet_fuel_replacement","ev_charging_site_load","bill_savings|upfront_cost_reduction","residential_only","fuel|electric","annual_gallons|annual_fuel_cost|average_cost_per_gallon|vehicle_count","estimated_miles|fuel_type|monthly_fuel_cost|rate_schedule|average_cost_per_kwh|peak_kw|demand_charge_rate|time_of_use_periods","vehicle_count","per_unit","cost_per_unit","needs_equipment_details","low","true"
"SOURCE_CA_ENERGY_COMMISSION:cec_solicitation_number:RFP-24-601","grant_funding","","upfront_cost_reduction","business_relevant","none","project_cost_estimate","contractor_quote_amount","equipment_category|project_timing","grant_amount","contractor_quote_required","needs_quote","high","false"
"SOURCE_CA_ENERGY_COMMISSION:cec_solicitation_number:GFO-23-306","grant_funding","","upfront_cost_reduction","business_relevant","none","project_cost_estimate","contractor_quote_amount","equipment_category|project_timing","grant_amount","contractor_quote_required","needs_quote","medium","true"
"SOURCE_DSIRE:dsire_program_id:1787","motor_vfd_efficiency","","bill_savings|upfront_cost_reduction","business_relevant","electric","annual_kwh|annual_electric_cost|average_cost_per_kwh","peak_kw|demand_charge_rate|monthly_kwh","equipment_category|quantity","per_unit","cost_per_unit","needs_equipment_details","medium","true"
"SOURCE_SCE_BUSINESS:sce_source_section:d049d8b8e95077d7:charge-ready-transport","fleet_fuel_replacement","ev_charging_site_load","bill_savings|upfront_cost_reduction","business_relevant","fuel|electric","annual_gallons|annual_fuel_cost|average_cost_per_gallon|vehicle_count","estimated_miles|fuel_type|monthly_fuel_cost|rate_schedule|average_cost_per_kwh|peak_kw|demand_charge_rate|time_of_use_periods","vehicle_count","per_unit","cost_per_unit","needs_equipment_details","high","false"
"SOURCE_DSIRE:dsire_program_id:22562","interconnection_or_grid_access_value","","policy_or_permitting","mixed","none","","utility_provider|service_address|rate_schedule","equipment_category|project_timing","unknown","unknown","policy_only","low","true"
"SOURCE_DSIRE:dsire_program_id:3697","fleet_fuel_replacement","ev_charging_site_load","bill_savings|upfront_cost_reduction","mixed","fuel|electric","annual_gallons|annual_fuel_cost|average_cost_per_gallon|vehicle_count","estimated_miles|fuel_type|monthly_fuel_cost|rate_schedule|average_cost_per_kwh|peak_kw|demand_charge_rate|time_of_use_periods","vehicle_count","per_unit","cost_per_unit","needs_equipment_details","medium","true"
"SOURCE_DSIRE:dsire_program_id:22215","grant_funding","electric_usage_reduction|ev_charging_site_load","bill_savings|upfront_cost_reduction","business_relevant","none|electric","project_cost_estimate","contractor_quote_amount|monthly_kwh|rate_schedule|delivery_charges|generation_charges|peak_kw|demand_charge_rate|time_of_use_periods","equipment_category|project_timing","grant_amount","contractor_quote_required","needs_quote","medium","true"
"SOURCE_DSIRE:dsire_program_id:22621","battery_tou_demand_savings","project_cost_reduction_only","bill_savings|upfront_cost_reduction","residential_only","electric|none","rate_schedule|time_of_use_periods|peak_kw|demand_charges|demand_charge_rate|monthly_kwh","annual_kwh|monthly_peak_kw|contractor_quote_amount|quote_date","equipment_category","per_unit","cost_per_kwh_storage","needs_equipment_details","low","true"
"SOURCE_CA_ENERGY_COMMISSION:cec_solicitation_number:​​​​GFO-23-701","grant_funding","electric_usage_reduction","bill_savings|upfront_cost_reduction","unknown","none|electric","project_cost_estimate","contractor_quote_amount|monthly_kwh|rate_schedule|delivery_charges|generation_charges","equipment_category|project_timing","grant_amount","contractor_quote_required","needs_quote","low","true"
"SOURCE_DSIRE:dsire_program_code_title_hash:VA28R:12e95a61997a","battery_tou_demand_savings","project_cost_reduction_only","bill_savings|upfront_cost_reduction","unknown","electric|none","rate_schedule|time_of_use_periods|peak_kw|demand_charges|demand_charge_rate|monthly_kwh","annual_kwh|monthly_peak_kw|contractor_quote_amount|quote_date","equipment_category","per_unit","cost_per_kwh_storage","needs_equipment_details","low","true"
"SOURCE_DSIRE:dsire_program_id:1903","fleet_fuel_replacement","ev_charging_site_load","bill_savings|upfront_cost_reduction","business_relevant","fuel|electric","annual_gallons|annual_fuel_cost|average_cost_per_gallon|vehicle_count","estimated_miles|fuel_type|monthly_fuel_cost|rate_schedule|average_cost_per_kwh|peak_kw|demand_charge_rate|time_of_use_periods","vehicle_count","per_unit","cost_per_unit","needs_equipment_details","medium","true"
"SOURCE_DSIRE:dsire_program_id:4245","whole_building_custom_efficiency","electric_usage_reduction|hvac_electric_efficiency|gas_usage_reduction|refrigeration_electric_efficiency|motor_vfd_efficiency|controls_building_automation|commercial_kitchen_equipment_efficiency","bill_savings|upfront_cost_reduction","business_relevant","electric|gas","annual_kwh|annual_electric_cost|average_cost_per_kwh","annual_therms|average_cost_per_therm|peak_kw|demand_charge_rate|square_footage|monthly_kwh|rate_schedule|delivery_charges|generation_charges|demand_charges|monthly_therms|gas_rate_schedule|time_of_use_periods|annual_water_use|annual_water_cost|annual_sewer_cost","project_cost_estimate|equipment_category","per_kwh_saved","benchmark_range","needs_bill","medium","true"
"SOURCE_DSIRE:dsire_program_id:22605","battery_tou_demand_savings","project_cost_reduction_only","bill_savings|upfront_cost_reduction","residential_only","electric|none","rate_schedule|time_of_use_periods|peak_kw|demand_charges|demand_charge_rate|monthly_kwh","annual_kwh|monthly_peak_kw|contractor_quote_amount|quote_date","equipment_category","per_unit","cost_per_kwh_storage","needs_equipment_details","low","true"
"SOURCE_DSIRE:dsire_program_id:22275","ev_charging_site_load","project_cost_reduction_only","bill_savings|upfront_cost_reduction","mixed","electric|none","rate_schedule|annual_kwh|average_cost_per_kwh","peak_kw|demand_charge_rate|time_of_use_periods|contractor_quote_amount|quote_date","parking_spaces|ownership_status|equipment_category","per_unit","cost_per_unit","needs_quote","medium","true"
"SOURCE_DSIRE:dsire_program_id:1581","whole_building_custom_efficiency","electric_usage_reduction|hvac_electric_efficiency|gas_usage_reduction|motor_vfd_efficiency|controls_building_automation","bill_savings|upfront_cost_reduction","residential_only","electric|gas","annual_kwh|annual_electric_cost|average_cost_per_kwh","annual_therms|average_cost_per_therm|peak_kw|demand_charge_rate|square_footage|monthly_kwh|rate_schedule|delivery_charges|generation_charges|demand_charges|monthly_therms|gas_rate_schedule|time_of_use_periods","project_cost_estimate|equipment_category","per_kwh_saved","benchmark_range","needs_bill","low","true"
"SOURCE_DSIRE:dsire_program_id:22196","grant_funding","","upfront_cost_reduction","business_relevant","none","project_cost_estimate","contractor_quote_amount","equipment_category|project_timing","grant_amount","contractor_quote_required","needs_quote","high","false"
"SOURCE_DSIRE:dsire_program_id:22329","ev_charging_site_load","project_cost_reduction_only","bill_savings|upfront_cost_reduction","mixed","electric|none","rate_schedule|annual_kwh|average_cost_per_kwh","peak_kw|demand_charge_rate|time_of_use_periods|contractor_quote_amount|quote_date","parking_spaces|ownership_status|equipment_category","per_unit","cost_per_unit","needs_quote","medium","true"
"SOURCE_DSIRE:dsire_program_id:4450","tax_benefit_project_cost_reduction","electric_usage_reduction","bill_savings|tax_benefit","mixed","none|electric","project_cost_estimate|tax_entity_type","ownership_status|tax_appetite_unknown|contractor_quote_amount|monthly_kwh|rate_schedule|delivery_charges|generation_charges","equipment_category","tax_credit","benchmark_range","needs_tax_review","medium","true"
"SOURCE_DSIRE:dsire_program_id:22624","fleet_fuel_replacement","ev_charging_site_load","bill_savings|upfront_cost_reduction","mixed","fuel|electric","annual_gallons|annual_fuel_cost|average_cost_per_gallon|vehicle_count","estimated_miles|fuel_type|monthly_fuel_cost|rate_schedule|average_cost_per_kwh|peak_kw|demand_charge_rate|time_of_use_periods","vehicle_count","per_unit","cost_per_unit","needs_equipment_details","high","true"
"SOURCE_CA_ENERGY_COMMISSION:cec_solicitation_number:GFO-25-302","grant_funding","solar_electric_offset|battery_tou_demand_savings","bill_savings|upfront_cost_reduction","business_relevant","none|electric","project_cost_estimate","contractor_quote_amount|time_of_use_periods|demand_charges|generation_charges|delivery_charges|annual_kwh|monthly_peak_kw","equipment_category|project_timing","grant_amount","contractor_quote_required","needs_quote","high","false"
"SOURCE_DSIRE:dsire_program_id:22428","ev_charging_site_load","project_cost_reduction_only","bill_savings|upfront_cost_reduction","residential_only","electric|none","rate_schedule|annual_kwh|average_cost_per_kwh","peak_kw|demand_charge_rate|time_of_use_periods|contractor_quote_amount|quote_date","parking_spaces|ownership_status|equipment_category","per_unit","cost_per_unit","needs_quote","low","true"
"SOURCE_CA_ENERGY_COMMISSION:cec_solicitation_number:GFO-24-304","grant_funding","battery_tou_demand_savings","bill_savings|upfront_cost_reduction","business_relevant","none|electric","project_cost_estimate","contractor_quote_amount|annual_kwh|monthly_peak_kw","equipment_category|project_timing","grant_amount","contractor_quote_required","needs_quote","medium","true"
"SOURCE_DSIRE:dsire_program_id:2895","ev_charging_site_load","project_cost_reduction_only","bill_savings|upfront_cost_reduction","business_relevant","electric|none","rate_schedule|annual_kwh|average_cost_per_kwh","peak_kw|demand_charge_rate|time_of_use_periods|contractor_quote_amount|quote_date","parking_spaces|ownership_status|equipment_category","per_unit","cost_per_unit","needs_quote","medium","true"
"SOURCE_DSIRE:dsire_program_id:3567","financing_cash_flow","battery_tou_demand_savings","bill_savings|financing","business_relevant","none|electric","project_cost_estimate|interest_rate|financing_term_years","down_payment|contractor_quote_amount|annual_kwh|monthly_peak_kw","equipment_category","financing","contractor_quote_required","needs_quote","high","false"
"SOURCE_SCE_BUSINESS:sce_source_section:d049d8b8e95077d7:te-advisory-services","fleet_fuel_replacement","ev_charging_site_load","bill_savings|upfront_cost_reduction","business_relevant","fuel|electric","annual_gallons|annual_fuel_cost|average_cost_per_gallon|vehicle_count","estimated_miles|fuel_type|monthly_fuel_cost|rate_schedule|average_cost_per_kwh|peak_kw|demand_charge_rate|time_of_use_periods","vehicle_count","per_unit","cost_per_unit","needs_equipment_details","high","false"
"SOURCE_DSIRE:dsire_program_id:3021","controls_building_automation","","bill_savings|upfront_cost_reduction","business_relevant","electric","annual_kwh|rate_schedule","annual_therms|peak_kw|demand_charges|time_of_use_periods","square_footage|equipment_category","per_unit","benchmark_range","needs_equipment_details","medium","true"
"SOURCE_DSIRE:dsire_program_id:597","financing_cash_flow","gas_usage_reduction","bill_savings|financing","unknown","none|gas","project_cost_estimate|interest_rate|financing_term_years","down_payment|contractor_quote_amount|monthly_therms|gas_rate_schedule","equipment_category","financing","contractor_quote_required","needs_quote","low","true"
"SOURCE_DSIRE:dsire_program_id:3543","sales_or_property_tax_exemption","electric_usage_reduction|solar_electric_offset|battery_tou_demand_savings","bill_savings|tax_benefit","business_relevant","none|electric","project_cost_estimate","ownership_status|tax_entity_type|contractor_quote_amount|monthly_kwh|rate_schedule|delivery_charges|generation_charges|time_of_use_periods|demand_charges|annual_kwh|monthly_peak_kw","equipment_category","tax_exemption","benchmark_range","needs_tax_review","medium","false"
"SOURCE_DSIRE:dsire_program_id:4068","sales_or_property_tax_exemption","","tax_benefit","mixed","none","project_cost_estimate","ownership_status|tax_entity_type|contractor_quote_amount","equipment_category","tax_exemption","benchmark_range","needs_tax_review","medium","true"
"SOURCE_DSIRE:dsire_program_id:1531","battery_tou_demand_savings","project_cost_reduction_only","bill_savings|upfront_cost_reduction","business_relevant","electric|none","rate_schedule|time_of_use_periods|peak_kw|demand_charges|demand_charge_rate|monthly_kwh","annual_kwh|monthly_peak_kw|contractor_quote_amount|quote_date","equipment_category","per_unit","cost_per_kwh_storage","needs_equipment_details","medium","true"
"SOURCE_DSIRE:dsire_program_id:5317","water_sewer_reduction","project_cost_reduction_only","bill_savings|upfront_cost_reduction","business_relevant","water_sewer|none","annual_water_use|annual_water_cost|annual_sewer_cost","monthly_water_use|water_unit|sewer_cost|meter_size|irrigation_meter_present|contractor_quote_amount|quote_date","equipment_category","per_unit","cost_per_unit","needs_equipment_details","medium","true"
"SOURCE_DSIRE:dsire_program_id:21865","interconnection_or_grid_access_value","","policy_or_permitting","mixed","none","","utility_provider|service_address|rate_schedule","equipment_category|project_timing","unknown","unknown","policy_only","low","true"
"SOURCE_DSIRE:dsire_program_id:5311","motor_vfd_efficiency","","bill_savings|upfront_cost_reduction","residential_only","electric","annual_kwh|annual_electric_cost|average_cost_per_kwh","peak_kw|demand_charge_rate|monthly_kwh","equipment_category|quantity","per_unit","cost_per_unit","needs_equipment_details","low","true"
"SOURCE_DSIRE:dsire_program_id:2997","financing_cash_flow","","financing","agriculture_only","none","project_cost_estimate|interest_rate|financing_term_years","down_payment|contractor_quote_amount","equipment_category","financing","contractor_quote_required","needs_quote","high","true"
"SOURCE_DSIRE:dsire_program_id:4452","gas_usage_reduction","project_cost_reduction_only","bill_savings|upfront_cost_reduction","business_relevant","gas|none","annual_therms|annual_gas_cost|average_cost_per_therm","monthly_therms|gas_rate_schedule|contractor_quote_amount|quote_date","equipment_category","per_unit","cost_per_unit","needs_bill","medium","true"
"SOURCE_DSIRE:dsire_program_id:5696","refrigeration_electric_efficiency","electric_usage_reduction","bill_savings|upfront_cost_reduction","business_relevant","electric","annual_kwh|annual_electric_cost|average_cost_per_kwh","monthly_kwh|peak_kw|demand_charges|rate_schedule|delivery_charges|generation_charges","equipment_category|quantity","per_unit","cost_per_unit","needs_equipment_details","medium","true"
"SOURCE_DSIRE:dsire_program_id:22090","solar_electric_offset","project_cost_reduction_only","bill_savings|upfront_cost_reduction","business_relevant","electric|none","annual_kwh|monthly_kwh|average_cost_per_kwh|rate_schedule","time_of_use_periods|demand_charges|generation_charges|delivery_charges|contractor_quote_amount|quote_date","roof_area|ownership_status","per_kw","cost_per_kw","needs_bill","medium","true"
"SOURCE_DSIRE:dsire_program_id:4735","whole_building_custom_efficiency","hvac_electric_efficiency|gas_usage_reduction|refrigeration_electric_efficiency|motor_vfd_efficiency|controls_building_automation","bill_savings|upfront_cost_reduction","residential_only","electric|gas","annual_kwh|annual_electric_cost|average_cost_per_kwh","annual_therms|average_cost_per_therm|peak_kw|demand_charge_rate|square_footage|monthly_kwh|demand_charges|rate_schedule|monthly_therms|gas_rate_schedule|time_of_use_periods","project_cost_estimate|equipment_category","per_kwh_saved","benchmark_range","needs_bill","low","true"
"SOURCE_DSIRE:dsire_program_id:22765","grant_funding","electric_usage_reduction|solar_electric_offset","bill_savings|upfront_cost_reduction","residential_only","none|electric","project_cost_estimate","contractor_quote_amount|monthly_kwh|rate_schedule|delivery_charges|generation_charges|time_of_use_periods|demand_charges","equipment_category|project_timing","grant_amount","contractor_quote_required","needs_quote","low","true"
"SOURCE_DSIRE:dsire_program_id:5753","pace_or_on_bill_financing","","financing","mixed","none","project_cost_estimate|financing_term_years|interest_rate","ownership_status|down_payment|annual_electric_cost|annual_gas_cost","ownership_status","financing","contractor_quote_required","needs_quote","high","true"
"SOURCE_DSIRE:dsire_program_id:1718","whole_building_custom_efficiency","electric_usage_reduction|hvac_electric_efficiency|gas_usage_reduction|refrigeration_electric_efficiency|motor_vfd_efficiency|controls_building_automation|commercial_kitchen_equipment_efficiency|water_sewer_reduction","bill_savings|upfront_cost_reduction","residential_only","electric|gas|water_sewer","annual_kwh|annual_electric_cost|average_cost_per_kwh","annual_therms|average_cost_per_therm|peak_kw|demand_charge_rate|square_footage|monthly_kwh|rate_schedule|delivery_charges|generation_charges|demand_charges|monthly_therms|gas_rate_schedule|time_of_use_periods|annual_water_use|annual_water_cost|annual_sewer_cost|monthly_water_use|water_unit|sewer_cost|meter_size|irrigation_meter_present","project_cost_estimate|equipment_category","per_kwh_saved","benchmark_range","needs_bill","low","true"
"SOURCE_DSIRE:dsire_program_id:2359","hvac_electric_efficiency","project_cost_reduction_only","bill_savings|upfront_cost_reduction","mixed","electric|none","annual_kwh|annual_electric_cost|average_cost_per_kwh","monthly_kwh|peak_kw|demand_charges|rate_schedule|contractor_quote_amount|quote_date","equipment_category|square_footage","per_unit","cost_per_unit","needs_bill","medium","true"
"SOURCE_DSIRE:dsire_program_id:22583","ev_charging_site_load","project_cost_reduction_only","bill_savings|upfront_cost_reduction","residential_only","electric|none","rate_schedule|annual_kwh|average_cost_per_kwh","peak_kw|demand_charge_rate|time_of_use_periods|contractor_quote_amount|quote_date","parking_spaces|ownership_status|equipment_category","per_unit","cost_per_unit","needs_quote","low","true"
"SOURCE_DSIRE:dsire_program_id:147","sales_or_property_tax_exemption","","tax_benefit","business_relevant","none","project_cost_estimate","ownership_status|tax_entity_type|contractor_quote_amount","equipment_category","tax_exemption","benchmark_range","needs_tax_review","medium","false"
"SOURCE_DSIRE:dsire_program_id:2553","whole_building_custom_efficiency","electric_usage_reduction|hvac_electric_efficiency|refrigeration_electric_efficiency|motor_vfd_efficiency|controls_building_automation|commercial_kitchen_equipment_efficiency|battery_tou_demand_savings","bill_savings|upfront_cost_reduction","business_relevant","electric","annual_kwh|annual_electric_cost|average_cost_per_kwh","annual_therms|average_cost_per_therm|peak_kw|demand_charge_rate|square_footage|monthly_kwh|rate_schedule|delivery_charges|generation_charges|demand_charges|time_of_use_periods|annual_water_use|annual_water_cost|annual_sewer_cost|annual_kwh|monthly_peak_kw","project_cost_estimate|equipment_category","per_kwh_saved","benchmark_range","needs_bill","medium","true"
"SOURCE_DSIRE:dsire_program_id:115","financing_cash_flow","battery_tou_demand_savings","bill_savings|financing","public_nonprofit_only","none|electric","project_cost_estimate|interest_rate|financing_term_years","down_payment|contractor_quote_amount|annual_kwh|monthly_peak_kw","equipment_category","financing","contractor_quote_required","needs_quote","high","true"
"SOURCE_DSIRE:dsire_program_id:5352","electric_usage_reduction","project_cost_reduction_only","bill_savings|upfront_cost_reduction","business_relevant","electric|none","annual_kwh|annual_electric_cost|average_cost_per_kwh","monthly_kwh|rate_schedule|delivery_charges|generation_charges|contractor_quote_amount|quote_date","equipment_category","per_unit","cost_per_unit","needs_bill","high","false"
"SOURCE_CA_ENERGY_COMMISSION:cec_solicitation_number:GFO-23-402","financing_cash_flow","electric_usage_reduction","bill_savings|financing","business_relevant","none|electric","project_cost_estimate|interest_rate|financing_term_years","down_payment|contractor_quote_amount|monthly_kwh|rate_schedule|delivery_charges|generation_charges","equipment_category","financing","contractor_quote_required","needs_quote","high","false"
"SOURCE_DSIRE:dsire_program_id:5324","financing_cash_flow","electric_usage_reduction|hvac_electric_efficiency|gas_usage_reduction|motor_vfd_efficiency|water_sewer_reduction","bill_savings|financing","mixed","none|electric|gas|water_sewer","project_cost_estimate|interest_rate|financing_term_years","down_payment|contractor_quote_amount|monthly_kwh|rate_schedule|delivery_charges|generation_charges|peak_kw|demand_charges|monthly_therms|gas_rate_schedule|demand_charge_rate|monthly_water_use|water_unit|sewer_cost|meter_size|irrigation_meter_present","equipment_category","financing","contractor_quote_required","needs_quote","medium","true"
"SOURCE_DSIRE:dsire_program_id:4744","program_rule_value_only","","policy_or_permitting","residential_only","none","","service_address|utility_provider","project_timing","unknown","unknown","policy_only","low","true"
"SOURCE_DSIRE:dsire_program_id:4629","commercial_kitchen_equipment_efficiency","water_sewer_reduction","bill_savings|upfront_cost_reduction","business_relevant","electric|water_sewer","annual_kwh|annual_electric_cost|average_cost_per_kwh","annual_therms|average_cost_per_therm|annual_water_use|annual_water_cost|annual_sewer_cost|monthly_water_use|water_unit|sewer_cost|meter_size|irrigation_meter_present","equipment_category|quantity","per_unit","cost_per_unit","needs_equipment_details","medium","true"
"SOURCE_DSIRE:dsire_program_id:2320","whole_building_custom_efficiency","hvac_electric_efficiency|gas_usage_reduction|motor_vfd_efficiency|controls_building_automation|water_sewer_reduction","bill_savings|upfront_cost_reduction","residential_only","electric|gas|water_sewer","annual_kwh|annual_electric_cost|average_cost_per_kwh","annual_therms|average_cost_per_therm|peak_kw|demand_charge_rate|square_footage|monthly_kwh|demand_charges|rate_schedule|monthly_therms|gas_rate_schedule|time_of_use_periods|monthly_water_use|water_unit|sewer_cost|meter_size|irrigation_meter_present","project_cost_estimate|equipment_category","per_kwh_saved","benchmark_range","needs_bill","low","true"
"SOURCE_DSIRE:dsire_program_id:22629","grant_funding","ev_charging_site_load","bill_savings|upfront_cost_reduction","unknown","none|electric","project_cost_estimate","contractor_quote_amount|peak_kw|demand_charge_rate|time_of_use_periods","equipment_category|project_timing","grant_amount","contractor_quote_required","needs_quote","low","true"
"SOURCE_DSIRE:dsire_program_id:5536","pace_or_on_bill_financing","","financing","mixed","none","project_cost_estimate|financing_term_years|interest_rate","ownership_status|down_payment|annual_electric_cost|annual_gas_cost","ownership_status","financing","contractor_quote_required","needs_quote","medium","true"
"SOURCE_DSIRE:dsire_program_id:2113","electric_usage_reduction","project_cost_reduction_only","bill_savings|upfront_cost_reduction","business_relevant","electric|none","annual_kwh|annual_electric_cost|average_cost_per_kwh","monthly_kwh|rate_schedule|delivery_charges|generation_charges|contractor_quote_amount|quote_date","equipment_category","per_unit","cost_per_unit","needs_bill","medium","true"
"SOURCE_DSIRE:dsire_program_id:4051","ev_charging_site_load","project_cost_reduction_only","bill_savings|upfront_cost_reduction","residential_only","electric|none","rate_schedule|annual_kwh|average_cost_per_kwh","peak_kw|demand_charge_rate|time_of_use_periods|contractor_quote_amount|quote_date","parking_spaces|ownership_status|equipment_category","per_unit","cost_per_unit","needs_quote","low","true"
"SOURCE_DSIRE:dsire_program_id:2447","ev_charging_site_load","project_cost_reduction_only","bill_savings|upfront_cost_reduction","mixed","electric|none","rate_schedule|annual_kwh|average_cost_per_kwh","peak_kw|demand_charge_rate|time_of_use_periods|contractor_quote_amount|quote_date","parking_spaces|ownership_status|equipment_category","per_unit","cost_per_unit","needs_quote","medium","true"
"SOURCE_DSIRE:dsire_program_id:2183","program_rule_value_only","","policy_or_permitting","business_relevant","none","","service_address|utility_provider","project_timing","unknown","unknown","policy_only","low","true"
"SOURCE_DSIRE:dsire_program_id:2470","financing_cash_flow","electric_usage_reduction|hvac_electric_efficiency","bill_savings|financing","mixed","none|electric","project_cost_estimate|interest_rate|financing_term_years","down_payment|contractor_quote_amount|monthly_kwh|rate_schedule|delivery_charges|generation_charges|peak_kw|demand_charges","equipment_category","financing","contractor_quote_required","needs_quote","medium","true"
"SOURCE_SDGE_BUSINESS:program_url:sdge_com_node_13556","no_direct_savings","","no_direct_savings","business_relevant","none","","","","unknown","unknown","unknown","low","true"
"SOURCE_DSIRE:dsire_program_id:22386","ev_charging_site_load","project_cost_reduction_only","bill_savings|upfront_cost_reduction","mixed","electric|none","rate_schedule|annual_kwh|average_cost_per_kwh","peak_kw|demand_charge_rate|time_of_use_periods|contractor_quote_amount|quote_date","parking_spaces|ownership_status|equipment_category","per_unit","cost_per_unit","needs_quote","high","true"
"SOURCE_DSIRE:dsire_program_id:1660","program_rule_value_only","","policy_or_permitting","business_relevant","none","","service_address|utility_provider","project_timing","unknown","unknown","policy_only","low","true"
"SOURCE_CA_ENERGY_COMMISSION:cec_solicitation_number:GFO-22-504","grant_funding","","upfront_cost_reduction","business_relevant","none","project_cost_estimate","contractor_quote_amount","equipment_category|project_timing","grant_amount","contractor_quote_required","needs_quote","high","false"
"SOURCE_DSIRE:dsire_program_id:3680","refrigeration_electric_efficiency","electric_usage_reduction","bill_savings|upfront_cost_reduction","residential_only","electric","annual_kwh|annual_electric_cost|average_cost_per_kwh","monthly_kwh|peak_kw|demand_charges|rate_schedule|delivery_charges|generation_charges","equipment_category|quantity","per_unit","cost_per_unit","needs_equipment_details","low","true"
"SOURCE_CA_ENERGY_COMMISSION:cec_solicitation_number:GFO-22-901","grant_funding","","upfront_cost_reduction","business_relevant","none","project_cost_estimate","contractor_quote_amount","equipment_category|project_timing","grant_amount","contractor_quote_required","needs_quote","high","false"
"SOURCE_DSIRE:dsire_program_id:5689","renewable_generation_credit_market_value","solar_electric_offset","bill_savings|policy_or_permitting|market_credit","unknown","electric|none","annual_kwh","monthly_kwh|rate_schedule|time_of_use_periods|demand_charges|generation_charges|delivery_charges","equipment_category|project_timing","unknown","unknown","policy_only","low","true"
"SOURCE_DSIRE:dsire_program_id:22635","grant_funding","electric_usage_reduction","bill_savings|upfront_cost_reduction","unknown","none|electric","project_cost_estimate","contractor_quote_amount|monthly_kwh|rate_schedule|delivery_charges|generation_charges","equipment_category|project_timing","grant_amount","contractor_quote_required","needs_quote","low","true"
"SOURCE_DSIRE:dsire_program_id:888","sales_or_property_tax_exemption","solar_electric_offset","bill_savings|tax_benefit","residential_only","none|electric","project_cost_estimate","ownership_status|tax_entity_type|contractor_quote_amount|time_of_use_periods|demand_charges|generation_charges|delivery_charges","equipment_category","tax_exemption","benchmark_range","needs_tax_review","low","true"
"SOURCE_DSIRE:dsire_program_id:22734","solar_electric_offset","project_cost_reduction_only","bill_savings|upfront_cost_reduction","residential_only","electric|none","annual_kwh|monthly_kwh|average_cost_per_kwh|rate_schedule","time_of_use_periods|demand_charges|generation_charges|delivery_charges|contractor_quote_amount|quote_date","roof_area|ownership_status","per_kw","cost_per_kw","needs_bill","low","true"
"SOURCE_DSIRE:dsire_program_id:3985","motor_vfd_efficiency","","bill_savings|upfront_cost_reduction","residential_only","electric","annual_kwh|annual_electric_cost|average_cost_per_kwh","peak_kw|demand_charge_rate|monthly_kwh","equipment_category|quantity","per_unit","cost_per_unit","needs_equipment_details","low","true"
"SOURCE_DSIRE:dsire_program_id:2187","electric_usage_reduction","project_cost_reduction_only","bill_savings|upfront_cost_reduction","business_relevant","electric|none","annual_kwh|annual_electric_cost|average_cost_per_kwh","monthly_kwh|rate_schedule|delivery_charges|generation_charges|contractor_quote_amount|quote_date","equipment_category","per_unit","cost_per_unit","needs_bill","medium","true"
"SOURCE_DSIRE:dsire_program_id:3733","refrigeration_electric_efficiency","electric_usage_reduction","bill_savings|upfront_cost_reduction","mixed","electric","annual_kwh|annual_electric_cost|average_cost_per_kwh","monthly_kwh|peak_kw|demand_charges|rate_schedule|delivery_charges|generation_charges","equipment_category|quantity","per_unit","cost_per_unit","needs_equipment_details","medium","true"
"SOURCE_DSIRE:dsire_program_id:1499","financing_cash_flow","","financing","residential_only","none","project_cost_estimate|interest_rate|financing_term_years","down_payment|contractor_quote_amount","equipment_category","financing","contractor_quote_required","needs_quote","low","true"
"SOURCE_DSIRE:dsire_program_id:22067","commercial_kitchen_equipment_efficiency","water_sewer_reduction","bill_savings|upfront_cost_reduction","business_relevant","electric|water_sewer","annual_kwh|annual_electric_cost|average_cost_per_kwh","annual_therms|average_cost_per_therm|annual_water_use|annual_water_cost|annual_sewer_cost|monthly_water_use|water_unit|sewer_cost|meter_size|irrigation_meter_present","equipment_category|quantity","per_unit","cost_per_unit","needs_equipment_details","medium","true"
"SOURCE_DSIRE:dsire_program_id:243","sales_or_property_tax_exemption","gas_usage_reduction|battery_tou_demand_savings","bill_savings|tax_benefit","unknown","none|gas|electric","project_cost_estimate","ownership_status|tax_entity_type|contractor_quote_amount|monthly_therms|gas_rate_schedule|annual_kwh|monthly_peak_kw","equipment_category","tax_exemption","benchmark_range","needs_tax_review","low","true"
"SOURCE_DSIRE:dsire_program_id:146","sales_or_property_tax_exemption","solar_electric_offset|battery_tou_demand_savings","bill_savings|tax_benefit","mixed","none|electric","project_cost_estimate","ownership_status|tax_entity_type|contractor_quote_amount|time_of_use_periods|demand_charges|generation_charges|delivery_charges|annual_kwh|monthly_peak_kw","equipment_category","tax_exemption","benchmark_range","needs_tax_review","medium","true"
"SOURCE_DSIRE:dsire_program_id:22123","fleet_fuel_replacement","ev_charging_site_load","bill_savings|upfront_cost_reduction","business_relevant","fuel|electric","annual_gallons|annual_fuel_cost|average_cost_per_gallon|vehicle_count","estimated_miles|fuel_type|monthly_fuel_cost|rate_schedule|average_cost_per_kwh|peak_kw|demand_charge_rate|time_of_use_periods","vehicle_count","per_unit","cost_per_unit","needs_equipment_details","medium","true"
"SOURCE_DSIRE:dsire_program_id:4365","whole_building_custom_efficiency","electric_usage_reduction|hvac_electric_efficiency|gas_usage_reduction|refrigeration_electric_efficiency|motor_vfd_efficiency|controls_building_automation|commercial_kitchen_equipment_efficiency","bill_savings|upfront_cost_reduction","business_relevant","electric|gas","annual_kwh|annual_electric_cost|average_cost_per_kwh","annual_therms|average_cost_per_therm|peak_kw|demand_charge_rate|square_footage|monthly_kwh|rate_schedule|delivery_charges|generation_charges|demand_charges|monthly_therms|gas_rate_schedule|time_of_use_periods|annual_water_use|annual_water_cost|annual_sewer_cost","project_cost_estimate|equipment_category","per_kwh_saved","benchmark_range","needs_bill","medium","true"
"SOURCE_DSIRE:dsire_program_id:2548","ev_charging_site_load","project_cost_reduction_only","bill_savings|upfront_cost_reduction","mixed","electric|none","rate_schedule|annual_kwh|average_cost_per_kwh","peak_kw|demand_charge_rate|time_of_use_periods|contractor_quote_amount|quote_date","parking_spaces|ownership_status|equipment_category","per_unit","cost_per_unit","needs_quote","medium","true"
"SOURCE_CA_ENERGY_COMMISSION:cec_solicitation_number:RFP-23-802","grant_funding","","upfront_cost_reduction","business_relevant","none","project_cost_estimate","contractor_quote_amount","equipment_category|project_timing","grant_amount","contractor_quote_required","needs_quote","high","false"
"SOURCE_DSIRE:dsire_program_id:4977","financing_cash_flow","solar_electric_offset|hvac_electric_efficiency","bill_savings|financing","residential_only","none|electric","project_cost_estimate|interest_rate|financing_term_years","down_payment|contractor_quote_amount|time_of_use_periods|demand_charges|generation_charges|delivery_charges|monthly_kwh|peak_kw|rate_schedule","equipment_category","financing","contractor_quote_required","needs_quote","low","true"
"SOURCE_DSIRE:dsire_program_id:4723","whole_building_custom_efficiency","electric_usage_reduction|hvac_electric_efficiency|gas_usage_reduction|motor_vfd_efficiency|controls_building_automation|commercial_kitchen_equipment_efficiency|water_sewer_reduction","bill_savings|upfront_cost_reduction","residential_only","electric|gas|water_sewer","annual_kwh|annual_electric_cost|average_cost_per_kwh","annual_therms|average_cost_per_therm|peak_kw|demand_charge_rate|square_footage|monthly_kwh|rate_schedule|delivery_charges|generation_charges|demand_charges|monthly_therms|gas_rate_schedule|time_of_use_periods|annual_water_use|annual_water_cost|annual_sewer_cost|monthly_water_use|water_unit|sewer_cost|meter_size|irrigation_meter_present","project_cost_estimate|equipment_category","per_kwh_saved","benchmark_range","needs_bill","low","true"
"SOURCE_DSIRE:dsire_program_id:5770","motor_vfd_efficiency","","bill_savings|upfront_cost_reduction","agriculture_only","electric","annual_kwh|annual_electric_cost|average_cost_per_kwh","peak_kw|demand_charge_rate|monthly_kwh","equipment_category|quantity","per_unit","cost_per_unit","needs_equipment_details","medium","true"
"SOURCE_DSIRE:dsire_program_id:22277","fleet_fuel_replacement","ev_charging_site_load","bill_savings|upfront_cost_reduction","business_relevant","fuel|electric","annual_gallons|annual_fuel_cost|average_cost_per_gallon|vehicle_count","estimated_miles|fuel_type|monthly_fuel_cost|rate_schedule|average_cost_per_kwh|peak_kw|demand_charge_rate|time_of_use_periods","vehicle_count","per_unit","cost_per_unit","needs_equipment_details","medium","true"
"SOURCE_DSIRE:dsire_program_id:1088","solar_electric_offset","project_cost_reduction_only","bill_savings|upfront_cost_reduction","residential_only","electric|none","annual_kwh|monthly_kwh|average_cost_per_kwh|rate_schedule","time_of_use_periods|demand_charges|generation_charges|delivery_charges|contractor_quote_amount|quote_date","roof_area|ownership_status","per_kw","cost_per_kw","needs_bill","low","true"
"SOURCE_DSIRE:dsire_program_id:2122","financing_cash_flow","electric_usage_reduction|hvac_electric_efficiency|gas_usage_reduction|motor_vfd_efficiency","bill_savings|financing","residential_only","none|electric|gas","project_cost_estimate|interest_rate|financing_term_years","down_payment|contractor_quote_amount|monthly_kwh|rate_schedule|delivery_charges|generation_charges|peak_kw|demand_charges|monthly_therms|gas_rate_schedule|demand_charge_rate","equipment_category","financing","contractor_quote_required","needs_quote","low","true"
"SOURCE_DSIRE:dsire_program_id:2253","program_rule_value_only","","policy_or_permitting","business_relevant","none","","service_address|utility_provider","project_timing","unknown","unknown","policy_only","low","true"
"SOURCE_DSIRE:dsire_program_id:22553","net_metering_or_export_value","solar_electric_offset","bill_savings|policy_or_permitting","mixed","electric","annual_kwh|monthly_kwh|rate_schedule","time_of_use_periods|generation_charges|delivery_charges|demand_charges","equipment_category|roof_area","unknown","unknown","policy_only","low","true"
"SOURCE_DSIRE:dsire_program_id:3823","ev_charging_site_load","project_cost_reduction_only","bill_savings|upfront_cost_reduction","residential_only","electric|none","rate_schedule|annual_kwh|average_cost_per_kwh","peak_kw|demand_charge_rate|time_of_use_periods|contractor_quote_amount|quote_date","parking_spaces|ownership_status|equipment_category","per_unit","cost_per_unit","needs_quote","low","true"
"SOURCE_DSIRE:dsire_program_id:22632","grant_funding","electric_usage_reduction|ev_charging_site_load","bill_savings|upfront_cost_reduction","unknown","none|electric","project_cost_estimate","contractor_quote_amount|monthly_kwh|rate_schedule|delivery_charges|generation_charges|peak_kw|demand_charge_rate|time_of_use_periods","equipment_category|project_timing","grant_amount","contractor_quote_required","needs_quote","low","true"
"SOURCE_DSIRE:dsire_program_id:2234","financing_cash_flow","hvac_electric_efficiency|motor_vfd_efficiency","bill_savings|financing","mixed","none|electric","project_cost_estimate|interest_rate|financing_term_years","down_payment|contractor_quote_amount|monthly_kwh|peak_kw|demand_charges|rate_schedule|demand_charge_rate","equipment_category","financing","contractor_quote_required","needs_quote","high","true"
"SOURCE_DSIRE:dsire_program_id:5618","grant_funding","","upfront_cost_reduction","residential_only","none","project_cost_estimate","contractor_quote_amount","equipment_category|project_timing","grant_amount","contractor_quote_required","needs_quote","low","true"
"SOURCE_DSIRE:dsire_program_id:5250","ev_charging_site_load","project_cost_reduction_only","bill_savings|upfront_cost_reduction","residential_only","electric|none","rate_schedule|annual_kwh|average_cost_per_kwh","peak_kw|demand_charge_rate|time_of_use_periods|contractor_quote_amount|quote_date","parking_spaces|ownership_status|equipment_category","per_unit","cost_per_unit","needs_quote","low","true"
"SOURCE_DSIRE:dsire_program_id:22195","grant_funding","","upfront_cost_reduction","business_relevant","none","project_cost_estimate","contractor_quote_amount","equipment_category|project_timing","grant_amount","contractor_quote_required","needs_quote","high","false"
"SOURCE_DSIRE:dsire_program_id:22414","ev_charging_site_load","project_cost_reduction_only","bill_savings|upfront_cost_reduction","residential_only","electric|none","rate_schedule|annual_kwh|average_cost_per_kwh","peak_kw|demand_charge_rate|time_of_use_periods|contractor_quote_amount|quote_date","parking_spaces|ownership_status|equipment_category","per_unit","cost_per_unit","needs_quote","low","true"
"SOURCE_DSIRE:dsire_program_id:5241","ev_charging_site_load","project_cost_reduction_only","bill_savings|upfront_cost_reduction","residential_only","electric|none","rate_schedule|annual_kwh|average_cost_per_kwh","peak_kw|demand_charge_rate|time_of_use_periods|contractor_quote_amount|quote_date","parking_spaces|ownership_status|equipment_category","per_unit","cost_per_unit","needs_quote","low","true"
"SOURCE_DSIRE:dsire_program_id:3316","solar_electric_offset","project_cost_reduction_only","bill_savings|upfront_cost_reduction","residential_only","electric|none","annual_kwh|monthly_kwh|average_cost_per_kwh|rate_schedule","time_of_use_periods|demand_charges|generation_charges|delivery_charges|contractor_quote_amount|quote_date","roof_area|ownership_status","per_kw","cost_per_kw","needs_bill","low","true"
"SOURCE_DSIRE:dsire_program_id:78","sales_or_property_tax_exemption","battery_tou_demand_savings","bill_savings|tax_benefit","unknown","none|electric","project_cost_estimate","ownership_status|tax_entity_type|contractor_quote_amount|annual_kwh|monthly_peak_kw","equipment_category","tax_exemption","benchmark_range","needs_tax_review","low","true"
"SOURCE_DSIRE:dsire_program_id:22754","grant_funding","solar_electric_offset|ev_charging_site_load|battery_tou_demand_savings","bill_savings|upfront_cost_reduction","public_nonprofit_only","none|electric","project_cost_estimate","contractor_quote_amount|time_of_use_periods|demand_charges|generation_charges|delivery_charges|peak_kw|demand_charge_rate|annual_kwh|monthly_peak_kw","equipment_category|project_timing","grant_amount","contractor_quote_required","needs_quote","high","true"
"SOURCE_DSIRE:dsire_program_id:1185","grant_funding","gas_usage_reduction","bill_savings|upfront_cost_reduction","mixed","none|gas","project_cost_estimate","contractor_quote_amount|monthly_therms|gas_rate_schedule","equipment_category|project_timing","grant_amount","contractor_quote_required","needs_quote","high","true"
"SOURCE_CA_ENERGY_COMMISSION:cec_solicitation_number:GFO-24-607","grant_funding","","upfront_cost_reduction","business_relevant","none","project_cost_estimate","contractor_quote_amount","equipment_category|project_timing","grant_amount","contractor_quote_required","needs_quote","high","false"
"SOURCE_DSIRE:dsire_program_id:5399","whole_building_custom_efficiency","hvac_electric_efficiency|gas_usage_reduction|refrigeration_electric_efficiency|motor_vfd_efficiency|controls_building_automation|commercial_kitchen_equipment_efficiency|water_sewer_reduction","bill_savings|upfront_cost_reduction","residential_only","electric|gas|water_sewer","annual_kwh|annual_electric_cost|average_cost_per_kwh","annual_therms|average_cost_per_therm|peak_kw|demand_charge_rate|square_footage|monthly_kwh|demand_charges|rate_schedule|monthly_therms|gas_rate_schedule|time_of_use_periods|annual_water_use|annual_water_cost|annual_sewer_cost|monthly_water_use|water_unit|sewer_cost|meter_size|irrigation_meter_present","project_cost_estimate|equipment_category","per_kwh_saved","benchmark_range","needs_bill","low","true"
"SOURCE_DSIRE:dsire_program_id:3980","sales_or_property_tax_exemption","","tax_benefit","business_relevant","none","project_cost_estimate","ownership_status|tax_entity_type|contractor_quote_amount","equipment_category","tax_exemption","benchmark_range","needs_tax_review","medium","false"
"SOURCE_DSIRE:dsire_program_id:2740","program_rule_value_only","","policy_or_permitting","mixed","none","","service_address|utility_provider","project_timing","unknown","unknown","policy_only","low","true"
"SOURCE_DSIRE:dsire_program_id:22366","ev_charging_site_load","project_cost_reduction_only","bill_savings|upfront_cost_reduction","residential_only","electric|none","rate_schedule|annual_kwh|average_cost_per_kwh","peak_kw|demand_charge_rate|time_of_use_periods|contractor_quote_amount|quote_date","parking_spaces|ownership_status|equipment_category","per_unit","cost_per_unit","needs_quote","low","true"
"SOURCE_DSIRE:dsire_program_id:1235","program_rule_value_only","","policy_or_permitting","residential_only","none","","service_address|utility_provider","project_timing","unknown","unknown","policy_only","low","true"
"SOURCE_DSIRE:dsire_program_id:3684","sales_or_property_tax_exemption","electric_usage_reduction|battery_tou_demand_savings","bill_savings|tax_benefit","unknown","none|electric","project_cost_estimate","ownership_status|tax_entity_type|contractor_quote_amount|monthly_kwh|rate_schedule|delivery_charges|generation_charges|annual_kwh|monthly_peak_kw","equipment_category","tax_exemption","benchmark_range","needs_tax_review","low","true"
"SOURCE_SILICON_VALLEY_POWER:svp_source_section:6e6b359eb5fc98c0:new-construction-incentives","hvac_electric_efficiency","project_cost_reduction_only","bill_savings|upfront_cost_reduction","business_relevant","electric|none","annual_kwh|annual_electric_cost|average_cost_per_kwh","monthly_kwh|peak_kw|demand_charges|rate_schedule|contractor_quote_amount|quote_date","equipment_category|square_footage","per_unit","cost_per_unit","needs_bill","high","false"
"SOURCE_DSIRE:dsire_program_id:3689","refrigeration_electric_efficiency","electric_usage_reduction","bill_savings|upfront_cost_reduction","business_relevant","electric","annual_kwh|annual_electric_cost|average_cost_per_kwh","monthly_kwh|peak_kw|demand_charges|rate_schedule|delivery_charges|generation_charges","equipment_category|quantity","per_unit","cost_per_unit","needs_equipment_details","medium","true"
"SOURCE_DSIRE:dsire_program_id:4559","whole_building_custom_efficiency","electric_usage_reduction|hvac_electric_efficiency|gas_usage_reduction|refrigeration_electric_efficiency|motor_vfd_efficiency|controls_building_automation|commercial_kitchen_equipment_efficiency","bill_savings|upfront_cost_reduction","business_relevant","electric|gas","annual_kwh|annual_electric_cost|average_cost_per_kwh","annual_therms|average_cost_per_therm|peak_kw|demand_charge_rate|square_footage|monthly_kwh|rate_schedule|delivery_charges|generation_charges|demand_charges|monthly_therms|gas_rate_schedule|time_of_use_periods|annual_water_use|annual_water_cost|annual_sewer_cost","project_cost_estimate|equipment_category","per_kwh_saved","benchmark_range","needs_bill","medium","true"
"SOURCE_DSIRE:dsire_program_id:22393","ev_charging_site_load","project_cost_reduction_only","bill_savings|upfront_cost_reduction","residential_only","electric|none","rate_schedule|annual_kwh|average_cost_per_kwh","peak_kw|demand_charge_rate|time_of_use_periods|contractor_quote_amount|quote_date","parking_spaces|ownership_status|equipment_category","per_unit","cost_per_unit","needs_quote","low","true"
"SOURCE_DSIRE:dsire_program_id:1455","electric_usage_reduction","project_cost_reduction_only","bill_savings|upfront_cost_reduction","business_relevant","electric|none","annual_kwh|annual_electric_cost|average_cost_per_kwh","monthly_kwh|rate_schedule|delivery_charges|generation_charges|contractor_quote_amount|quote_date","equipment_category","per_unit","cost_per_unit","needs_bill","medium","true"
"SOURCE_DSIRE:dsire_program_id:2289","whole_building_custom_efficiency","electric_usage_reduction|hvac_electric_efficiency|gas_usage_reduction|refrigeration_electric_efficiency|motor_vfd_efficiency|controls_building_automation|commercial_kitchen_equipment_efficiency|battery_tou_demand_savings|water_sewer_reduction","bill_savings|upfront_cost_reduction","residential_only","electric|gas|water_sewer","annual_kwh|annual_electric_cost|average_cost_per_kwh","annual_therms|average_cost_per_therm|peak_kw|demand_charge_rate|square_footage|monthly_kwh|rate_schedule|delivery_charges|generation_charges|demand_charges|monthly_therms|gas_rate_schedule|time_of_use_periods|annual_water_use|annual_water_cost|annual_sewer_cost|annual_kwh|monthly_peak_kw|monthly_water_use|water_unit|sewer_cost|meter_size|irrigation_meter_present","project_cost_estimate|equipment_category","per_kwh_saved","benchmark_range","needs_bill","low","true"
"SOURCE_DSIRE:dsire_program_id:214","financing_cash_flow","","financing","mixed","none","project_cost_estimate|interest_rate|financing_term_years","down_payment|contractor_quote_amount","equipment_category","financing","contractor_quote_required","needs_quote","medium","true"
"SOURCE_DSIRE:dsire_program_id:22159","grant_funding","","upfront_cost_reduction","public_nonprofit_only","none","project_cost_estimate","contractor_quote_amount","equipment_category|project_timing","grant_amount","contractor_quote_required","needs_quote","medium","true"
"SOURCE_DSIRE:dsire_program_id:3630","solar_electric_offset","project_cost_reduction_only","bill_savings|upfront_cost_reduction","mixed","electric|none","annual_kwh|monthly_kwh|average_cost_per_kwh|rate_schedule","time_of_use_periods|demand_charges|generation_charges|delivery_charges|contractor_quote_amount|quote_date","roof_area|ownership_status","per_kw","cost_per_kw","needs_bill","medium","true"
"SOURCE_DSIRE:dsire_program_id:2566","sales_or_property_tax_exemption","electric_usage_reduction|battery_tou_demand_savings","bill_savings|tax_benefit","business_relevant","none|electric","project_cost_estimate","ownership_status|tax_entity_type|contractor_quote_amount|monthly_kwh|rate_schedule|delivery_charges|generation_charges|annual_kwh|monthly_peak_kw","equipment_category","tax_exemption","benchmark_range","needs_tax_review","medium","false"
"SOURCE_DSIRE:dsire_program_id:22775","motor_vfd_efficiency","","bill_savings|upfront_cost_reduction","residential_only","electric","annual_kwh|annual_electric_cost|average_cost_per_kwh","peak_kw|demand_charge_rate|monthly_kwh","equipment_category|quantity","per_unit","cost_per_unit","needs_equipment_details","low","true"
"SOURCE_SDGE_BUSINESS:program_url:lincusenergy_com_wise","no_direct_savings","","no_direct_savings","business_relevant","none","","","","unknown","unknown","unknown","low","true"
"SOURCE_DSIRE:dsire_program_id:2692","motor_vfd_efficiency","","bill_savings|upfront_cost_reduction","residential_only","electric","annual_kwh|annual_electric_cost|average_cost_per_kwh","peak_kw|demand_charge_rate|monthly_kwh","equipment_category|quantity","per_unit","cost_per_unit","needs_equipment_details","low","true"
"SOURCE_CA_ENERGY_COMMISSION:cec_solicitation_number:RFQ-24-401","grant_funding","","upfront_cost_reduction","mixed","none","project_cost_estimate","contractor_quote_amount","equipment_category|project_timing","grant_amount","contractor_quote_required","needs_quote","high","true"
"SOURCE_DSIRE:dsire_program_id:22546","fleet_fuel_replacement","ev_charging_site_load","bill_savings|upfront_cost_reduction","business_relevant","fuel|electric","annual_gallons|annual_fuel_cost|average_cost_per_gallon|vehicle_count","estimated_miles|fuel_type|monthly_fuel_cost|rate_schedule|average_cost_per_kwh|peak_kw|demand_charge_rate|time_of_use_periods","vehicle_count","per_unit","cost_per_unit","needs_equipment_details","medium","true"
"SOURCE_DSIRE:dsire_program_id:5809","financing_cash_flow","","financing","residential_only","none","project_cost_estimate|interest_rate|financing_term_years","down_payment|contractor_quote_amount","equipment_category","financing","contractor_quote_required","needs_quote","low","true"
"SOURCE_CA_ENERGY_COMMISSION:cec_solicitation_number:GFO-22-902","grant_funding","","upfront_cost_reduction","business_relevant","none","project_cost_estimate","contractor_quote_amount","equipment_category|project_timing","grant_amount","contractor_quote_required","needs_quote","high","false"
"SOURCE_DSIRE:dsire_program_id:1272","program_rule_value_only","","policy_or_permitting","residential_only","none","","service_address|utility_provider","project_timing","unknown","unknown","policy_only","low","true"
"SOURCE_DSIRE:dsire_program_id:2667","motor_vfd_efficiency","","bill_savings|upfront_cost_reduction","residential_only","electric","annual_kwh|annual_electric_cost|average_cost_per_kwh","peak_kw|demand_charge_rate|monthly_kwh","equipment_category|quantity","per_unit","cost_per_unit","needs_equipment_details","low","true"
"SOURCE_DSIRE:dsire_program_id:22798","solar_electric_offset","project_cost_reduction_only","bill_savings|upfront_cost_reduction","mixed","electric|none","annual_kwh|monthly_kwh|average_cost_per_kwh|rate_schedule","time_of_use_periods|demand_charges|generation_charges|delivery_charges|contractor_quote_amount|quote_date","roof_area|ownership_status","per_kw","cost_per_kw","needs_bill","medium","true"
"SOURCE_DSIRE:dsire_program_id:2677","motor_vfd_efficiency","","bill_savings|upfront_cost_reduction","residential_only","electric","annual_kwh|annual_electric_cost|average_cost_per_kwh","peak_kw|demand_charge_rate|monthly_kwh","equipment_category|quantity","per_unit","cost_per_unit","needs_equipment_details","low","true"
"SOURCE_DSIRE:dsire_program_id:4605","solar_electric_offset","project_cost_reduction_only","bill_savings|upfront_cost_reduction","mixed","electric|none","annual_kwh|monthly_kwh|average_cost_per_kwh|rate_schedule","time_of_use_periods|demand_charges|generation_charges|delivery_charges|contractor_quote_amount|quote_date","roof_area|ownership_status","per_kw","cost_per_kw","needs_bill","medium","true"
"SOURCE_DSIRE:dsire_program_id:5183","whole_building_custom_efficiency","electric_usage_reduction|hvac_electric_efficiency|gas_usage_reduction|refrigeration_electric_efficiency|motor_vfd_efficiency|controls_building_automation|commercial_kitchen_equipment_efficiency|water_sewer_reduction","bill_savings|upfront_cost_reduction","mixed","electric|gas|water_sewer","annual_kwh|annual_electric_cost|average_cost_per_kwh","annual_therms|average_cost_per_therm|peak_kw|demand_charge_rate|square_footage|monthly_kwh|rate_schedule|delivery_charges|generation_charges|demand_charges|monthly_therms|gas_rate_schedule|time_of_use_periods|annual_water_use|annual_water_cost|annual_sewer_cost|monthly_water_use|water_unit|sewer_cost|meter_size|irrigation_meter_present","project_cost_estimate|equipment_category","per_kwh_saved","benchmark_range","needs_bill","medium","true"
"SOURCE_DSIRE:dsire_program_id:22589","sales_or_property_tax_exemption","electric_usage_reduction","bill_savings|tax_benefit","unknown","none|electric","project_cost_estimate","ownership_status|tax_entity_type|contractor_quote_amount|monthly_kwh|rate_schedule|delivery_charges|generation_charges","equipment_category","tax_exemption","benchmark_range","needs_tax_review","low","true"
"SOURCE_DSIRE:dsire_program_id:3277","refrigeration_electric_efficiency","electric_usage_reduction","bill_savings|upfront_cost_reduction","business_relevant","electric","annual_kwh|annual_electric_cost|average_cost_per_kwh","monthly_kwh|peak_kw|demand_charges|rate_schedule|delivery_charges|generation_charges","equipment_category|quantity","per_unit","cost_per_unit","needs_equipment_details","medium","true"
"SOURCE_DSIRE:dsire_program_id:4820","commercial_kitchen_equipment_efficiency","water_sewer_reduction","bill_savings|upfront_cost_reduction","business_relevant","electric|water_sewer","annual_kwh|annual_electric_cost|average_cost_per_kwh","annual_therms|average_cost_per_therm|annual_water_use|annual_water_cost|annual_sewer_cost|monthly_water_use|water_unit|sewer_cost|meter_size|irrigation_meter_present","equipment_category|quantity","per_unit","cost_per_unit","needs_equipment_details","medium","true"
"SOURCE_CA_ENERGY_COMMISSION:cec_solicitation_number:GFO-23-312","grant_funding","electric_usage_reduction","bill_savings|upfront_cost_reduction","business_relevant","none|electric","project_cost_estimate","contractor_quote_amount|monthly_kwh|rate_schedule|delivery_charges|generation_charges","equipment_category|project_timing","grant_amount","contractor_quote_required","needs_quote","high","false"
"SOURCE_CA_ENERGY_COMMISSION:cec_url_hash:url_hash:d308e28f76570b57","grant_funding","electric_usage_reduction|battery_tou_demand_savings","bill_savings|upfront_cost_reduction","business_relevant","none|electric","project_cost_estimate","contractor_quote_amount|monthly_kwh|rate_schedule|delivery_charges|generation_charges|annual_kwh|monthly_peak_kw","equipment_category|project_timing","grant_amount","contractor_quote_required","needs_quote","high","false"
"SOURCE_DSIRE:dsire_program_id:2250","commercial_kitchen_equipment_efficiency","water_sewer_reduction","bill_savings|upfront_cost_reduction","mixed","electric|water_sewer","annual_kwh|annual_electric_cost|average_cost_per_kwh","annual_therms|average_cost_per_therm|annual_water_use|annual_water_cost|annual_sewer_cost|monthly_water_use|water_unit|sewer_cost|meter_size|irrigation_meter_present","equipment_category|quantity","per_unit","cost_per_unit","needs_equipment_details","medium","true"
"SOURCE_DSIRE:dsire_program_id:1614","battery_tou_demand_savings","project_cost_reduction_only","bill_savings|upfront_cost_reduction","residential_only","electric|none","rate_schedule|time_of_use_periods|peak_kw|demand_charges|demand_charge_rate|monthly_kwh","annual_kwh|monthly_peak_kw|contractor_quote_amount|quote_date","equipment_category","per_unit","cost_per_kwh_storage","needs_equipment_details","low","true"
"SOURCE_DSIRE:dsire_program_id:1916","hvac_electric_efficiency","project_cost_reduction_only","bill_savings|upfront_cost_reduction","residential_only","electric|none","annual_kwh|annual_electric_cost|average_cost_per_kwh","monthly_kwh|peak_kw|demand_charges|rate_schedule|contractor_quote_amount|quote_date","equipment_category|square_footage","per_unit","cost_per_unit","needs_bill","low","true"
"SOURCE_DSIRE:dsire_program_id:232","sales_or_property_tax_exemption","","tax_benefit","public_nonprofit_only","none","project_cost_estimate","ownership_status|tax_entity_type|contractor_quote_amount","equipment_category","tax_exemption","benchmark_range","needs_tax_review","medium","true"
"SOURCE_DSIRE:dsire_program_id:44","sales_or_property_tax_exemption","solar_electric_offset","bill_savings|tax_benefit","mixed","none|electric","project_cost_estimate","ownership_status|tax_entity_type|contractor_quote_amount|time_of_use_periods|demand_charges|generation_charges|delivery_charges","equipment_category","tax_exemption","benchmark_range","needs_tax_review","medium","true"
"SOURCE_DSIRE:dsire_program_id:22482","water_sewer_reduction","project_cost_reduction_only","bill_savings|upfront_cost_reduction","residential_only","water_sewer|none","annual_water_use|annual_water_cost|annual_sewer_cost","monthly_water_use|water_unit|sewer_cost|meter_size|irrigation_meter_present|contractor_quote_amount|quote_date","equipment_category","per_unit","cost_per_unit","needs_equipment_details","low","true"
"SOURCE_DSIRE:dsire_program_id:2077","whole_building_custom_efficiency","electric_usage_reduction|hvac_electric_efficiency|gas_usage_reduction|motor_vfd_efficiency|controls_building_automation","bill_savings|upfront_cost_reduction","mixed","electric|gas","annual_kwh|annual_electric_cost|average_cost_per_kwh","annual_therms|average_cost_per_therm|peak_kw|demand_charge_rate|square_footage|monthly_kwh|rate_schedule|delivery_charges|generation_charges|demand_charges|monthly_therms|gas_rate_schedule|time_of_use_periods","project_cost_estimate|equipment_category","per_kwh_saved","benchmark_range","needs_bill","medium","true"
"SOURCE_DSIRE:dsire_program_id:22120","financing_cash_flow","solar_electric_offset|hvac_electric_efficiency|gas_usage_reduction|motor_vfd_efficiency","bill_savings|financing","residential_only","none|electric|gas","project_cost_estimate|interest_rate|financing_term_years","down_payment|contractor_quote_amount|time_of_use_periods|demand_charges|generation_charges|delivery_charges|monthly_kwh|peak_kw|rate_schedule|monthly_therms|gas_rate_schedule|demand_charge_rate","equipment_category","financing","contractor_quote_required","needs_quote","low","true"
"SOURCE_SDGE_BUSINESS:program_url:teas_sdge_com","fleet_fuel_replacement","ev_charging_site_load","bill_savings|upfront_cost_reduction","business_relevant","fuel|electric","annual_gallons|annual_fuel_cost|average_cost_per_gallon|vehicle_count","estimated_miles|fuel_type|monthly_fuel_cost|rate_schedule|average_cost_per_kwh|peak_kw|demand_charge_rate|time_of_use_periods","vehicle_count","per_unit","cost_per_unit","needs_equipment_details","high","false"
"SOURCE_DSIRE:dsire_program_id:2388","interconnection_or_grid_access_value","","policy_or_permitting","unknown","none","","utility_provider|service_address|rate_schedule","equipment_category|project_timing","unknown","unknown","policy_only","low","true"
"SOURCE_DSIRE:dsire_program_id:2545","whole_building_custom_efficiency","electric_usage_reduction|hvac_electric_efficiency|refrigeration_electric_efficiency|motor_vfd_efficiency|controls_building_automation|commercial_kitchen_equipment_efficiency|battery_tou_demand_savings","bill_savings|upfront_cost_reduction","business_relevant","electric","annual_kwh|annual_electric_cost|average_cost_per_kwh","annual_therms|average_cost_per_therm|peak_kw|demand_charge_rate|square_footage|monthly_kwh|rate_schedule|delivery_charges|generation_charges|demand_charges|time_of_use_periods|annual_water_use|annual_water_cost|annual_sewer_cost|annual_kwh|monthly_peak_kw","project_cost_estimate|equipment_category","per_kwh_saved","benchmark_range","needs_bill","medium","true"
"SOURCE_DSIRE:dsire_program_id:3854","whole_building_custom_efficiency","hvac_electric_efficiency|gas_usage_reduction|refrigeration_electric_efficiency|motor_vfd_efficiency|controls_building_automation","bill_savings|upfront_cost_reduction","residential_only","electric|gas","annual_kwh|annual_electric_cost|average_cost_per_kwh","annual_therms|average_cost_per_therm|peak_kw|demand_charge_rate|square_footage|monthly_kwh|demand_charges|rate_schedule|monthly_therms|gas_rate_schedule|time_of_use_periods","project_cost_estimate|equipment_category","per_kwh_saved","benchmark_range","needs_bill","low","true"
"SOURCE_DSIRE:dsire_program_id:2613","program_rule_value_only","","policy_or_permitting","unknown","none","","service_address|utility_provider","project_timing","unknown","unknown","policy_only","low","true"
"SOURCE_DSIRE:dsire_program_id:4474","whole_building_custom_efficiency","hvac_electric_efficiency|gas_usage_reduction|motor_vfd_efficiency|controls_building_automation|battery_tou_demand_savings","bill_savings|upfront_cost_reduction","residential_only","electric|gas","annual_kwh|annual_electric_cost|average_cost_per_kwh","annual_therms|average_cost_per_therm|peak_kw|demand_charge_rate|square_footage|monthly_kwh|demand_charges|rate_schedule|monthly_therms|gas_rate_schedule|time_of_use_periods|annual_kwh|monthly_peak_kw","project_cost_estimate|equipment_category","per_kwh_saved","benchmark_range","needs_bill","low","true"
"SOURCE_DSIRE:dsire_program_id:4755","ev_charging_site_load","project_cost_reduction_only","bill_savings|upfront_cost_reduction","residential_only","electric|none","rate_schedule|annual_kwh|average_cost_per_kwh","peak_kw|demand_charge_rate|time_of_use_periods|contractor_quote_amount|quote_date","parking_spaces|ownership_status|equipment_category","per_unit","cost_per_unit","needs_quote","low","true"
"SOURCE_DSIRE:dsire_program_id:22438","interconnection_or_grid_access_value","","policy_or_permitting","business_relevant","none","","utility_provider|service_address|rate_schedule","equipment_category|project_timing","unknown","unknown","policy_only","low","true"
"SOURCE_DSIRE:dsire_program_id:2458","whole_building_custom_efficiency","electric_usage_reduction|hvac_electric_efficiency|gas_usage_reduction|motor_vfd_efficiency|controls_building_automation","bill_savings|upfront_cost_reduction","business_relevant","electric|gas","annual_kwh|annual_electric_cost|average_cost_per_kwh","annual_therms|average_cost_per_therm|peak_kw|demand_charge_rate|square_footage|monthly_kwh|rate_schedule|delivery_charges|generation_charges|demand_charges|monthly_therms|gas_rate_schedule|time_of_use_periods","project_cost_estimate|equipment_category","per_kwh_saved","benchmark_range","needs_bill","medium","true"
"SOURCE_DSIRE:dsire_program_id:5858","net_metering_or_export_value","solar_electric_offset","bill_savings|policy_or_permitting","residential_only","electric","annual_kwh|monthly_kwh|rate_schedule","time_of_use_periods|generation_charges|delivery_charges|demand_charges","equipment_category|roof_area","unknown","unknown","policy_only","low","true"
"SOURCE_SDGE_BUSINESS:program_url:sdge_com_node_15836","ev_charging_site_load","project_cost_reduction_only","bill_savings|upfront_cost_reduction","business_relevant","electric|none","rate_schedule|annual_kwh|average_cost_per_kwh","peak_kw|demand_charge_rate|time_of_use_periods|contractor_quote_amount|quote_date","parking_spaces|ownership_status|equipment_category","per_unit","cost_per_unit","needs_quote","high","false"
"SOURCE_DSIRE:dsire_program_id:4220","project_cost_reduction_only","","upfront_cost_reduction","residential_only","none","project_cost_estimate","contractor_quote_amount|quote_date","equipment_category","per_unit","benchmark_range","needs_equipment_details","low","true"
"SOURCE_DSIRE:dsire_program_id:3581","envelope_insulation_savings","project_cost_reduction_only","bill_savings|upfront_cost_reduction","residential_only","gas|none","annual_therms|annual_gas_cost|average_cost_per_therm","annual_kwh|average_cost_per_kwh|square_footage|contractor_quote_amount|quote_date","square_footage|equipment_category","per_unit","cost_per_sqft","needs_bill","low","true"
"SOURCE_CA_ENERGY_COMMISSION:cec_url_hash:url_hash:2898d8ddf42b9fa8","grant_funding","electric_usage_reduction|battery_tou_demand_savings","bill_savings|upfront_cost_reduction","business_relevant","none|electric","project_cost_estimate","contractor_quote_amount|monthly_kwh|rate_schedule|delivery_charges|generation_charges|annual_kwh|monthly_peak_kw","equipment_category|project_timing","grant_amount","contractor_quote_required","needs_quote","high","false"
"SOURCE_DSIRE:dsire_program_id:2449","program_rule_value_only","","policy_or_permitting","business_relevant","none","","service_address|utility_provider","project_timing","unknown","unknown","policy_only","low","true"
"SOURCE_DSIRE:dsire_program_id:3232","motor_vfd_efficiency","","bill_savings|upfront_cost_reduction","agriculture_only","electric","annual_kwh|annual_electric_cost|average_cost_per_kwh","peak_kw|demand_charge_rate|monthly_kwh","equipment_category|quantity","per_unit","cost_per_unit","needs_equipment_details","medium","true"
"SOURCE_DSIRE:dsire_program_id:5821","refrigeration_electric_efficiency","electric_usage_reduction","bill_savings|upfront_cost_reduction","residential_only","electric","annual_kwh|annual_electric_cost|average_cost_per_kwh","monthly_kwh|peak_kw|demand_charges|rate_schedule|delivery_charges|generation_charges","equipment_category|quantity","per_unit","cost_per_unit","needs_equipment_details","low","true"
"SOURCE_DSIRE:dsire_program_id:3951","program_rule_value_only","","policy_or_permitting","business_relevant","none","","service_address|utility_provider","project_timing","unknown","unknown","policy_only","low","true"
"SOURCE_DSIRE:dsire_program_id:5218","project_cost_reduction_only","","upfront_cost_reduction","business_relevant","none","project_cost_estimate","contractor_quote_amount|quote_date","equipment_category","per_unit","benchmark_range","needs_equipment_details","medium","true"
"SOURCE_DSIRE:dsire_program_id:1812","whole_building_custom_efficiency","hvac_electric_efficiency|gas_usage_reduction|refrigeration_electric_efficiency|motor_vfd_efficiency|controls_building_automation|battery_tou_demand_savings|water_sewer_reduction","bill_savings|upfront_cost_reduction","residential_only","electric|gas|water_sewer","annual_kwh|annual_electric_cost|average_cost_per_kwh","annual_therms|average_cost_per_therm|peak_kw|demand_charge_rate|square_footage|monthly_kwh|demand_charges|rate_schedule|monthly_therms|gas_rate_schedule|time_of_use_periods|annual_kwh|monthly_peak_kw|monthly_water_use|water_unit|sewer_cost|meter_size|irrigation_meter_present","project_cost_estimate|equipment_category","per_kwh_saved","benchmark_range","needs_bill","low","true"
"SOURCE_DSIRE:dsire_program_id:5452","financing_cash_flow","electric_usage_reduction|hvac_electric_efficiency|gas_usage_reduction|motor_vfd_efficiency|controls_building_automation","bill_savings|financing","mixed","none|electric|gas","project_cost_estimate|interest_rate|financing_term_years","down_payment|contractor_quote_amount|monthly_kwh|rate_schedule|delivery_charges|generation_charges|peak_kw|demand_charges|monthly_therms|gas_rate_schedule|demand_charge_rate|annual_therms|time_of_use_periods","equipment_category","financing","contractor_quote_required","needs_quote","medium","true"
"SOURCE_DSIRE:dsire_program_id:3879","motor_vfd_efficiency","","bill_savings|upfront_cost_reduction","business_relevant","electric","annual_kwh|annual_electric_cost|average_cost_per_kwh","peak_kw|demand_charge_rate|monthly_kwh","equipment_category|quantity","per_unit","cost_per_unit","needs_equipment_details","medium","true"
"SOURCE_CA_ENERGY_COMMISSION:cec_solicitation_number:GFO-22-306","grant_funding","","upfront_cost_reduction","business_relevant","none","project_cost_estimate","contractor_quote_amount","equipment_category|project_timing","grant_amount","contractor_quote_required","needs_quote","high","false"
"SOURCE_DSIRE:dsire_program_id:22572","sales_or_property_tax_exemption","battery_tou_demand_savings","bill_savings|tax_benefit","unknown","none|electric","project_cost_estimate","ownership_status|tax_entity_type|contractor_quote_amount|annual_kwh|monthly_peak_kw","equipment_category","tax_exemption","benchmark_range","needs_tax_review","low","true"
"SOURCE_DSIRE:dsire_program_id:3282","motor_vfd_efficiency","","bill_savings|upfront_cost_reduction","residential_only","electric","annual_kwh|annual_electric_cost|average_cost_per_kwh","peak_kw|demand_charge_rate|monthly_kwh","equipment_category|quantity","per_unit","cost_per_unit","needs_equipment_details","low","true"
"SOURCE_DSIRE:dsire_program_id:2281","financing_cash_flow","hvac_electric_efficiency|gas_usage_reduction|motor_vfd_efficiency","bill_savings|financing","mixed","none|electric|gas","project_cost_estimate|interest_rate|financing_term_years","down_payment|contractor_quote_amount|monthly_kwh|peak_kw|demand_charges|rate_schedule|monthly_therms|gas_rate_schedule|demand_charge_rate","equipment_category","financing","contractor_quote_required","needs_quote","medium","true"
"SOURCE_DSIRE:dsire_program_id:4238","motor_vfd_efficiency","","bill_savings|upfront_cost_reduction","business_relevant","electric","annual_kwh|annual_electric_cost|average_cost_per_kwh","peak_kw|demand_charge_rate|monthly_kwh","equipment_category|quantity","per_unit","cost_per_unit","needs_equipment_details","high","false"
"SOURCE_CA_ENERGY_COMMISSION:cec_solicitation_number:GFO-23-313","grant_funding","","upfront_cost_reduction","business_relevant","none","project_cost_estimate","contractor_quote_amount","equipment_category|project_timing","grant_amount","contractor_quote_required","needs_quote","high","false"
"SOURCE_DSIRE:dsire_program_id:205","financing_cash_flow","","financing","agriculture_only","none","project_cost_estimate|interest_rate|financing_term_years","down_payment|contractor_quote_amount","equipment_category","financing","contractor_quote_required","needs_quote","high","true"
"SOURCE_DSIRE:dsire_program_id:4909","gas_usage_reduction","project_cost_reduction_only","bill_savings|upfront_cost_reduction","residential_only","gas|none","annual_therms|annual_gas_cost|average_cost_per_therm","monthly_therms|gas_rate_schedule|contractor_quote_amount|quote_date","equipment_category","per_unit","cost_per_unit","needs_bill","low","true"
"SOURCE_CA_ENERGY_COMMISSION:cec_solicitation_number:GFO-22-609","grant_funding","controls_building_automation","bill_savings|upfront_cost_reduction","business_relevant","none|electric","project_cost_estimate","contractor_quote_amount|annual_therms|peak_kw|demand_charges|time_of_use_periods","equipment_category|project_timing","grant_amount","contractor_quote_required","needs_quote","medium","true"
"SOURCE_DSIRE:dsire_program_id:1889","fleet_fuel_replacement","ev_charging_site_load","bill_savings|upfront_cost_reduction","residential_only","fuel|electric","annual_gallons|annual_fuel_cost|average_cost_per_gallon|vehicle_count","estimated_miles|fuel_type|monthly_fuel_cost|rate_schedule|average_cost_per_kwh|peak_kw|demand_charge_rate|time_of_use_periods","vehicle_count","per_unit","cost_per_unit","needs_equipment_details","low","true"
"SOURCE_DSIRE:dsire_program_id:5142","commercial_kitchen_equipment_efficiency","water_sewer_reduction","bill_savings|upfront_cost_reduction","mixed","electric|water_sewer","annual_kwh|annual_electric_cost|average_cost_per_kwh","annual_therms|average_cost_per_therm|annual_water_use|annual_water_cost|annual_sewer_cost|monthly_water_use|water_unit|sewer_cost|meter_size|irrigation_meter_present","equipment_category|quantity","per_unit","cost_per_unit","needs_equipment_details","medium","true"
"SOURCE_DSIRE:dsire_program_id:433","electric_usage_reduction","project_cost_reduction_only","bill_savings|upfront_cost_reduction","mixed","electric|none","annual_kwh|annual_electric_cost|average_cost_per_kwh","monthly_kwh|rate_schedule|delivery_charges|generation_charges|contractor_quote_amount|quote_date","equipment_category","per_unit","cost_per_unit","needs_bill","high","true"
"SOURCE_DSIRE:dsire_program_id:2408","financing_cash_flow","electric_usage_reduction","bill_savings|financing","residential_only","none|electric","project_cost_estimate|interest_rate|financing_term_years","down_payment|contractor_quote_amount|monthly_kwh|rate_schedule|delivery_charges|generation_charges","equipment_category","financing","contractor_quote_required","needs_quote","low","true"
"SOURCE_DSIRE:dsire_program_id:4557","financing_cash_flow","","financing","residential_only","none","project_cost_estimate|interest_rate|financing_term_years","down_payment|contractor_quote_amount","equipment_category","financing","contractor_quote_required","needs_quote","low","true"
"SOURCE_SILICON_VALLEY_POWER:svp_source_section:6e6b359eb5fc98c0:food-service-equipment-rebate-program","refrigeration_electric_efficiency","electric_usage_reduction","bill_savings|upfront_cost_reduction","business_relevant","electric","annual_kwh|annual_electric_cost|average_cost_per_kwh","monthly_kwh|peak_kw|demand_charges|rate_schedule|delivery_charges|generation_charges","equipment_category|quantity","per_unit","cost_per_unit","needs_equipment_details","high","false"
"SOURCE_DSIRE:dsire_program_id:3322","ev_charging_site_load","project_cost_reduction_only","bill_savings|upfront_cost_reduction","mixed","electric|none","rate_schedule|annual_kwh|average_cost_per_kwh","peak_kw|demand_charge_rate|time_of_use_periods|contractor_quote_amount|quote_date","parking_spaces|ownership_status|equipment_category","per_unit","cost_per_unit","needs_quote","high","true"
"SOURCE_DSIRE:dsire_program_id:22639","grant_funding","ev_charging_site_load","bill_savings|upfront_cost_reduction","unknown","none|electric","project_cost_estimate","contractor_quote_amount|peak_kw|demand_charge_rate|time_of_use_periods","equipment_category|project_timing","grant_amount","contractor_quote_required","needs_quote","low","true"
"SOURCE_DSIRE:dsire_program_id:2205","motor_vfd_efficiency","","bill_savings|upfront_cost_reduction","mixed","electric","annual_kwh|annual_electric_cost|average_cost_per_kwh","peak_kw|demand_charge_rate|monthly_kwh","equipment_category|quantity","per_unit","cost_per_unit","needs_equipment_details","medium","true"
"SOURCE_DSIRE:dsire_program_id:3638","water_sewer_reduction","project_cost_reduction_only","bill_savings|upfront_cost_reduction","business_relevant","water_sewer|none","annual_water_use|annual_water_cost|annual_sewer_cost","monthly_water_use|water_unit|sewer_cost|meter_size|irrigation_meter_present|contractor_quote_amount|quote_date","equipment_category","per_unit","cost_per_unit","needs_equipment_details","medium","true"
"SOURCE_DSIRE:dsire_program_id:4809","project_cost_reduction_only","","upfront_cost_reduction","business_relevant","none","project_cost_estimate","contractor_quote_amount|quote_date","equipment_category","per_unit","benchmark_range","needs_equipment_details","medium","true"
"SOURCE_DSIRE:dsire_program_id:5005","renewable_generation_credit_market_value","solar_electric_offset","bill_savings|policy_or_permitting|market_credit","unknown","electric|none","annual_kwh","monthly_kwh|rate_schedule|time_of_use_periods|demand_charges|generation_charges|delivery_charges","equipment_category|project_timing","unknown","unknown","policy_only","low","true"
"SOURCE_CA_ENERGY_COMMISSION:cec_solicitation_number:GFO-23-603","grant_funding","","upfront_cost_reduction","business_relevant","none","project_cost_estimate","contractor_quote_amount","equipment_category|project_timing","grant_amount","contractor_quote_required","needs_quote","high","false"
"SOURCE_DSIRE:dsire_program_id:5144","fleet_fuel_replacement","ev_charging_site_load","bill_savings|upfront_cost_reduction","mixed","fuel|electric","annual_gallons|annual_fuel_cost|average_cost_per_gallon|vehicle_count","estimated_miles|fuel_type|monthly_fuel_cost|rate_schedule|average_cost_per_kwh|peak_kw|demand_charge_rate|time_of_use_periods","vehicle_count","per_unit","cost_per_unit","needs_equipment_details","medium","true"
"SOURCE_DSIRE:dsire_program_id:22554","project_cost_reduction_only","motor_vfd_efficiency","bill_savings|upfront_cost_reduction","unknown","none|electric","project_cost_estimate","contractor_quote_amount|quote_date|peak_kw|demand_charge_rate|monthly_kwh","equipment_category","per_unit","benchmark_range","needs_equipment_details","low","true"
"SOURCE_DSIRE:dsire_program_id:22616","program_rule_value_only","","policy_or_permitting","unknown","none","","service_address|utility_provider","project_timing","unknown","unknown","policy_only","low","true"
"SOURCE_DSIRE:dsire_program_id:3434","financing_cash_flow","","financing","residential_only","none","project_cost_estimate|interest_rate|financing_term_years","down_payment|contractor_quote_amount","equipment_category","financing","contractor_quote_required","needs_quote","low","true"
"SOURCE_DSIRE:dsire_program_id:22072","sales_or_property_tax_exemption","electric_usage_reduction|battery_tou_demand_savings","bill_savings|tax_benefit","agriculture_only","none|electric","project_cost_estimate","ownership_status|tax_entity_type|contractor_quote_amount|monthly_kwh|rate_schedule|delivery_charges|generation_charges|annual_kwh|monthly_peak_kw","equipment_category","tax_exemption","benchmark_range","needs_tax_review","medium","true"
"SOURCE_DSIRE:dsire_program_id:2786","sales_or_property_tax_exemption","","tax_benefit","business_relevant","none","project_cost_estimate","ownership_status|tax_entity_type|contractor_quote_amount","equipment_category","tax_exemption","benchmark_range","needs_tax_review","medium","false"
"SOURCE_DSIRE:dsire_program_id:1940","ev_charging_site_load","project_cost_reduction_only","bill_savings|upfront_cost_reduction","residential_only","electric|none","rate_schedule|annual_kwh|average_cost_per_kwh","peak_kw|demand_charge_rate|time_of_use_periods|contractor_quote_amount|quote_date","parking_spaces|ownership_status|equipment_category","per_unit","cost_per_unit","needs_quote","low","true"
"SOURCE_DSIRE:dsire_program_id:22787","grant_funding","electric_usage_reduction|solar_electric_offset","bill_savings|upfront_cost_reduction","residential_only","none|electric","project_cost_estimate","contractor_quote_amount|monthly_kwh|rate_schedule|delivery_charges|generation_charges|time_of_use_periods|demand_charges","equipment_category|project_timing","grant_amount","contractor_quote_required","needs_quote","low","true"
"SOURCE_CA_ENERGY_COMMISSION:cec_solicitation_number:GFO-25-305","grant_funding","","upfront_cost_reduction","business_relevant","none","project_cost_estimate","contractor_quote_amount","equipment_category|project_timing","grant_amount","contractor_quote_required","needs_quote","high","false"
"SOURCE_DSIRE:dsire_program_id:4273","controls_building_automation","","bill_savings|upfront_cost_reduction","residential_only","electric","annual_kwh|rate_schedule","annual_therms|peak_kw|demand_charges|time_of_use_periods","square_footage|equipment_category","per_unit","benchmark_range","needs_equipment_details","low","true"
"SOURCE_DSIRE:dsire_program_id:552","tax_benefit_project_cost_reduction","electric_usage_reduction|solar_electric_offset|battery_tou_demand_savings","bill_savings|tax_benefit","mixed","none|electric","project_cost_estimate|tax_entity_type","ownership_status|tax_appetite_unknown|contractor_quote_amount|monthly_kwh|rate_schedule|delivery_charges|generation_charges|time_of_use_periods|demand_charges|annual_kwh|monthly_peak_kw","equipment_category","tax_credit","benchmark_range","needs_tax_review","medium","true"
"SOURCE_DSIRE:dsire_program_id:1665","whole_building_custom_efficiency","electric_usage_reduction|hvac_electric_efficiency|motor_vfd_efficiency|commercial_kitchen_equipment_efficiency|water_sewer_reduction","bill_savings|upfront_cost_reduction","business_relevant","electric|water_sewer","annual_kwh|annual_electric_cost|average_cost_per_kwh","annual_therms|average_cost_per_therm|peak_kw|demand_charge_rate|square_footage|monthly_kwh|rate_schedule|delivery_charges|generation_charges|demand_charges|annual_water_use|annual_water_cost|annual_sewer_cost|monthly_water_use|water_unit|sewer_cost|meter_size|irrigation_meter_present","project_cost_estimate|equipment_category","per_kwh_saved","benchmark_range","needs_bill","medium","true"
"SOURCE_DSIRE:dsire_program_id:3285","solar_electric_offset","project_cost_reduction_only","bill_savings|upfront_cost_reduction","mixed","electric|none","annual_kwh|monthly_kwh|average_cost_per_kwh|rate_schedule","time_of_use_periods|demand_charges|generation_charges|delivery_charges|contractor_quote_amount|quote_date","roof_area|ownership_status","per_kw","cost_per_kw","needs_bill","medium","true"
"SOURCE_DSIRE:dsire_program_id:4213","motor_vfd_efficiency","","bill_savings|upfront_cost_reduction","business_relevant","electric","annual_kwh|annual_electric_cost|average_cost_per_kwh","peak_kw|demand_charge_rate|monthly_kwh","equipment_category|quantity","per_unit","cost_per_unit","needs_equipment_details","medium","true"
"SOURCE_DSIRE:dsire_program_id:22204","fleet_fuel_replacement","ev_charging_site_load","bill_savings|upfront_cost_reduction","business_relevant","fuel|electric","annual_gallons|annual_fuel_cost|average_cost_per_gallon|vehicle_count","estimated_miles|fuel_type|monthly_fuel_cost|rate_schedule|average_cost_per_kwh|peak_kw|demand_charge_rate|time_of_use_periods","vehicle_count","per_unit","cost_per_unit","needs_equipment_details","high","false"
"SOURCE_CA_ENERGY_COMMISSION:cec_solicitation_number:IFB-22-402","grant_funding","","upfront_cost_reduction","unknown","none","project_cost_estimate","contractor_quote_amount","equipment_category|project_timing","grant_amount","contractor_quote_required","needs_quote","low","true"
"SOURCE_CA_ENERGY_COMMISSION:cec_solicitation_number:RFP-22-301","grant_funding","","upfront_cost_reduction","business_relevant","none","project_cost_estimate","contractor_quote_amount","equipment_category|project_timing","grant_amount","contractor_quote_required","needs_quote","high","false"
"SOURCE_CA_ENERGY_COMMISSION:cec_url_hash:url_hash:9a2dd6f8a9c9eb1f","grant_funding","","upfront_cost_reduction","business_relevant","none","project_cost_estimate","contractor_quote_amount","equipment_category|project_timing","grant_amount","contractor_quote_required","needs_quote","high","false"
"SOURCE_DSIRE:dsire_program_id:3117","hvac_electric_efficiency","project_cost_reduction_only","bill_savings|upfront_cost_reduction","residential_only","electric|none","annual_kwh|annual_electric_cost|average_cost_per_kwh","monthly_kwh|peak_kw|demand_charges|rate_schedule|contractor_quote_amount|quote_date","equipment_category|square_footage","per_unit","cost_per_unit","needs_bill","low","true"
"SOURCE_SCE_BUSINESS:sce_source_section:bcdeae04c5863d3b:continuous-energy-improvement","program_rule_value_only","","policy_or_permitting","business_relevant","none","","service_address|utility_provider","project_timing","unknown","unknown","policy_only","low","true"
"SOURCE_DSIRE:dsire_program_id:22791","financing_cash_flow","battery_tou_demand_savings","bill_savings|financing","business_relevant","none|electric","project_cost_estimate|interest_rate|financing_term_years","down_payment|contractor_quote_amount|annual_kwh|monthly_peak_kw","equipment_category","financing","contractor_quote_required","needs_quote","high","false"
"SOURCE_CA_ENERGY_COMMISSION:cec_solicitation_number:GFO-24-312","grant_funding","","upfront_cost_reduction","business_relevant","none","project_cost_estimate","contractor_quote_amount","equipment_category|project_timing","grant_amount","contractor_quote_required","needs_quote","high","false"
"SOURCE_DSIRE:dsire_program_id:2540","whole_building_custom_efficiency","electric_usage_reduction|hvac_electric_efficiency|refrigeration_electric_efficiency|motor_vfd_efficiency|controls_building_automation|commercial_kitchen_equipment_efficiency|battery_tou_demand_savings","bill_savings|upfront_cost_reduction","business_relevant","electric","annual_kwh|annual_electric_cost|average_cost_per_kwh","annual_therms|average_cost_per_therm|peak_kw|demand_charge_rate|square_footage|monthly_kwh|rate_schedule|delivery_charges|generation_charges|demand_charges|time_of_use_periods|annual_water_use|annual_water_cost|annual_sewer_cost|annual_kwh|monthly_peak_kw","project_cost_estimate|equipment_category","per_kwh_saved","benchmark_range","needs_bill","medium","true"
"SOURCE_DSIRE:dsire_program_id:1811","whole_building_custom_efficiency","electric_usage_reduction|hvac_electric_efficiency|gas_usage_reduction|refrigeration_electric_efficiency|motor_vfd_efficiency|controls_building_automation|commercial_kitchen_equipment_efficiency|water_sewer_reduction","bill_savings|upfront_cost_reduction","residential_only","electric|gas|water_sewer","annual_kwh|annual_electric_cost|average_cost_per_kwh","annual_therms|average_cost_per_therm|peak_kw|demand_charge_rate|square_footage|monthly_kwh|rate_schedule|delivery_charges|generation_charges|demand_charges|monthly_therms|gas_rate_schedule|time_of_use_periods|annual_water_use|annual_water_cost|annual_sewer_cost|monthly_water_use|water_unit|sewer_cost|meter_size|irrigation_meter_present","project_cost_estimate|equipment_category","per_kwh_saved","benchmark_range","needs_bill","low","true"
"SOURCE_CA_ENERGY_COMMISSION:cec_url_hash:url_hash:23276627d0fb0c98","grant_funding","","upfront_cost_reduction","business_relevant","none","project_cost_estimate","contractor_quote_amount","equipment_category|project_timing","grant_amount","contractor_quote_required","needs_quote","high","false"
"SOURCE_DSIRE:dsire_program_id:2124","hvac_electric_efficiency","project_cost_reduction_only","bill_savings|upfront_cost_reduction","residential_only","electric|none","annual_kwh|annual_electric_cost|average_cost_per_kwh","monthly_kwh|peak_kw|demand_charges|rate_schedule|contractor_quote_amount|quote_date","equipment_category|square_footage","per_unit","cost_per_unit","needs_bill","low","true"
"SOURCE_CA_ENERGY_COMMISSION:cec_solicitation_number:RFP-22-803","grant_funding","","upfront_cost_reduction","business_relevant","none","project_cost_estimate","contractor_quote_amount","equipment_category|project_timing","grant_amount","contractor_quote_required","needs_quote","medium","true"
"SOURCE_CA_ENERGY_COMMISSION:cec_url_hash:url_hash:77fb1c936a0c0a6a","grant_funding","electric_usage_reduction","bill_savings|upfront_cost_reduction","business_relevant","none|electric","project_cost_estimate","contractor_quote_amount|monthly_kwh|rate_schedule|delivery_charges|generation_charges","equipment_category|project_timing","grant_amount","contractor_quote_required","needs_quote","high","false"
"SOURCE_DSIRE:dsire_program_id:22317","ev_charging_site_load","project_cost_reduction_only","bill_savings|upfront_cost_reduction","mixed","electric|none","rate_schedule|annual_kwh|average_cost_per_kwh","peak_kw|demand_charge_rate|time_of_use_periods|contractor_quote_amount|quote_date","parking_spaces|ownership_status|equipment_category","per_unit","cost_per_unit","needs_quote","medium","true"
"SOURCE_DSIRE:dsire_program_id:22580","battery_tou_demand_savings","project_cost_reduction_only","bill_savings|upfront_cost_reduction","mixed","electric|none","rate_schedule|time_of_use_periods|peak_kw|demand_charges|demand_charge_rate|monthly_kwh","annual_kwh|monthly_peak_kw|contractor_quote_amount|quote_date","equipment_category","per_unit","cost_per_kwh_storage","needs_equipment_details","medium","true"
"SOURCE_DSIRE:dsire_program_id:1522","whole_building_custom_efficiency","electric_usage_reduction|hvac_electric_efficiency|gas_usage_reduction|refrigeration_electric_efficiency|motor_vfd_efficiency|controls_building_automation|commercial_kitchen_equipment_efficiency|water_sewer_reduction","bill_savings|upfront_cost_reduction","residential_only","electric|gas|water_sewer","annual_kwh|annual_electric_cost|average_cost_per_kwh","annual_therms|average_cost_per_therm|peak_kw|demand_charge_rate|square_footage|monthly_kwh|rate_schedule|delivery_charges|generation_charges|demand_charges|monthly_therms|gas_rate_schedule|time_of_use_periods|annual_water_use|annual_water_cost|annual_sewer_cost|monthly_water_use|water_unit|sewer_cost|meter_size|irrigation_meter_present","project_cost_estimate|equipment_category","per_kwh_saved","benchmark_range","needs_bill","low","true"
"SOURCE_DSIRE:dsire_program_id:22176","grant_funding","","upfront_cost_reduction","business_relevant","none","project_cost_estimate","contractor_quote_amount","equipment_category|project_timing","grant_amount","contractor_quote_required","needs_quote","high","false"
"SOURCE_DSIRE:dsire_program_id:5487","program_rule_value_only","","policy_or_permitting","business_relevant","none","","service_address|utility_provider","project_timing","unknown","unknown","policy_only","low","true"
"SOURCE_DSIRE:dsire_program_id:1368","refrigeration_electric_efficiency","electric_usage_reduction","bill_savings|upfront_cost_reduction","residential_only","electric","annual_kwh|annual_electric_cost|average_cost_per_kwh","monthly_kwh|peak_kw|demand_charges|rate_schedule|delivery_charges|generation_charges","equipment_category|quantity","per_unit","cost_per_unit","needs_equipment_details","low","true"
"SOURCE_DSIRE:dsire_program_id:5828","hvac_electric_efficiency","project_cost_reduction_only","bill_savings|upfront_cost_reduction","business_relevant","electric|none","annual_kwh|annual_electric_cost|average_cost_per_kwh","monthly_kwh|peak_kw|demand_charges|rate_schedule|contractor_quote_amount|quote_date","equipment_category|square_footage","per_unit","cost_per_unit","needs_bill","medium","true"
"SOURCE_DSIRE:dsire_program_id:3135","motor_vfd_efficiency","","bill_savings|upfront_cost_reduction","residential_only","electric","annual_kwh|annual_electric_cost|average_cost_per_kwh","peak_kw|demand_charge_rate|monthly_kwh","equipment_category|quantity","per_unit","cost_per_unit","needs_equipment_details","low","true"
"SOURCE_DSIRE:dsire_program_id:3716","program_rule_value_only","","policy_or_permitting","business_relevant","none","","service_address|utility_provider","project_timing","unknown","unknown","policy_only","low","true"
"SOURCE_DSIRE:dsire_program_id:4362","tax_benefit_project_cost_reduction","electric_usage_reduction|hvac_electric_efficiency|gas_usage_reduction|motor_vfd_efficiency|controls_building_automation|commercial_kitchen_equipment_efficiency|water_sewer_reduction","bill_savings|tax_benefit","unknown","none|electric|gas|water_sewer","project_cost_estimate|tax_entity_type","ownership_status|tax_appetite_unknown|contractor_quote_amount|monthly_kwh|rate_schedule|delivery_charges|generation_charges|peak_kw|demand_charges|monthly_therms|gas_rate_schedule|demand_charge_rate|annual_therms|time_of_use_periods|average_cost_per_therm|annual_water_use|annual_water_cost|annual_sewer_cost|monthly_water_use|water_unit|sewer_cost|meter_size|irrigation_meter_present","equipment_category","tax_credit","benchmark_range","needs_tax_review","low","true"
"SOURCE_DSIRE:dsire_program_id:4533","grant_funding","electric_usage_reduction|hvac_electric_efficiency|gas_usage_reduction|refrigeration_electric_efficiency|motor_vfd_efficiency","bill_savings|upfront_cost_reduction","residential_only","none|electric|gas","project_cost_estimate","contractor_quote_amount|monthly_kwh|rate_schedule|delivery_charges|generation_charges|peak_kw|demand_charges|monthly_therms|gas_rate_schedule|demand_charge_rate","equipment_category|project_timing","grant_amount","contractor_quote_required","needs_quote","low","true"
"SOURCE_DSIRE:dsire_program_id:22223","grant_funding","controls_building_automation","bill_savings|upfront_cost_reduction","public_nonprofit_only","none|electric","project_cost_estimate","contractor_quote_amount|annual_therms|peak_kw|demand_charges|time_of_use_periods","equipment_category|project_timing","grant_amount","contractor_quote_required","needs_quote","high","true"
"SOURCE_DSIRE:dsire_program_id:3286","whole_building_custom_efficiency","electric_usage_reduction|hvac_electric_efficiency|gas_usage_reduction|refrigeration_electric_efficiency|motor_vfd_efficiency|controls_building_automation|water_sewer_reduction","bill_savings|upfront_cost_reduction","residential_only","electric|gas|water_sewer","annual_kwh|annual_electric_cost|average_cost_per_kwh","annual_therms|average_cost_per_therm|peak_kw|demand_charge_rate|square_footage|monthly_kwh|rate_schedule|delivery_charges|generation_charges|demand_charges|monthly_therms|gas_rate_schedule|time_of_use_periods|monthly_water_use|water_unit|sewer_cost|meter_size|irrigation_meter_present","project_cost_estimate|equipment_category","per_kwh_saved","benchmark_range","needs_bill","low","true"
"SOURCE_DSIRE:dsire_program_id:4386","interconnection_or_grid_access_value","","policy_or_permitting","mixed","none","","utility_provider|service_address|rate_schedule","equipment_category|project_timing","unknown","unknown","policy_only","low","true"
"SOURCE_DSIRE:dsire_program_id:4283","pace_or_on_bill_financing","","financing","mixed","none","project_cost_estimate|financing_term_years|interest_rate","ownership_status|down_payment|annual_electric_cost|annual_gas_cost","ownership_status","financing","contractor_quote_required","needs_quote","high","true"
"SOURCE_DSIRE:dsire_program_id:22498","program_rule_value_only","","policy_or_permitting","residential_only","none","","service_address|utility_provider","project_timing","unknown","unknown","policy_only","low","true"
"SOURCE_DSIRE:dsire_program_id:22566","battery_tou_demand_savings","project_cost_reduction_only","bill_savings|upfront_cost_reduction","public_nonprofit_only","electric|none","rate_schedule|time_of_use_periods|peak_kw|demand_charges|demand_charge_rate|monthly_kwh","annual_kwh|monthly_peak_kw|contractor_quote_amount|quote_date","equipment_category","per_unit","cost_per_kwh_storage","needs_equipment_details","high","true"
"SOURCE_CA_ENERGY_COMMISSION:cec_solicitation_number:GFO-24-311","grant_funding","","upfront_cost_reduction","business_relevant","none","project_cost_estimate","contractor_quote_amount","equipment_category|project_timing","grant_amount","contractor_quote_required","needs_quote","high","false"
"SOURCE_CA_ENERGY_COMMISSION:cec_solicitation_number:GFO-25-303","grant_funding","","upfront_cost_reduction","unknown","none","project_cost_estimate","contractor_quote_amount","equipment_category|project_timing","grant_amount","contractor_quote_required","needs_quote","low","true"
"SOURCE_DSIRE:dsire_program_id:22363","program_rule_value_only","","policy_or_permitting","residential_only","none","","service_address|utility_provider","project_timing","unknown","unknown","policy_only","low","true"
"SOURCE_DSIRE:dsire_program_id:2434","motor_vfd_efficiency","","bill_savings|upfront_cost_reduction","residential_only","electric","annual_kwh|annual_electric_cost|average_cost_per_kwh","peak_kw|demand_charge_rate|monthly_kwh","equipment_category|quantity","per_unit","cost_per_unit","needs_equipment_details","low","true"
"SOURCE_DSIRE:dsire_program_id:22479","interconnection_or_grid_access_value","","policy_or_permitting","business_relevant","none","","utility_provider|service_address|rate_schedule","equipment_category|project_timing","unknown","unknown","policy_only","low","true"
"SOURCE_CA_ENERGY_COMMISSION:cec_solicitation_number:GFO-25-308","grant_funding","battery_tou_demand_savings","bill_savings|upfront_cost_reduction","business_relevant","none|electric","project_cost_estimate","contractor_quote_amount|annual_kwh|monthly_peak_kw","equipment_category|project_timing","grant_amount","contractor_quote_required","needs_quote","high","false"
"SOURCE_DSIRE:dsire_program_id:22166","fleet_fuel_replacement","ev_charging_site_load","bill_savings|upfront_cost_reduction","mixed","fuel|electric","annual_gallons|annual_fuel_cost|average_cost_per_gallon|vehicle_count","estimated_miles|fuel_type|monthly_fuel_cost|rate_schedule|average_cost_per_kwh|peak_kw|demand_charge_rate|time_of_use_periods","vehicle_count","per_unit","cost_per_unit","needs_equipment_details","high","true"
"SOURCE_CA_ENERGY_COMMISSION:cec_url_hash:url_hash:29e6754836dac9df","grant_funding","","upfront_cost_reduction","business_relevant","none","project_cost_estimate","contractor_quote_amount","equipment_category|project_timing","grant_amount","contractor_quote_required","needs_quote","medium","true"
"SOURCE_DSIRE:dsire_program_id:4653","commercial_kitchen_equipment_efficiency","water_sewer_reduction","bill_savings|upfront_cost_reduction","business_relevant","electric|water_sewer","annual_kwh|annual_electric_cost|average_cost_per_kwh","annual_therms|average_cost_per_therm|annual_water_use|annual_water_cost|annual_sewer_cost|monthly_water_use|water_unit|sewer_cost|meter_size|irrigation_meter_present","equipment_category|quantity","per_unit","cost_per_unit","needs_equipment_details","medium","true"
"SOURCE_DSIRE:dsire_program_id:3618","whole_building_custom_efficiency","hvac_electric_efficiency|gas_usage_reduction|motor_vfd_efficiency|controls_building_automation","bill_savings|upfront_cost_reduction","residential_only","electric|gas","annual_kwh|annual_electric_cost|average_cost_per_kwh","annual_therms|average_cost_per_therm|peak_kw|demand_charge_rate|square_footage|monthly_kwh|demand_charges|rate_schedule|monthly_therms|gas_rate_schedule|time_of_use_periods","project_cost_estimate|equipment_category","per_kwh_saved","benchmark_range","needs_bill","low","true"
"SOURCE_DSIRE:dsire_program_id:60","sales_or_property_tax_exemption","battery_tou_demand_savings","bill_savings|tax_benefit","unknown","none|electric","project_cost_estimate","ownership_status|tax_entity_type|contractor_quote_amount|annual_kwh|monthly_peak_kw","equipment_category","tax_exemption","benchmark_range","needs_tax_review","low","true"
"SOURCE_DSIRE:dsire_program_id:2735","solar_electric_offset","project_cost_reduction_only","bill_savings|upfront_cost_reduction","residential_only","electric|none","annual_kwh|monthly_kwh|average_cost_per_kwh|rate_schedule","time_of_use_periods|demand_charges|generation_charges|delivery_charges|contractor_quote_amount|quote_date","roof_area|ownership_status","per_kw","cost_per_kw","needs_bill","low","true"
"SOURCE_DSIRE:dsire_program_id:1487","electric_usage_reduction","project_cost_reduction_only","bill_savings|upfront_cost_reduction","residential_only","electric|none","annual_kwh|annual_electric_cost|average_cost_per_kwh","monthly_kwh|rate_schedule|delivery_charges|generation_charges|contractor_quote_amount|quote_date","equipment_category","per_unit","cost_per_unit","needs_bill","low","true"
"SOURCE_DSIRE:dsire_program_id:21864","project_cost_reduction_only","","upfront_cost_reduction","mixed","none","project_cost_estimate","contractor_quote_amount|quote_date","equipment_category","per_unit","benchmark_range","needs_equipment_details","medium","true"
"SOURCE_DSIRE:dsire_program_id:3060","financing_cash_flow","hvac_electric_efficiency|gas_usage_reduction|refrigeration_electric_efficiency|motor_vfd_efficiency|controls_building_automation","bill_savings|financing","residential_only","none|electric|gas","project_cost_estimate|interest_rate|financing_term_years","down_payment|contractor_quote_amount|monthly_kwh|peak_kw|demand_charges|rate_schedule|monthly_therms|gas_rate_schedule|demand_charge_rate|annual_therms|time_of_use_periods","equipment_category","financing","contractor_quote_required","needs_quote","low","true"
"SOURCE_DSIRE:dsire_program_id:22279","ev_charging_site_load","project_cost_reduction_only","bill_savings|upfront_cost_reduction","mixed","electric|none","rate_schedule|annual_kwh|average_cost_per_kwh","peak_kw|demand_charge_rate|time_of_use_periods|contractor_quote_amount|quote_date","parking_spaces|ownership_status|equipment_category","per_unit","cost_per_unit","needs_quote","high","true"
"SOURCE_DSIRE:dsire_program_id:5527","ev_charging_site_load","project_cost_reduction_only","bill_savings|upfront_cost_reduction","residential_only","electric|none","rate_schedule|annual_kwh|average_cost_per_kwh","peak_kw|demand_charge_rate|time_of_use_periods|contractor_quote_amount|quote_date","parking_spaces|ownership_status|equipment_category","per_unit","cost_per_unit","needs_quote","low","true"
"SOURCE_CA_ENERGY_COMMISSION:cec_url_hash:url_hash:46a1b0e604da26d8","grant_funding","","upfront_cost_reduction","business_relevant","none","project_cost_estimate","contractor_quote_amount","equipment_category|project_timing","grant_amount","contractor_quote_required","needs_quote","high","false"
"SOURCE_CA_ENERGY_COMMISSION:cec_solicitation_number:GFO-23-403","grant_funding","","upfront_cost_reduction","agriculture_only","none","project_cost_estimate","contractor_quote_amount","equipment_category|project_timing","grant_amount","contractor_quote_required","needs_quote","high","true"
"SOURCE_DSIRE:dsire_program_id:4496","tax_benefit_project_cost_reduction","","tax_benefit","business_relevant","none","project_cost_estimate|tax_entity_type","ownership_status|tax_appetite_unknown|contractor_quote_amount","equipment_category","tax_credit","benchmark_range","needs_tax_review","medium","true"
"SOURCE_SDGE_BUSINESS:program_url:sdge_com_node_589","no_direct_savings","","no_direct_savings","business_relevant","none","","","","unknown","unknown","unknown","low","true"
"SOURCE_DSIRE:dsire_program_id:5398","water_sewer_reduction","project_cost_reduction_only","bill_savings|upfront_cost_reduction","mixed","water_sewer|none","annual_water_use|annual_water_cost|annual_sewer_cost","monthly_water_use|water_unit|sewer_cost|meter_size|irrigation_meter_present|contractor_quote_amount|quote_date","equipment_category","per_unit","cost_per_unit","needs_equipment_details","medium","true"
"SOURCE_DSIRE:dsire_program_id:3166","whole_building_custom_efficiency","electric_usage_reduction|hvac_electric_efficiency|motor_vfd_efficiency|controls_building_automation|water_sewer_reduction","bill_savings|upfront_cost_reduction","residential_only","electric|water_sewer","annual_kwh|annual_electric_cost|average_cost_per_kwh","annual_therms|average_cost_per_therm|peak_kw|demand_charge_rate|square_footage|monthly_kwh|rate_schedule|delivery_charges|generation_charges|demand_charges|time_of_use_periods|monthly_water_use|water_unit|sewer_cost|meter_size|irrigation_meter_present","project_cost_estimate|equipment_category","per_kwh_saved","benchmark_range","needs_bill","low","true"
"SOURCE_DSIRE:dsire_program_id:21861","grant_funding","electric_usage_reduction|solar_electric_offset|hvac_electric_efficiency|motor_vfd_efficiency|controls_building_automation|battery_tou_demand_savings","bill_savings|upfront_cost_reduction","business_relevant","none|electric","project_cost_estimate","contractor_quote_amount|monthly_kwh|rate_schedule|delivery_charges|generation_charges|time_of_use_periods|demand_charges|peak_kw|demand_charge_rate|annual_therms|annual_kwh|monthly_peak_kw","equipment_category|project_timing","grant_amount","contractor_quote_required","needs_quote","medium","true"
"SOURCE_DSIRE:dsire_program_id:22350","project_cost_reduction_only","","upfront_cost_reduction","mixed","none","project_cost_estimate","contractor_quote_amount|quote_date","equipment_category","per_unit","benchmark_range","needs_equipment_details","high","true"
"SOURCE_DSIRE:dsire_program_id:1106","net_metering_or_export_value","solar_electric_offset","bill_savings|policy_or_permitting","agriculture_only","electric","annual_kwh|monthly_kwh|rate_schedule","time_of_use_periods|generation_charges|delivery_charges|demand_charges","equipment_category|roof_area","unknown","unknown","policy_only","low","true"
"SOURCE_DSIRE:dsire_program_code_title_hash:MI100F:8992eb88d22f","sales_or_property_tax_exemption","","tax_benefit","unknown","none","project_cost_estimate","ownership_status|tax_entity_type|contractor_quote_amount","equipment_category","tax_exemption","benchmark_range","needs_tax_review","low","true"
"SOURCE_DSIRE:dsire_program_id:5248","whole_building_custom_efficiency","hvac_electric_efficiency|gas_usage_reduction|refrigeration_electric_efficiency|motor_vfd_efficiency|controls_building_automation|commercial_kitchen_equipment_efficiency|water_sewer_reduction","bill_savings|upfront_cost_reduction","residential_only","electric|gas|water_sewer","annual_kwh|annual_electric_cost|average_cost_per_kwh","annual_therms|average_cost_per_therm|peak_kw|demand_charge_rate|square_footage|monthly_kwh|demand_charges|rate_schedule|monthly_therms|gas_rate_schedule|time_of_use_periods|annual_water_use|annual_water_cost|annual_sewer_cost|monthly_water_use|water_unit|sewer_cost|meter_size|irrigation_meter_present","project_cost_estimate|equipment_category","per_kwh_saved","benchmark_range","needs_bill","low","true"
"SOURCE_DSIRE:dsire_program_id:192","sales_or_property_tax_exemption","battery_tou_demand_savings","bill_savings|tax_benefit","agriculture_only","none|electric","project_cost_estimate","ownership_status|tax_entity_type|contractor_quote_amount|annual_kwh|monthly_peak_kw","equipment_category","tax_exemption","benchmark_range","needs_tax_review","medium","true"
"SOURCE_DSIRE:dsire_program_id:22390","project_cost_reduction_only","","upfront_cost_reduction","public_nonprofit_only","none","project_cost_estimate","contractor_quote_amount|quote_date","equipment_category","per_unit","benchmark_range","needs_equipment_details","high","true"
"SOURCE_CA_ENERGY_COMMISSION:cec_solicitation_number:GFO-23-702","grant_funding","","upfront_cost_reduction","public_nonprofit_only","none","project_cost_estimate","contractor_quote_amount","equipment_category|project_timing","grant_amount","contractor_quote_required","needs_quote","high","true"
"SOURCE_SDGE_BUSINESS:program_url:sdge_com_node_25406","ev_charging_site_load","project_cost_reduction_only","bill_savings|upfront_cost_reduction","business_relevant","electric|none","rate_schedule|annual_kwh|average_cost_per_kwh","peak_kw|demand_charge_rate|time_of_use_periods|contractor_quote_amount|quote_date","parking_spaces|ownership_status|equipment_category","per_unit","cost_per_unit","needs_quote","medium","true"
"SOURCE_DSIRE:dsire_program_id:22206","grant_funding","","upfront_cost_reduction","public_nonprofit_only","none","project_cost_estimate","contractor_quote_amount","equipment_category|project_timing","grant_amount","contractor_quote_required","needs_quote","high","true"
"SOURCE_DSIRE:dsire_program_id:3721","whole_building_custom_efficiency","gas_usage_reduction|controls_building_automation|commercial_kitchen_equipment_efficiency|battery_tou_demand_savings","bill_savings|upfront_cost_reduction","business_relevant","electric|gas","annual_kwh|annual_electric_cost|average_cost_per_kwh","annual_therms|average_cost_per_therm|peak_kw|demand_charge_rate|square_footage|monthly_therms|gas_rate_schedule|demand_charges|time_of_use_periods|annual_water_use|annual_water_cost|annual_sewer_cost|annual_kwh|monthly_peak_kw","project_cost_estimate|equipment_category","per_kwh_saved","benchmark_range","needs_bill","medium","true"
"SOURCE_DSIRE:dsire_program_id:22150","project_cost_reduction_only","","upfront_cost_reduction","unknown","none","project_cost_estimate","contractor_quote_amount|quote_date","equipment_category","per_unit","benchmark_range","needs_equipment_details","low","true"
"SOURCE_DSIRE:dsire_program_id:22108","battery_tou_demand_savings","project_cost_reduction_only","bill_savings|upfront_cost_reduction","business_relevant","electric|none","rate_schedule|time_of_use_periods|peak_kw|demand_charges|demand_charge_rate|monthly_kwh","annual_kwh|monthly_peak_kw|contractor_quote_amount|quote_date","equipment_category","per_unit","cost_per_kwh_storage","needs_equipment_details","medium","true"
"SOURCE_DSIRE:dsire_program_id:3139","fleet_fuel_replacement","ev_charging_site_load","bill_savings|upfront_cost_reduction","mixed","fuel|electric","annual_gallons|annual_fuel_cost|average_cost_per_gallon|vehicle_count","estimated_miles|fuel_type|monthly_fuel_cost|rate_schedule|average_cost_per_kwh|peak_kw|demand_charge_rate|time_of_use_periods","vehicle_count","per_unit","cost_per_unit","needs_equipment_details","medium","true"
"SOURCE_DSIRE:dsire_program_id:4710","motor_vfd_efficiency","","bill_savings|upfront_cost_reduction","business_relevant","electric","annual_kwh|annual_electric_cost|average_cost_per_kwh","peak_kw|demand_charge_rate|monthly_kwh","equipment_category|quantity","per_unit","cost_per_unit","needs_equipment_details","medium","true"
"SOURCE_DSIRE:dsire_program_id:22226","grant_funding","","upfront_cost_reduction","business_relevant","none","project_cost_estimate","contractor_quote_amount","equipment_category|project_timing","grant_amount","contractor_quote_required","needs_quote","high","false"
"SOURCE_DSIRE:dsire_program_id:2990","whole_building_custom_efficiency","hvac_electric_efficiency|refrigeration_electric_efficiency|motor_vfd_efficiency|controls_building_automation|commercial_kitchen_equipment_efficiency|water_sewer_reduction","bill_savings|upfront_cost_reduction","residential_only","electric|water_sewer","annual_kwh|annual_electric_cost|average_cost_per_kwh","annual_therms|average_cost_per_therm|peak_kw|demand_charge_rate|square_footage|monthly_kwh|demand_charges|rate_schedule|time_of_use_periods|annual_water_use|annual_water_cost|annual_sewer_cost|monthly_water_use|water_unit|sewer_cost|meter_size|irrigation_meter_present","project_cost_estimate|equipment_category","per_kwh_saved","benchmark_range","needs_bill","low","true"
"SOURCE_DSIRE:dsire_program_id:1570","ev_charging_site_load","project_cost_reduction_only","bill_savings|upfront_cost_reduction","residential_only","electric|none","rate_schedule|annual_kwh|average_cost_per_kwh","peak_kw|demand_charge_rate|time_of_use_periods|contractor_quote_amount|quote_date","parking_spaces|ownership_status|equipment_category","per_unit","cost_per_unit","needs_quote","low","true"
"SOURCE_DSIRE:dsire_program_id:2363","sales_or_property_tax_exemption","","tax_benefit","residential_only","none","project_cost_estimate","ownership_status|tax_entity_type|contractor_quote_amount","equipment_category","tax_exemption","benchmark_range","needs_tax_review","low","true"
"SOURCE_DSIRE:dsire_program_code_title_hash:NY98F:8923b34ebfda","sales_or_property_tax_exemption","","tax_benefit","residential_only","none","project_cost_estimate","ownership_status|tax_entity_type|contractor_quote_amount","equipment_category","tax_exemption","benchmark_range","needs_tax_review","low","true"
"SOURCE_CA_ENERGY_COMMISSION:cec_url_hash:url_hash:3efbd94dadce6e57","grant_funding","electric_usage_reduction|ev_charging_site_load","bill_savings|upfront_cost_reduction","unknown","none|electric","project_cost_estimate","contractor_quote_amount|monthly_kwh|rate_schedule|delivery_charges|generation_charges|peak_kw|demand_charge_rate|time_of_use_periods","equipment_category|project_timing","grant_amount","contractor_quote_required","needs_quote","low","true"
"SOURCE_DSIRE:dsire_program_id:3071","financing_cash_flow","","financing","business_relevant","none","project_cost_estimate|interest_rate|financing_term_years","down_payment|contractor_quote_amount","equipment_category","financing","contractor_quote_required","needs_quote","high","false"
"SOURCE_DSIRE:dsire_program_id:3931","whole_building_custom_efficiency","electric_usage_reduction|hvac_electric_efficiency|gas_usage_reduction|refrigeration_electric_efficiency|motor_vfd_efficiency|controls_building_automation|commercial_kitchen_equipment_efficiency","bill_savings|upfront_cost_reduction","residential_only","electric|gas","annual_kwh|annual_electric_cost|average_cost_per_kwh","annual_therms|average_cost_per_therm|peak_kw|demand_charge_rate|square_footage|monthly_kwh|rate_schedule|delivery_charges|generation_charges|demand_charges|monthly_therms|gas_rate_schedule|time_of_use_periods|annual_water_use|annual_water_cost|annual_sewer_cost","project_cost_estimate|equipment_category","per_kwh_saved","benchmark_range","needs_bill","low","true"
"SOURCE_DSIRE:dsire_program_id:22212","tax_benefit_project_cost_reduction","ev_charging_site_load|battery_tou_demand_savings","bill_savings|tax_benefit","business_relevant","none|electric","project_cost_estimate|tax_entity_type","ownership_status|tax_appetite_unknown|contractor_quote_amount|peak_kw|demand_charge_rate|time_of_use_periods|annual_kwh|monthly_peak_kw","equipment_category","tax_credit","benchmark_range","needs_tax_review","medium","true"
"SOURCE_DSIRE:dsire_program_id:5543","pace_or_on_bill_financing","","financing","mixed","none","project_cost_estimate|financing_term_years|interest_rate","ownership_status|down_payment|annual_electric_cost|annual_gas_cost","ownership_status","financing","contractor_quote_required","needs_quote","medium","true"
"SOURCE_DSIRE:dsire_program_id:3063","whole_building_custom_efficiency","electric_usage_reduction|hvac_electric_efficiency|gas_usage_reduction|motor_vfd_efficiency|controls_building_automation|water_sewer_reduction","bill_savings|upfront_cost_reduction","residential_only","electric|gas|water_sewer","annual_kwh|annual_electric_cost|average_cost_per_kwh","annual_therms|average_cost_per_therm|peak_kw|demand_charge_rate|square_footage|monthly_kwh|rate_schedule|delivery_charges|generation_charges|demand_charges|monthly_therms|gas_rate_schedule|time_of_use_periods|monthly_water_use|water_unit|sewer_cost|meter_size|irrigation_meter_present","project_cost_estimate|equipment_category","per_kwh_saved","benchmark_range","needs_bill","low","true"
"SOURCE_DSIRE:dsire_program_id:22789","grant_funding","","upfront_cost_reduction","public_nonprofit_only","none","project_cost_estimate","contractor_quote_amount","equipment_category|project_timing","grant_amount","contractor_quote_required","needs_quote","high","true"
"SOURCE_DSIRE:dsire_program_id:3219","controls_building_automation","","bill_savings|upfront_cost_reduction","business_relevant","electric","annual_kwh|rate_schedule","annual_therms|peak_kw|demand_charges|time_of_use_periods","square_footage|equipment_category","per_unit","benchmark_range","needs_equipment_details","medium","true"
"SOURCE_DSIRE:dsire_program_id:22443","whole_building_custom_efficiency","hvac_electric_efficiency|gas_usage_reduction|refrigeration_electric_efficiency|motor_vfd_efficiency|controls_building_automation|water_sewer_reduction","bill_savings|upfront_cost_reduction","mixed","electric|gas|water_sewer","annual_kwh|annual_electric_cost|average_cost_per_kwh","annual_therms|average_cost_per_therm|peak_kw|demand_charge_rate|square_footage|monthly_kwh|demand_charges|rate_schedule|monthly_therms|gas_rate_schedule|time_of_use_periods|monthly_water_use|water_unit|sewer_cost|meter_size|irrigation_meter_present","project_cost_estimate|equipment_category","per_kwh_saved","benchmark_range","needs_bill","medium","true"
"SOURCE_CA_ENERGY_COMMISSION:cec_solicitation_number:GFO-22-611","grant_funding","","upfront_cost_reduction","business_relevant","none","project_cost_estimate","contractor_quote_amount","equipment_category|project_timing","grant_amount","contractor_quote_required","needs_quote","high","false"
"SOURCE_DSIRE:dsire_program_id:4290","solar_electric_offset","project_cost_reduction_only","bill_savings|upfront_cost_reduction","mixed","electric|none","annual_kwh|monthly_kwh|average_cost_per_kwh|rate_schedule","time_of_use_periods|demand_charges|generation_charges|delivery_charges|contractor_quote_amount|quote_date","roof_area|ownership_status","per_kw","cost_per_kw","needs_bill","medium","true"
"SOURCE_DSIRE:dsire_program_code_title_hash:GA38F:b64502dca8d5","no_direct_savings","","no_direct_savings","residential_only","none","","","","unknown","unknown","unknown","low","true"
"SOURCE_DSIRE:dsire_program_id:3467","motor_vfd_efficiency","","bill_savings|upfront_cost_reduction","residential_only","electric","annual_kwh|annual_electric_cost|average_cost_per_kwh","peak_kw|demand_charge_rate|monthly_kwh","equipment_category|quantity","per_unit","cost_per_unit","needs_equipment_details","low","true"
"SOURCE_DSIRE:dsire_program_id:5698","tax_benefit_project_cost_reduction","electric_usage_reduction|solar_electric_offset","bill_savings|tax_benefit","mixed","none|electric","project_cost_estimate|tax_entity_type","ownership_status|tax_appetite_unknown|contractor_quote_amount|monthly_kwh|rate_schedule|delivery_charges|generation_charges|time_of_use_periods|demand_charges","equipment_category","tax_credit","benchmark_range","needs_tax_review","medium","true"
"SOURCE_SDGE_BUSINESS:program_url:caenergywise_com_instant_rebates","project_cost_reduction_only","","upfront_cost_reduction","business_relevant","none","project_cost_estimate","contractor_quote_amount|quote_date","equipment_category","per_unit","benchmark_range","needs_equipment_details","high","false"
"SOURCE_DSIRE:dsire_program_id:2212","motor_vfd_efficiency","","bill_savings|upfront_cost_reduction","residential_only","electric","annual_kwh|annual_electric_cost|average_cost_per_kwh","peak_kw|demand_charge_rate|monthly_kwh","equipment_category|quantity","per_unit","cost_per_unit","needs_equipment_details","low","true"
"SOURCE_DSIRE:dsire_program_id:233","financing_cash_flow","","financing","public_nonprofit_only","none","project_cost_estimate|interest_rate|financing_term_years","down_payment|contractor_quote_amount","equipment_category","financing","contractor_quote_required","needs_quote","high","true"
"SOURCE_CA_ENERGY_COMMISSION:cec_solicitation_number:RFP-24-301","grant_funding","","upfront_cost_reduction","business_relevant","none","project_cost_estimate","contractor_quote_amount","equipment_category|project_timing","grant_amount","contractor_quote_required","needs_quote","high","false"
"SOURCE_DSIRE:dsire_program_id:22240","grant_funding","","upfront_cost_reduction","unknown","none","project_cost_estimate","contractor_quote_amount","equipment_category|project_timing","grant_amount","contractor_quote_required","needs_quote","low","true"
"SOURCE_SILICON_VALLEY_POWER:svp_source_section:6e6b359eb5fc98c0:energy-efficiency-grant-program-for-nonprofit-organizations","grant_funding","electric_usage_reduction|hvac_electric_efficiency","bill_savings|upfront_cost_reduction","public_nonprofit_only","none|electric","project_cost_estimate","contractor_quote_amount|monthly_kwh|rate_schedule|delivery_charges|generation_charges|peak_kw|demand_charges","equipment_category|project_timing","grant_amount","contractor_quote_required","needs_quote","high","true"
"SOURCE_DSIRE:dsire_program_id:5520","financing_cash_flow","","financing","business_relevant","none","project_cost_estimate|interest_rate|financing_term_years","down_payment|contractor_quote_amount","equipment_category","financing","contractor_quote_required","needs_quote","high","false"
"SOURCE_CA_ENERGY_COMMISSION:cec_solicitation_number:GFO-21-605","grant_funding","ev_charging_site_load","bill_savings|upfront_cost_reduction","business_relevant","none|electric","project_cost_estimate","contractor_quote_amount|peak_kw|demand_charge_rate|time_of_use_periods","equipment_category|project_timing","grant_amount","contractor_quote_required","needs_quote","high","false"
"SOURCE_DSIRE:dsire_program_id:3036","sales_or_property_tax_exemption","solar_electric_offset","bill_savings|tax_benefit","mixed","none|electric","project_cost_estimate","ownership_status|tax_entity_type|contractor_quote_amount|time_of_use_periods|demand_charges|generation_charges|delivery_charges","equipment_category","tax_exemption","benchmark_range","needs_tax_review","medium","true"
"SOURCE_DSIRE:dsire_program_id:22349","ev_charging_site_load","project_cost_reduction_only","bill_savings|upfront_cost_reduction","mixed","electric|none","rate_schedule|annual_kwh|average_cost_per_kwh","peak_kw|demand_charge_rate|time_of_use_periods|contractor_quote_amount|quote_date","parking_spaces|ownership_status|equipment_category","per_unit","cost_per_unit","needs_quote","medium","true"
"SOURCE_DSIRE:dsire_program_id:364","no_direct_savings","","no_direct_savings","public_nonprofit_only","none","","","","unknown","unknown","unknown","low","true"
"SOURCE_DSIRE:dsire_program_id:2042","financing_cash_flow","electric_usage_reduction|hvac_electric_efficiency|motor_vfd_efficiency|commercial_kitchen_equipment_efficiency|ev_charging_site_load|battery_tou_demand_savings|water_sewer_reduction","bill_savings|financing","mixed","none|electric|water_sewer","project_cost_estimate|interest_rate|financing_term_years","down_payment|contractor_quote_amount|monthly_kwh|rate_schedule|delivery_charges|generation_charges|peak_kw|demand_charges|demand_charge_rate|annual_therms|average_cost_per_therm|annual_water_use|annual_water_cost|annual_sewer_cost|time_of_use_periods|annual_kwh|monthly_peak_kw|monthly_water_use|water_unit|sewer_cost|meter_size|irrigation_meter_present","equipment_category","financing","contractor_quote_required","needs_quote","medium","true"
"SOURCE_DSIRE:dsire_program_id:1949","ev_charging_site_load","project_cost_reduction_only","bill_savings|upfront_cost_reduction","residential_only","electric|none","rate_schedule|annual_kwh|average_cost_per_kwh","peak_kw|demand_charge_rate|time_of_use_periods|contractor_quote_amount|quote_date","parking_spaces|ownership_status|equipment_category","per_unit","cost_per_unit","needs_quote","low","true"
"SOURCE_DSIRE:dsire_program_id:22654","pace_or_on_bill_financing","","financing","business_relevant","none","project_cost_estimate|financing_term_years|interest_rate","ownership_status|down_payment|annual_electric_cost|annual_gas_cost","ownership_status","financing","contractor_quote_required","needs_quote","high","false"
"SOURCE_DSIRE:dsire_program_id:5412","motor_vfd_efficiency","","bill_savings|upfront_cost_reduction","business_relevant","electric","annual_kwh|annual_electric_cost|average_cost_per_kwh","peak_kw|demand_charge_rate|monthly_kwh","equipment_category|quantity","per_unit","cost_per_unit","needs_equipment_details","medium","true"
"SOURCE_DSIRE:dsire_program_id:22280","ev_charging_site_load","project_cost_reduction_only","bill_savings|upfront_cost_reduction","mixed","electric|none","rate_schedule|annual_kwh|average_cost_per_kwh","peak_kw|demand_charge_rate|time_of_use_periods|contractor_quote_amount|quote_date","parking_spaces|ownership_status|equipment_category","per_unit","cost_per_unit","needs_quote","medium","true"
"SOURCE_DSIRE:dsire_program_id:5630","grant_funding","solar_electric_offset","bill_savings|upfront_cost_reduction","business_relevant","none|electric","project_cost_estimate","contractor_quote_amount|time_of_use_periods|demand_charges|generation_charges|delivery_charges","equipment_category|project_timing","grant_amount","contractor_quote_required","needs_quote","high","false"
"SOURCE_DSIRE:dsire_program_id:4371","controls_building_automation","","bill_savings|upfront_cost_reduction","business_relevant","electric","annual_kwh|rate_schedule","annual_therms|peak_kw|demand_charges|time_of_use_periods","square_footage|equipment_category","per_unit","benchmark_range","needs_equipment_details","medium","true"
"SOURCE_DSIRE:dsire_program_id:2354","whole_building_custom_efficiency","electric_usage_reduction|hvac_electric_efficiency|gas_usage_reduction|controls_building_automation|commercial_kitchen_equipment_efficiency|battery_tou_demand_savings","bill_savings|upfront_cost_reduction","business_relevant","electric|gas","annual_kwh|annual_electric_cost|average_cost_per_kwh","annual_therms|average_cost_per_therm|peak_kw|demand_charge_rate|square_footage|monthly_kwh|rate_schedule|delivery_charges|generation_charges|demand_charges|monthly_therms|gas_rate_schedule|time_of_use_periods|annual_water_use|annual_water_cost|annual_sewer_cost|annual_kwh|monthly_peak_kw","project_cost_estimate|equipment_category","per_kwh_saved","benchmark_range","needs_bill","medium","true"
"SOURCE_DSIRE:dsire_program_id:3682","project_cost_reduction_only","","upfront_cost_reduction","mixed","none","project_cost_estimate","contractor_quote_amount|quote_date","equipment_category","per_unit","benchmark_range","needs_equipment_details","medium","true"
"SOURCE_DSIRE:dsire_program_id:3831","whole_building_custom_efficiency","electric_usage_reduction|hvac_electric_efficiency|gas_usage_reduction|motor_vfd_efficiency|controls_building_automation","bill_savings|upfront_cost_reduction","business_relevant","electric|gas","annual_kwh|annual_electric_cost|average_cost_per_kwh","annual_therms|average_cost_per_therm|peak_kw|demand_charge_rate|square_footage|monthly_kwh|rate_schedule|delivery_charges|generation_charges|demand_charges|monthly_therms|gas_rate_schedule|time_of_use_periods","project_cost_estimate|equipment_category","per_kwh_saved","benchmark_range","needs_bill","medium","true"
"SOURCE_DSIRE:dsire_program_id:2120","electric_usage_reduction","project_cost_reduction_only","bill_savings|upfront_cost_reduction","residential_only","electric|none","annual_kwh|annual_electric_cost|average_cost_per_kwh","monthly_kwh|rate_schedule|delivery_charges|generation_charges|contractor_quote_amount|quote_date","equipment_category","per_unit","cost_per_unit","needs_bill","low","true"
"SOURCE_DSIRE:dsire_program_id:3025","whole_building_custom_efficiency","electric_usage_reduction|hvac_electric_efficiency|gas_usage_reduction|refrigeration_electric_efficiency|motor_vfd_efficiency|controls_building_automation|battery_tou_demand_savings","bill_savings|upfront_cost_reduction","residential_only","electric|gas","annual_kwh|annual_electric_cost|average_cost_per_kwh","annual_therms|average_cost_per_therm|peak_kw|demand_charge_rate|square_footage|monthly_kwh|rate_schedule|delivery_charges|generation_charges|demand_charges|monthly_therms|gas_rate_schedule|time_of_use_periods|annual_kwh|monthly_peak_kw","project_cost_estimate|equipment_category","per_kwh_saved","benchmark_range","needs_bill","low","true"
"SOURCE_DSIRE:dsire_program_id:3617","motor_vfd_efficiency","","bill_savings|upfront_cost_reduction","business_relevant","electric","annual_kwh|annual_electric_cost|average_cost_per_kwh","peak_kw|demand_charge_rate|monthly_kwh","equipment_category|quantity","per_unit","cost_per_unit","needs_equipment_details","medium","true"
"SOURCE_SILICON_VALLEY_POWER:svp_source_section:6849d4cc60567610:custom-measure-rebates-heat-recovery-chillers-and-heat-pump-pool-heaters","hvac_electric_efficiency","project_cost_reduction_only","bill_savings|upfront_cost_reduction","business_relevant","electric|none","annual_kwh|annual_electric_cost|average_cost_per_kwh","monthly_kwh|peak_kw|demand_charges|rate_schedule|contractor_quote_amount|quote_date","equipment_category|square_footage","per_unit","cost_per_unit","needs_bill","medium","true"
"SOURCE_DSIRE:dsire_program_id:2689","whole_building_custom_efficiency","hvac_electric_efficiency|gas_usage_reduction|controls_building_automation|commercial_kitchen_equipment_efficiency|battery_tou_demand_savings|water_sewer_reduction","bill_savings|upfront_cost_reduction","business_relevant","electric|gas|water_sewer","annual_kwh|annual_electric_cost|average_cost_per_kwh","annual_therms|average_cost_per_therm|peak_kw|demand_charge_rate|square_footage|monthly_kwh|demand_charges|rate_schedule|monthly_therms|gas_rate_schedule|time_of_use_periods|annual_water_use|annual_water_cost|annual_sewer_cost|annual_kwh|monthly_peak_kw|monthly_water_use|water_unit|sewer_cost|meter_size|irrigation_meter_present","project_cost_estimate|equipment_category","per_kwh_saved","benchmark_range","needs_bill","medium","true"
"SOURCE_DSIRE:dsire_program_id:22276","ev_charging_site_load","project_cost_reduction_only","bill_savings|upfront_cost_reduction","business_relevant","electric|none","rate_schedule|annual_kwh|average_cost_per_kwh","peak_kw|demand_charge_rate|time_of_use_periods|contractor_quote_amount|quote_date","parking_spaces|ownership_status|equipment_category","per_unit","cost_per_unit","needs_quote","medium","true"
"SOURCE_DSIRE:dsire_program_id:3074","whole_building_custom_efficiency","electric_usage_reduction|hvac_electric_efficiency|gas_usage_reduction|refrigeration_electric_efficiency|motor_vfd_efficiency|controls_building_automation|battery_tou_demand_savings|water_sewer_reduction","bill_savings|upfront_cost_reduction","business_relevant","electric|gas|water_sewer","annual_kwh|annual_electric_cost|average_cost_per_kwh","annual_therms|average_cost_per_therm|peak_kw|demand_charge_rate|square_footage|monthly_kwh|rate_schedule|delivery_charges|generation_charges|demand_charges|monthly_therms|gas_rate_schedule|time_of_use_periods|annual_kwh|monthly_peak_kw|monthly_water_use|water_unit|sewer_cost|meter_size|irrigation_meter_present","project_cost_estimate|equipment_category","per_kwh_saved","benchmark_range","needs_bill","medium","true"
"SOURCE_DSIRE:dsire_program_id:22187","grant_funding","ev_charging_site_load","bill_savings|upfront_cost_reduction","business_relevant","none|electric","project_cost_estimate","contractor_quote_amount|peak_kw|demand_charge_rate|time_of_use_periods","equipment_category|project_timing","grant_amount","contractor_quote_required","needs_quote","high","false"
"SOURCE_DSIRE:dsire_program_id:180","sales_or_property_tax_exemption","electric_usage_reduction|solar_electric_offset","bill_savings|tax_benefit","mixed","none|electric","project_cost_estimate","ownership_status|tax_entity_type|contractor_quote_amount|monthly_kwh|rate_schedule|delivery_charges|generation_charges|time_of_use_periods|demand_charges","equipment_category","tax_exemption","benchmark_range","needs_tax_review","medium","true"
"SOURCE_DSIRE:dsire_program_id:2469","grant_funding","hvac_electric_efficiency|gas_usage_reduction|motor_vfd_efficiency","bill_savings|upfront_cost_reduction","mixed","none|electric|gas","project_cost_estimate","contractor_quote_amount|monthly_kwh|peak_kw|demand_charges|rate_schedule|monthly_therms|gas_rate_schedule|demand_charge_rate","equipment_category|project_timing","grant_amount","contractor_quote_required","needs_quote","medium","true"
"SOURCE_DSIRE:dsire_program_id:5309","pace_or_on_bill_financing","","financing","mixed","none","project_cost_estimate|financing_term_years|interest_rate","ownership_status|down_payment|annual_electric_cost|annual_gas_cost","ownership_status","financing","contractor_quote_required","needs_quote","medium","true"
"SOURCE_DSIRE:dsire_program_id:3693","hvac_electric_efficiency","project_cost_reduction_only","bill_savings|upfront_cost_reduction","business_relevant","electric|none","annual_kwh|annual_electric_cost|average_cost_per_kwh","monthly_kwh|peak_kw|demand_charges|rate_schedule|contractor_quote_amount|quote_date","equipment_category|square_footage","per_unit","cost_per_unit","needs_bill","medium","true"
"SOURCE_DSIRE:dsire_program_id:4495","tax_benefit_project_cost_reduction","","tax_benefit","business_relevant","none","project_cost_estimate|tax_entity_type","ownership_status|tax_appetite_unknown|contractor_quote_amount","equipment_category","tax_credit","benchmark_range","needs_tax_review","medium","true"
"SOURCE_CA_ENERGY_COMMISSION:cec_solicitation_number:RFP-22-806","grant_funding","","upfront_cost_reduction","business_relevant","none","project_cost_estimate","contractor_quote_amount","equipment_category|project_timing","grant_amount","contractor_quote_required","needs_quote","medium","true"
"SOURCE_DSIRE:dsire_program_id:82","sales_or_property_tax_exemption","solar_electric_offset","bill_savings|tax_benefit","business_relevant","none|electric","project_cost_estimate","ownership_status|tax_entity_type|contractor_quote_amount|time_of_use_periods|demand_charges|generation_charges|delivery_charges","equipment_category","tax_exemption","benchmark_range","needs_tax_review","medium","false"
"SOURCE_DSIRE:dsire_program_id:3918","controls_building_automation","","bill_savings|upfront_cost_reduction","residential_only","electric","annual_kwh|rate_schedule","annual_therms|peak_kw|demand_charges|time_of_use_periods","square_footage|equipment_category","per_unit","benchmark_range","needs_equipment_details","low","true"
"SOURCE_DSIRE:dsire_program_id:1681","grant_funding","electric_usage_reduction","bill_savings|upfront_cost_reduction","business_relevant","none|electric","project_cost_estimate","contractor_quote_amount|monthly_kwh|rate_schedule|delivery_charges|generation_charges","equipment_category|project_timing","grant_amount","contractor_quote_required","needs_quote","medium","true"
"SOURCE_DSIRE:dsire_program_id:2555","ev_charging_site_load","project_cost_reduction_only","bill_savings|upfront_cost_reduction","mixed","electric|none","rate_schedule|annual_kwh|average_cost_per_kwh","peak_kw|demand_charge_rate|time_of_use_periods|contractor_quote_amount|quote_date","parking_spaces|ownership_status|equipment_category","per_unit","cost_per_unit","needs_quote","medium","true"
"SOURCE_DSIRE:dsire_program_id:2130","ev_charging_site_load","project_cost_reduction_only","bill_savings|upfront_cost_reduction","residential_only","electric|none","rate_schedule|annual_kwh|average_cost_per_kwh","peak_kw|demand_charge_rate|time_of_use_periods|contractor_quote_amount|quote_date","parking_spaces|ownership_status|equipment_category","per_unit","cost_per_unit","needs_quote","low","true"
"SOURCE_DSIRE:dsire_program_id:4153","sales_or_property_tax_exemption","","tax_benefit","business_relevant","none","project_cost_estimate","ownership_status|tax_entity_type|contractor_quote_amount","equipment_category","tax_exemption","benchmark_range","needs_tax_review","medium","false"
"SOURCE_DSIRE:dsire_program_id:5705","motor_vfd_efficiency","","bill_savings|upfront_cost_reduction","residential_only","electric","annual_kwh|annual_electric_cost|average_cost_per_kwh","peak_kw|demand_charge_rate|monthly_kwh","equipment_category|quantity","per_unit","cost_per_unit","needs_equipment_details","low","true"
"SOURCE_CA_ENERGY_COMMISSION:cec_solicitation_number:GFO-22-307","grant_funding","electric_usage_reduction|battery_tou_demand_savings","bill_savings|upfront_cost_reduction","business_relevant","none|electric","project_cost_estimate","contractor_quote_amount|monthly_kwh|rate_schedule|delivery_charges|generation_charges|annual_kwh|monthly_peak_kw","equipment_category|project_timing","grant_amount","contractor_quote_required","needs_quote","high","false"
"SOURCE_CA_ENERGY_COMMISSION:cec_url_hash:url_hash:1f3e9be94023b086","grant_funding","","upfront_cost_reduction","business_relevant","none","project_cost_estimate","contractor_quote_amount","equipment_category|project_timing","grant_amount","contractor_quote_required","needs_quote","high","false"
"SOURCE_DSIRE:dsire_program_id:75","sales_or_property_tax_exemption","electric_usage_reduction|solar_electric_offset|battery_tou_demand_savings","bill_savings|tax_benefit","mixed","none|electric","project_cost_estimate","ownership_status|tax_entity_type|contractor_quote_amount|monthly_kwh|rate_schedule|delivery_charges|generation_charges|time_of_use_periods|demand_charges|annual_kwh|monthly_peak_kw","equipment_category","tax_exemption","benchmark_range","needs_tax_review","medium","true"
"SOURCE_SDGE_BUSINESS:program_url:sdge_com_node_16456","ev_charging_site_load","project_cost_reduction_only","bill_savings|upfront_cost_reduction","business_relevant","electric|none","rate_schedule|annual_kwh|average_cost_per_kwh","peak_kw|demand_charge_rate|time_of_use_periods|contractor_quote_amount|quote_date","parking_spaces|ownership_status|equipment_category","per_unit","cost_per_unit","needs_quote","high","false"
"SOURCE_CA_ENERGY_COMMISSION:cec_solicitation_number:GFO-24-611","grant_funding","","upfront_cost_reduction","business_relevant","none","project_cost_estimate","contractor_quote_amount","equipment_category|project_timing","grant_amount","contractor_quote_required","needs_quote","high","false"
"SOURCE_DSIRE:dsire_program_id:5131","financing_cash_flow","electric_usage_reduction|motor_vfd_efficiency|controls_building_automation|battery_tou_demand_savings","bill_savings|financing","mixed","none|electric","project_cost_estimate|interest_rate|financing_term_years","down_payment|contractor_quote_amount|monthly_kwh|rate_schedule|delivery_charges|generation_charges|peak_kw|demand_charge_rate|annual_therms|demand_charges|time_of_use_periods|annual_kwh|monthly_peak_kw","equipment_category","financing","contractor_quote_required","needs_quote","high","true"
"SOURCE_DSIRE:dsire_program_id:5136","battery_tou_demand_savings","project_cost_reduction_only","bill_savings|upfront_cost_reduction","business_relevant","electric|none","rate_schedule|time_of_use_periods|peak_kw|demand_charges|demand_charge_rate|monthly_kwh","annual_kwh|monthly_peak_kw|contractor_quote_amount|quote_date","equipment_category","per_unit","cost_per_kwh_storage","needs_equipment_details","medium","true"
"SOURCE_DSIRE:dsire_program_id:3175","ev_charging_site_load","project_cost_reduction_only","bill_savings|upfront_cost_reduction","residential_only","electric|none","rate_schedule|annual_kwh|average_cost_per_kwh","peak_kw|demand_charge_rate|time_of_use_periods|contractor_quote_amount|quote_date","parking_spaces|ownership_status|equipment_category","per_unit","cost_per_unit","needs_quote","low","true"
"SOURCE_SCE_BUSINESS:sce_source_section:56574423e5e2b946:base-interruptible-program-bip","no_direct_savings","","no_direct_savings","business_relevant","none","","","","unknown","unknown","unknown","low","true"
"SOURCE_DSIRE:dsire_program_id:5568","electric_usage_reduction","project_cost_reduction_only","bill_savings|upfront_cost_reduction","business_relevant","electric|none","annual_kwh|annual_electric_cost|average_cost_per_kwh","monthly_kwh|rate_schedule|delivery_charges|generation_charges|contractor_quote_amount|quote_date","equipment_category","per_unit","cost_per_unit","needs_bill","medium","true"
"SOURCE_DSIRE:dsire_program_id:22230","ev_charging_site_load","project_cost_reduction_only","bill_savings|upfront_cost_reduction","business_relevant","electric|none","rate_schedule|annual_kwh|average_cost_per_kwh","peak_kw|demand_charge_rate|time_of_use_periods|contractor_quote_amount|quote_date","parking_spaces|ownership_status|equipment_category","per_unit","cost_per_unit","needs_quote","high","false"
"SOURCE_DSIRE:dsire_program_id:2539","ev_charging_site_load","project_cost_reduction_only","bill_savings|upfront_cost_reduction","mixed","electric|none","rate_schedule|annual_kwh|average_cost_per_kwh","peak_kw|demand_charge_rate|time_of_use_periods|contractor_quote_amount|quote_date","parking_spaces|ownership_status|equipment_category","per_unit","cost_per_unit","needs_quote","medium","true"
"SOURCE_DSIRE:dsire_program_id:5354","gas_usage_reduction","project_cost_reduction_only","bill_savings|upfront_cost_reduction","residential_only","gas|none","annual_therms|annual_gas_cost|average_cost_per_therm","monthly_therms|gas_rate_schedule|contractor_quote_amount|quote_date","equipment_category","per_unit","cost_per_unit","needs_bill","low","true"
"SOURCE_DSIRE:dsire_program_id:22565","whole_building_custom_efficiency","hvac_electric_efficiency|gas_usage_reduction|motor_vfd_efficiency|controls_building_automation|water_sewer_reduction","bill_savings|upfront_cost_reduction","residential_only","electric|gas|water_sewer","annual_kwh|annual_electric_cost|average_cost_per_kwh","annual_therms|average_cost_per_therm|peak_kw|demand_charge_rate|square_footage|monthly_kwh|demand_charges|rate_schedule|monthly_therms|gas_rate_schedule|time_of_use_periods|monthly_water_use|water_unit|sewer_cost|meter_size|irrigation_meter_present","project_cost_estimate|equipment_category","per_kwh_saved","benchmark_range","needs_bill","low","true"
"SOURCE_DSIRE:dsire_program_id:2546","whole_building_custom_efficiency","electric_usage_reduction|hvac_electric_efficiency|refrigeration_electric_efficiency|motor_vfd_efficiency|controls_building_automation|commercial_kitchen_equipment_efficiency|battery_tou_demand_savings","bill_savings|upfront_cost_reduction","business_relevant","electric","annual_kwh|annual_electric_cost|average_cost_per_kwh","annual_therms|average_cost_per_therm|peak_kw|demand_charge_rate|square_footage|monthly_kwh|rate_schedule|delivery_charges|generation_charges|demand_charges|time_of_use_periods|annual_water_use|annual_water_cost|annual_sewer_cost|annual_kwh|monthly_peak_kw","project_cost_estimate|equipment_category","per_kwh_saved","benchmark_range","needs_bill","medium","true"
"SOURCE_DSIRE:dsire_program_code_title_hash:OK49F:e2ada733159a","no_direct_savings","","no_direct_savings","public_nonprofit_only","none","","","","unknown","unknown","unknown","low","true"
"SOURCE_DSIRE:dsire_program_id:5451","grant_funding","","upfront_cost_reduction","residential_only","none","project_cost_estimate","contractor_quote_amount","equipment_category|project_timing","grant_amount","contractor_quote_required","needs_quote","low","true"
"SOURCE_DSIRE:dsire_program_id:3326","refrigeration_electric_efficiency","electric_usage_reduction","bill_savings|upfront_cost_reduction","residential_only","electric","annual_kwh|annual_electric_cost|average_cost_per_kwh","monthly_kwh|peak_kw|demand_charges|rate_schedule|delivery_charges|generation_charges","equipment_category|quantity","per_unit","cost_per_unit","needs_equipment_details","low","true"
"SOURCE_DSIRE:dsire_program_id:22649","grant_funding","ev_charging_site_load","bill_savings|upfront_cost_reduction","unknown","none|electric","project_cost_estimate","contractor_quote_amount|peak_kw|demand_charge_rate|time_of_use_periods","equipment_category|project_timing","grant_amount","contractor_quote_required","needs_quote","low","true"
"SOURCE_DSIRE:dsire_program_id:5327","gas_usage_reduction","project_cost_reduction_only","bill_savings|upfront_cost_reduction","residential_only","gas|none","annual_therms|annual_gas_cost|average_cost_per_therm","monthly_therms|gas_rate_schedule|contractor_quote_amount|quote_date","equipment_category","per_unit","cost_per_unit","needs_bill","low","true"
"SOURCE_DSIRE:dsire_program_id:22743","battery_tou_demand_savings","project_cost_reduction_only","bill_savings|upfront_cost_reduction","mixed","electric|none","rate_schedule|time_of_use_periods|peak_kw|demand_charges|demand_charge_rate|monthly_kwh","annual_kwh|monthly_peak_kw|contractor_quote_amount|quote_date","equipment_category","per_unit","cost_per_kwh_storage","needs_equipment_details","medium","true"
"SOURCE_DSIRE:dsire_program_id:4066","electric_usage_reduction","project_cost_reduction_only","bill_savings|upfront_cost_reduction","business_relevant","electric|none","annual_kwh|annual_electric_cost|average_cost_per_kwh","monthly_kwh|rate_schedule|delivery_charges|generation_charges|contractor_quote_amount|quote_date","equipment_category","per_unit","cost_per_unit","needs_bill","medium","true"
"SOURCE_DSIRE:dsire_program_code_title_hash:CO78F:4ce622607633","no_direct_savings","","no_direct_savings","residential_only","none","","","","unknown","unknown","unknown","low","true"
"SOURCE_DSIRE:dsire_program_id:4561","controls_building_automation","","bill_savings|upfront_cost_reduction","residential_only","electric","annual_kwh|rate_schedule","annual_therms|peak_kw|demand_charges|time_of_use_periods","square_footage|equipment_category","per_unit","benchmark_range","needs_equipment_details","low","true"
"SOURCE_DSIRE:dsire_program_id:4532","hvac_electric_efficiency","project_cost_reduction_only","bill_savings|upfront_cost_reduction","business_relevant","electric|none","annual_kwh|annual_electric_cost|average_cost_per_kwh","monthly_kwh|peak_kw|demand_charges|rate_schedule|contractor_quote_amount|quote_date","equipment_category|square_footage","per_unit","cost_per_unit","needs_bill","medium","true"
"SOURCE_DSIRE:dsire_program_id:2813","electric_usage_reduction","project_cost_reduction_only","bill_savings|upfront_cost_reduction","business_relevant","electric|none","annual_kwh|annual_electric_cost|average_cost_per_kwh","monthly_kwh|rate_schedule|delivery_charges|generation_charges|contractor_quote_amount|quote_date","equipment_category","per_unit","cost_per_unit","needs_bill","medium","true"
"SOURCE_DSIRE:dsire_program_id:1574","motor_vfd_efficiency","","bill_savings|upfront_cost_reduction","agriculture_only","electric","annual_kwh|annual_electric_cost|average_cost_per_kwh","peak_kw|demand_charge_rate|monthly_kwh","equipment_category|quantity","per_unit","cost_per_unit","needs_equipment_details","medium","true"
"SOURCE_SILICON_VALLEY_POWER:svp_source_section:6e6b359eb5fc98c0:hvac-system-and-heat-pump-rebates","hvac_electric_efficiency","project_cost_reduction_only","bill_savings|upfront_cost_reduction","business_relevant","electric|none","annual_kwh|annual_electric_cost|average_cost_per_kwh","monthly_kwh|peak_kw|demand_charges|rate_schedule|contractor_quote_amount|quote_date","equipment_category|square_footage","per_unit","cost_per_unit","needs_bill","high","false"
"SOURCE_DSIRE:dsire_program_id:22353","fleet_fuel_replacement","ev_charging_site_load","bill_savings|upfront_cost_reduction","residential_only","fuel|electric","annual_gallons|annual_fuel_cost|average_cost_per_gallon|vehicle_count","estimated_miles|fuel_type|monthly_fuel_cost|rate_schedule|average_cost_per_kwh|peak_kw|demand_charge_rate|time_of_use_periods","vehicle_count","per_unit","cost_per_unit","needs_equipment_details","low","true"
"SOURCE_DSIRE:dsire_program_id:3584","envelope_insulation_savings","project_cost_reduction_only","bill_savings|upfront_cost_reduction","residential_only","gas|none","annual_therms|annual_gas_cost|average_cost_per_therm","annual_kwh|average_cost_per_kwh|square_footage|contractor_quote_amount|quote_date","square_footage|equipment_category","per_unit","cost_per_sqft","needs_bill","low","true"
"SOURCE_DSIRE:dsire_program_id:1237","sales_or_property_tax_exemption","solar_electric_offset|hvac_electric_efficiency|motor_vfd_efficiency","bill_savings|tax_benefit","mixed","none|electric","project_cost_estimate","ownership_status|tax_entity_type|contractor_quote_amount|time_of_use_periods|demand_charges|generation_charges|delivery_charges|monthly_kwh|peak_kw|rate_schedule|demand_charge_rate","equipment_category","tax_exemption","benchmark_range","needs_tax_review","medium","true"
"SOURCE_DSIRE:dsire_program_id:3405","ev_charging_site_load","project_cost_reduction_only","bill_savings|upfront_cost_reduction","mixed","electric|none","rate_schedule|annual_kwh|average_cost_per_kwh","peak_kw|demand_charge_rate|time_of_use_periods|contractor_quote_amount|quote_date","parking_spaces|ownership_status|equipment_category","per_unit","cost_per_unit","needs_quote","high","true"
"SOURCE_DSIRE:dsire_program_id:1406","whole_building_custom_efficiency","gas_usage_reduction|controls_building_automation|commercial_kitchen_equipment_efficiency|battery_tou_demand_savings","bill_savings|upfront_cost_reduction","business_relevant","electric|gas","annual_kwh|annual_electric_cost|average_cost_per_kwh","annual_therms|average_cost_per_therm|peak_kw|demand_charge_rate|square_footage|monthly_therms|gas_rate_schedule|demand_charges|time_of_use_periods|annual_water_use|annual_water_cost|annual_sewer_cost|annual_kwh|monthly_peak_kw","project_cost_estimate|equipment_category","per_kwh_saved","benchmark_range","needs_bill","medium","true"
"SOURCE_DSIRE:dsire_program_id:5306","financing_cash_flow","","financing","residential_only","none","project_cost_estimate|interest_rate|financing_term_years","down_payment|contractor_quote_amount","equipment_category","financing","contractor_quote_required","needs_quote","low","true"
"SOURCE_CA_ENERGY_COMMISSION:cec_url_hash:url_hash:d963294fc78fe4aa","grant_funding","electric_usage_reduction|battery_tou_demand_savings","bill_savings|upfront_cost_reduction","business_relevant","none|electric","project_cost_estimate","contractor_quote_amount|monthly_kwh|rate_schedule|delivery_charges|generation_charges|annual_kwh|monthly_peak_kw","equipment_category|project_timing","grant_amount","contractor_quote_required","needs_quote","high","false"
"SOURCE_DSIRE:dsire_program_id:3595","whole_building_custom_efficiency","electric_usage_reduction|hvac_electric_efficiency|gas_usage_reduction|refrigeration_electric_efficiency|motor_vfd_efficiency|controls_building_automation|water_sewer_reduction","bill_savings|upfront_cost_reduction","residential_only","electric|gas|water_sewer","annual_kwh|annual_electric_cost|average_cost_per_kwh","annual_therms|average_cost_per_therm|peak_kw|demand_charge_rate|square_footage|monthly_kwh|rate_schedule|delivery_charges|generation_charges|demand_charges|monthly_therms|gas_rate_schedule|time_of_use_periods|monthly_water_use|water_unit|sewer_cost|meter_size|irrigation_meter_present","project_cost_estimate|equipment_category","per_kwh_saved","benchmark_range","needs_bill","low","true"
"SOURCE_DSIRE:dsire_program_id:3327","motor_vfd_efficiency","","bill_savings|upfront_cost_reduction","business_relevant","electric","annual_kwh|annual_electric_cost|average_cost_per_kwh","peak_kw|demand_charge_rate|monthly_kwh","equipment_category|quantity","per_unit","cost_per_unit","needs_equipment_details","medium","true"
"SOURCE_DSIRE:dsire_program_id:22509","gas_usage_reduction","project_cost_reduction_only","bill_savings|upfront_cost_reduction","residential_only","gas|none","annual_therms|annual_gas_cost|average_cost_per_therm","monthly_therms|gas_rate_schedule|contractor_quote_amount|quote_date","equipment_category","per_unit","cost_per_unit","needs_bill","low","true"
"SOURCE_DSIRE:dsire_program_id:22668","grant_funding","","upfront_cost_reduction","residential_only","none","project_cost_estimate","contractor_quote_amount","equipment_category|project_timing","grant_amount","contractor_quote_required","needs_quote","low","true"
"SOURCE_DSIRE:dsire_program_id:2006","motor_vfd_efficiency","","bill_savings|upfront_cost_reduction","residential_only","electric","annual_kwh|annual_electric_cost|average_cost_per_kwh","peak_kw|demand_charge_rate|monthly_kwh","equipment_category|quantity","per_unit","cost_per_unit","needs_equipment_details","low","true"
"SOURCE_DSIRE:dsire_program_id:1144","motor_vfd_efficiency","","bill_savings|upfront_cost_reduction","mixed","electric","annual_kwh|annual_electric_cost|average_cost_per_kwh","peak_kw|demand_charge_rate|monthly_kwh","equipment_category|quantity","per_unit","cost_per_unit","needs_equipment_details","medium","true"
"SOURCE_DSIRE:dsire_program_id:1951","ev_charging_site_load","project_cost_reduction_only","bill_savings|upfront_cost_reduction","residential_only","electric|none","rate_schedule|annual_kwh|average_cost_per_kwh","peak_kw|demand_charge_rate|time_of_use_periods|contractor_quote_amount|quote_date","parking_spaces|ownership_status|equipment_category","per_unit","cost_per_unit","needs_quote","low","true"
"SOURCE_DSIRE:dsire_program_id:2680","refrigeration_electric_efficiency","electric_usage_reduction","bill_savings|upfront_cost_reduction","residential_only","electric","annual_kwh|annual_electric_cost|average_cost_per_kwh","monthly_kwh|peak_kw|demand_charges|rate_schedule|delivery_charges|generation_charges","equipment_category|quantity","per_unit","cost_per_unit","needs_equipment_details","low","true"
"SOURCE_SILICON_VALLEY_POWER:svp_source_section:1d7fb8b47c82890e:load-development-fee-credit-program","fleet_fuel_replacement","ev_charging_site_load","bill_savings|upfront_cost_reduction","mixed","fuel|electric","annual_gallons|annual_fuel_cost|average_cost_per_gallon|vehicle_count","estimated_miles|fuel_type|monthly_fuel_cost|rate_schedule|average_cost_per_kwh|peak_kw|demand_charge_rate|time_of_use_periods","vehicle_count","per_unit","cost_per_unit","needs_equipment_details","medium","true"
"SOURCE_DSIRE:dsire_program_id:22788","grant_funding","","upfront_cost_reduction","unknown","none","project_cost_estimate","contractor_quote_amount","equipment_category|project_timing","grant_amount","contractor_quote_required","needs_quote","low","true"
"SOURCE_DSIRE:dsire_program_id:3916","gas_usage_reduction","project_cost_reduction_only","bill_savings|upfront_cost_reduction","business_relevant","gas|none","annual_therms|annual_gas_cost|average_cost_per_therm","monthly_therms|gas_rate_schedule|contractor_quote_amount|quote_date","equipment_category","per_unit","cost_per_unit","needs_bill","medium","true"
"SOURCE_DSIRE:dsire_program_id:5537","pace_or_on_bill_financing","","financing","mixed","none","project_cost_estimate|financing_term_years|interest_rate","ownership_status|down_payment|annual_electric_cost|annual_gas_cost","ownership_status","financing","contractor_quote_required","needs_quote","high","true"
"SOURCE_DSIRE:dsire_program_id:22732","grant_funding","electric_usage_reduction","bill_savings|upfront_cost_reduction","unknown","none|electric","project_cost_estimate","contractor_quote_amount|monthly_kwh|rate_schedule|delivery_charges|generation_charges","equipment_category|project_timing","grant_amount","contractor_quote_required","needs_quote","low","true"
"SOURCE_DSIRE:dsire_program_id:2182","ev_charging_site_load","project_cost_reduction_only","bill_savings|upfront_cost_reduction","mixed","electric|none","rate_schedule|annual_kwh|average_cost_per_kwh","peak_kw|demand_charge_rate|time_of_use_periods|contractor_quote_amount|quote_date","parking_spaces|ownership_status|equipment_category","per_unit","cost_per_unit","needs_quote","medium","true"
"SOURCE_DSIRE:dsire_program_id:22655","grant_funding","electric_usage_reduction|ev_charging_site_load","bill_savings|upfront_cost_reduction","unknown","none|electric","project_cost_estimate","contractor_quote_amount|monthly_kwh|rate_schedule|delivery_charges|generation_charges|peak_kw|demand_charge_rate|time_of_use_periods","equipment_category|project_timing","grant_amount","contractor_quote_required","needs_quote","low","true"
"SOURCE_CA_ENERGY_COMMISSION:cec_solicitation_number:GFO-23-304","grant_funding","","upfront_cost_reduction","business_relevant","none","project_cost_estimate","contractor_quote_amount","equipment_category|project_timing","grant_amount","contractor_quote_required","needs_quote","high","false"
"SOURCE_DSIRE:dsire_program_id:22454","ev_charging_site_load","project_cost_reduction_only","bill_savings|upfront_cost_reduction","mixed","electric|none","rate_schedule|annual_kwh|average_cost_per_kwh","peak_kw|demand_charge_rate|time_of_use_periods|contractor_quote_amount|quote_date","parking_spaces|ownership_status|equipment_category","per_unit","cost_per_unit","needs_quote","medium","true"
"SOURCE_DSIRE:dsire_program_id:5712","grant_funding","","upfront_cost_reduction","residential_only","none","project_cost_estimate","contractor_quote_amount","equipment_category|project_timing","grant_amount","contractor_quote_required","needs_quote","low","true"
"SOURCE_DSIRE:dsire_program_id:22490","tax_benefit_project_cost_reduction","battery_tou_demand_savings","bill_savings|tax_benefit","residential_only","none|electric","project_cost_estimate|tax_entity_type","ownership_status|tax_appetite_unknown|contractor_quote_amount|annual_kwh|monthly_peak_kw","equipment_category","tax_credit","benchmark_range","needs_tax_review","low","true"
"SOURCE_DSIRE:dsire_program_id:22208","fleet_fuel_replacement","ev_charging_site_load","bill_savings|upfront_cost_reduction","mixed","fuel|electric","annual_gallons|annual_fuel_cost|average_cost_per_gallon|vehicle_count","estimated_miles|fuel_type|monthly_fuel_cost|rate_schedule|average_cost_per_kwh|peak_kw|demand_charge_rate|time_of_use_periods","vehicle_count","per_unit","cost_per_unit","needs_equipment_details","high","true"
"SOURCE_DSIRE:dsire_program_id:22085","financing_cash_flow","","financing","mixed","none","project_cost_estimate|interest_rate|financing_term_years","down_payment|contractor_quote_amount","equipment_category","financing","contractor_quote_required","needs_quote","high","true"
"SOURCE_SILICON_VALLEY_POWER:svp_source_section:f69ab77394818965:energy-survey","electric_usage_reduction","project_cost_reduction_only","bill_savings|upfront_cost_reduction","business_relevant","electric|none","annual_kwh|annual_electric_cost|average_cost_per_kwh","monthly_kwh|rate_schedule|delivery_charges|generation_charges|contractor_quote_amount|quote_date","equipment_category","per_unit","cost_per_unit","needs_bill","medium","true"
"SOURCE_DSIRE:dsire_program_id:22522","motor_vfd_efficiency","","bill_savings|upfront_cost_reduction","residential_only","electric","annual_kwh|annual_electric_cost|average_cost_per_kwh","peak_kw|demand_charge_rate|monthly_kwh","equipment_category|quantity","per_unit","cost_per_unit","needs_equipment_details","low","true"
"SOURCE_DSIRE:dsire_program_id:5795","gas_usage_reduction","project_cost_reduction_only","bill_savings|upfront_cost_reduction","residential_only","gas|none","annual_therms|annual_gas_cost|average_cost_per_therm","monthly_therms|gas_rate_schedule|contractor_quote_amount|quote_date","equipment_category","per_unit","cost_per_unit","needs_bill","low","true"
"SOURCE_CA_ENERGY_COMMISSION:cec_solicitation_number:GFO-22-305","grant_funding","","upfront_cost_reduction","mixed","none","project_cost_estimate","contractor_quote_amount","equipment_category|project_timing","grant_amount","contractor_quote_required","needs_quote","high","true"
"SOURCE_DSIRE:dsire_program_id:22185","grant_funding","motor_vfd_efficiency|battery_tou_demand_savings","bill_savings|upfront_cost_reduction","public_nonprofit_only","none|electric","project_cost_estimate","contractor_quote_amount|peak_kw|demand_charge_rate|monthly_kwh|annual_kwh|monthly_peak_kw","equipment_category|project_timing","grant_amount","contractor_quote_required","needs_quote","high","true"
"SOURCE_DSIRE:dsire_program_id:4691","motor_vfd_efficiency","","bill_savings|upfront_cost_reduction","business_relevant","electric","annual_kwh|annual_electric_cost|average_cost_per_kwh","peak_kw|demand_charge_rate|monthly_kwh","equipment_category|quantity","per_unit","cost_per_unit","needs_equipment_details","medium","true"
"SOURCE_DSIRE:dsire_program_id:2590","ev_charging_site_load","project_cost_reduction_only","bill_savings|upfront_cost_reduction","mixed","electric|none","rate_schedule|annual_kwh|average_cost_per_kwh","peak_kw|demand_charge_rate|time_of_use_periods|contractor_quote_amount|quote_date","parking_spaces|ownership_status|equipment_category","per_unit","cost_per_unit","needs_quote","medium","true"
"SOURCE_DSIRE:dsire_program_id:5171","refrigeration_electric_efficiency","electric_usage_reduction","bill_savings|upfront_cost_reduction","public_nonprofit_only","electric","annual_kwh|annual_electric_cost|average_cost_per_kwh","monthly_kwh|peak_kw|demand_charges|rate_schedule|delivery_charges|generation_charges","equipment_category|quantity","per_unit","cost_per_unit","needs_equipment_details","medium","true"
"SOURCE_DSIRE:dsire_program_id:5137","motor_vfd_efficiency","","bill_savings|upfront_cost_reduction","residential_only","electric","annual_kwh|annual_electric_cost|average_cost_per_kwh","peak_kw|demand_charge_rate|monthly_kwh","equipment_category|quantity","per_unit","cost_per_unit","needs_equipment_details","low","true"
"SOURCE_DSIRE:dsire_program_id:1589","refrigeration_electric_efficiency","electric_usage_reduction","bill_savings|upfront_cost_reduction","business_relevant","electric","annual_kwh|annual_electric_cost|average_cost_per_kwh","monthly_kwh|peak_kw|demand_charges|rate_schedule|delivery_charges|generation_charges","equipment_category|quantity","per_unit","cost_per_unit","needs_equipment_details","medium","true"
"SOURCE_DSIRE:dsire_program_id:22766","fleet_fuel_replacement","ev_charging_site_load","bill_savings|upfront_cost_reduction","mixed","fuel|electric","annual_gallons|annual_fuel_cost|average_cost_per_gallon|vehicle_count","estimated_miles|fuel_type|monthly_fuel_cost|rate_schedule|average_cost_per_kwh|peak_kw|demand_charge_rate|time_of_use_periods","vehicle_count","per_unit","cost_per_unit","needs_equipment_details","medium","true"
"SOURCE_DSIRE:dsire_program_id:5410","financing_cash_flow","controls_building_automation","bill_savings|financing","unknown","none|electric","project_cost_estimate|interest_rate|financing_term_years","down_payment|contractor_quote_amount|annual_therms|peak_kw|demand_charges|time_of_use_periods","equipment_category","financing","contractor_quote_required","needs_quote","low","true"
"SOURCE_DSIRE:dsire_program_id:2112","financing_cash_flow","electric_usage_reduction|hvac_electric_efficiency|motor_vfd_efficiency","bill_savings|financing","residential_only","none|electric","project_cost_estimate|interest_rate|financing_term_years","down_payment|contractor_quote_amount|monthly_kwh|rate_schedule|delivery_charges|generation_charges|peak_kw|demand_charges|demand_charge_rate","equipment_category","financing","contractor_quote_required","needs_quote","low","true"
"SOURCE_DSIRE:dsire_program_id:1051","financing_cash_flow","","financing","business_relevant","none","project_cost_estimate|interest_rate|financing_term_years","down_payment|contractor_quote_amount","equipment_category","financing","contractor_quote_required","needs_quote","high","false"
"SOURCE_SDGE_BUSINESS:program_url:sdge_com_node_21401","ev_charging_site_load","project_cost_reduction_only","bill_savings|upfront_cost_reduction","mixed","electric|none","rate_schedule|annual_kwh|average_cost_per_kwh","peak_kw|demand_charge_rate|time_of_use_periods|contractor_quote_amount|quote_date","parking_spaces|ownership_status|equipment_category","per_unit","cost_per_unit","needs_quote","high","true"
"SOURCE_DSIRE:dsire_program_id:3029","whole_building_custom_efficiency","electric_usage_reduction|hvac_electric_efficiency|gas_usage_reduction|refrigeration_electric_efficiency|motor_vfd_efficiency|commercial_kitchen_equipment_efficiency|water_sewer_reduction","bill_savings|upfront_cost_reduction","residential_only","electric|gas|water_sewer","annual_kwh|annual_electric_cost|average_cost_per_kwh","annual_therms|average_cost_per_therm|peak_kw|demand_charge_rate|square_footage|monthly_kwh|rate_schedule|delivery_charges|generation_charges|demand_charges|monthly_therms|gas_rate_schedule|annual_water_use|annual_water_cost|annual_sewer_cost|monthly_water_use|water_unit|sewer_cost|meter_size|irrigation_meter_present","project_cost_estimate|equipment_category","per_kwh_saved","benchmark_range","needs_bill","low","true"
"SOURCE_DSIRE:dsire_program_id:22714","battery_tou_demand_savings","project_cost_reduction_only","bill_savings|upfront_cost_reduction","business_relevant","electric|none","rate_schedule|time_of_use_periods|peak_kw|demand_charges|demand_charge_rate|monthly_kwh","annual_kwh|monthly_peak_kw|contractor_quote_amount|quote_date","equipment_category","per_unit","cost_per_kwh_storage","needs_equipment_details","medium","true"
"SOURCE_DSIRE:dsire_program_id:2426","battery_tou_demand_savings","project_cost_reduction_only","bill_savings|upfront_cost_reduction","residential_only","electric|none","rate_schedule|time_of_use_periods|peak_kw|demand_charges|demand_charge_rate|monthly_kwh","annual_kwh|monthly_peak_kw|contractor_quote_amount|quote_date","equipment_category","per_unit","cost_per_kwh_storage","needs_equipment_details","low","true"
"SOURCE_DSIRE:dsire_program_id:22333","ev_charging_site_load","project_cost_reduction_only","bill_savings|upfront_cost_reduction","mixed","electric|none","rate_schedule|annual_kwh|average_cost_per_kwh","peak_kw|demand_charge_rate|time_of_use_periods|contractor_quote_amount|quote_date","parking_spaces|ownership_status|equipment_category","per_unit","cost_per_unit","needs_quote","medium","true"
"SOURCE_DSIRE:dsire_program_id:5351","net_metering_or_export_value","solar_electric_offset","bill_savings|policy_or_permitting","agriculture_only","electric","annual_kwh|monthly_kwh|rate_schedule","time_of_use_periods|generation_charges|delivery_charges|demand_charges","equipment_category|roof_area","unknown","unknown","policy_only","low","true"
"SOURCE_DSIRE:dsire_program_id:5166","solar_electric_offset","project_cost_reduction_only","bill_savings|upfront_cost_reduction","residential_only","electric|none","annual_kwh|monthly_kwh|average_cost_per_kwh|rate_schedule","time_of_use_periods|demand_charges|generation_charges|delivery_charges|contractor_quote_amount|quote_date","roof_area|ownership_status","per_kw","cost_per_kw","needs_bill","low","true"
"SOURCE_DSIRE:dsire_program_id:22481","ev_charging_site_load","project_cost_reduction_only","bill_savings|upfront_cost_reduction","residential_only","electric|none","rate_schedule|annual_kwh|average_cost_per_kwh","peak_kw|demand_charge_rate|time_of_use_periods|contractor_quote_amount|quote_date","parking_spaces|ownership_status|equipment_category","per_unit","cost_per_unit","needs_quote","low","true"
"SOURCE_DSIRE:dsire_program_id:5747","financing_cash_flow","electric_usage_reduction","bill_savings|financing","public_nonprofit_only","none|electric","project_cost_estimate|interest_rate|financing_term_years","down_payment|contractor_quote_amount|monthly_kwh|rate_schedule|delivery_charges|generation_charges","equipment_category","financing","contractor_quote_required","needs_quote","high","true"
"SOURCE_DSIRE:dsire_program_id:22501","sales_or_property_tax_exemption","battery_tou_demand_savings","bill_savings|tax_benefit","business_relevant","none|electric","project_cost_estimate","ownership_status|tax_entity_type|contractor_quote_amount|annual_kwh|monthly_peak_kw","equipment_category","tax_exemption","benchmark_range","needs_tax_review","medium","false"
"SOURCE_DSIRE:dsire_program_id:49","tax_benefit_project_cost_reduction","electric_usage_reduction|solar_electric_offset","bill_savings|tax_benefit","mixed","none|electric","project_cost_estimate|tax_entity_type","ownership_status|tax_appetite_unknown|contractor_quote_amount|monthly_kwh|rate_schedule|delivery_charges|generation_charges|time_of_use_periods|demand_charges","equipment_category","tax_credit","benchmark_range","needs_tax_review","medium","true"
"SOURCE_DSIRE:dsire_program_id:5448","financing_cash_flow","solar_electric_offset|hvac_electric_efficiency|motor_vfd_efficiency","bill_savings|financing","business_relevant","none|electric","project_cost_estimate|interest_rate|financing_term_years","down_payment|contractor_quote_amount|time_of_use_periods|demand_charges|generation_charges|delivery_charges|monthly_kwh|peak_kw|rate_schedule|demand_charge_rate","equipment_category","financing","contractor_quote_required","needs_quote","medium","true"
"SOURCE_CA_ENERGY_COMMISSION:cec_solicitation_number:GFO-22-302","grant_funding","battery_tou_demand_savings","bill_savings|upfront_cost_reduction","public_nonprofit_only","none|electric","project_cost_estimate","contractor_quote_amount|annual_kwh|monthly_peak_kw","equipment_category|project_timing","grant_amount","contractor_quote_required","needs_quote","medium","true"
"SOURCE_CA_ENERGY_COMMISSION:cec_solicitation_number:GFO-24-604","grant_funding","ev_charging_site_load","bill_savings|upfront_cost_reduction","business_relevant","none|electric","project_cost_estimate","contractor_quote_amount|peak_kw|demand_charge_rate|time_of_use_periods","equipment_category|project_timing","grant_amount","contractor_quote_required","needs_quote","high","false"
"SOURCE_DSIRE:dsire_program_id:22278","ev_charging_site_load","project_cost_reduction_only","bill_savings|upfront_cost_reduction","residential_only","electric|none","rate_schedule|annual_kwh|average_cost_per_kwh","peak_kw|demand_charge_rate|time_of_use_periods|contractor_quote_amount|quote_date","parking_spaces|ownership_status|equipment_category","per_unit","cost_per_unit","needs_quote","low","true"
"SOURCE_DSIRE:dsire_program_id:5564","financing_cash_flow","electric_usage_reduction|controls_building_automation","bill_savings|financing","residential_only","none|electric","project_cost_estimate|interest_rate|financing_term_years","down_payment|contractor_quote_amount|monthly_kwh|rate_schedule|delivery_charges|generation_charges|annual_therms|peak_kw|demand_charges|time_of_use_periods","equipment_category","financing","contractor_quote_required","needs_quote","low","true"
"SOURCE_DSIRE:dsire_program_id:1394","commercial_kitchen_equipment_efficiency","water_sewer_reduction","bill_savings|upfront_cost_reduction","business_relevant","electric|water_sewer","annual_kwh|annual_electric_cost|average_cost_per_kwh","annual_therms|average_cost_per_therm|annual_water_use|annual_water_cost|annual_sewer_cost|monthly_water_use|water_unit|sewer_cost|meter_size|irrigation_meter_present","equipment_category|quantity","per_unit","cost_per_unit","needs_equipment_details","high","false"
"SOURCE_DSIRE:dsire_program_id:4177","pace_or_on_bill_financing","","financing","mixed","none","project_cost_estimate|financing_term_years|interest_rate","ownership_status|down_payment|annual_electric_cost|annual_gas_cost","ownership_status","financing","contractor_quote_required","needs_quote","high","true"
"SOURCE_SDGE_BUSINESS:program_url:sdge_com_edr","program_rule_value_only","","policy_or_permitting","mixed","none","","service_address|utility_provider","project_timing","unknown","unknown","policy_only","low","true"
"SOURCE_DSIRE:dsire_program_id:3020","gas_usage_reduction","project_cost_reduction_only","bill_savings|upfront_cost_reduction","residential_only","gas|none","annual_therms|annual_gas_cost|average_cost_per_therm","monthly_therms|gas_rate_schedule|contractor_quote_amount|quote_date","equipment_category","per_unit","cost_per_unit","needs_bill","low","true"
"SOURCE_DSIRE:dsire_program_id:4527","whole_building_custom_efficiency","hvac_electric_efficiency|gas_usage_reduction|refrigeration_electric_efficiency|motor_vfd_efficiency|commercial_kitchen_equipment_efficiency|water_sewer_reduction","bill_savings|upfront_cost_reduction","residential_only","electric|gas|water_sewer","annual_kwh|annual_electric_cost|average_cost_per_kwh","annual_therms|average_cost_per_therm|peak_kw|demand_charge_rate|square_footage|monthly_kwh|demand_charges|rate_schedule|monthly_therms|gas_rate_schedule|annual_water_use|annual_water_cost|annual_sewer_cost|monthly_water_use|water_unit|sewer_cost|meter_size|irrigation_meter_present","project_cost_estimate|equipment_category","per_kwh_saved","benchmark_range","needs_bill","low","true"
"SOURCE_DSIRE:dsire_program_id:2961","motor_vfd_efficiency","","bill_savings|upfront_cost_reduction","residential_only","electric","annual_kwh|annual_electric_cost|average_cost_per_kwh","peak_kw|demand_charge_rate|monthly_kwh","equipment_category|quantity","per_unit","cost_per_unit","needs_equipment_details","low","true"
"SOURCE_DSIRE:dsire_program_id:22127","fleet_fuel_replacement","ev_charging_site_load","bill_savings|upfront_cost_reduction","business_relevant","fuel|electric","annual_gallons|annual_fuel_cost|average_cost_per_gallon|vehicle_count","estimated_miles|fuel_type|monthly_fuel_cost|rate_schedule|average_cost_per_kwh|peak_kw|demand_charge_rate|time_of_use_periods","vehicle_count","per_unit","cost_per_unit","needs_equipment_details","medium","true"
"SOURCE_DSIRE:dsire_program_id:4982","grant_funding","electric_usage_reduction|hvac_electric_efficiency|refrigeration_electric_efficiency","bill_savings|upfront_cost_reduction","public_nonprofit_only","none|electric","project_cost_estimate","contractor_quote_amount|monthly_kwh|rate_schedule|delivery_charges|generation_charges|peak_kw|demand_charges","equipment_category|project_timing","grant_amount","contractor_quote_required","needs_quote","medium","true"
"SOURCE_CA_ENERGY_COMMISSION:cec_solicitation_number:GFO-21-402","program_rule_value_only","","policy_or_permitting","residential_only","none","","service_address|utility_provider","project_timing","unknown","unknown","policy_only","low","true"
"SOURCE_DSIRE:dsire_program_id:22404","ev_charging_site_load","project_cost_reduction_only","bill_savings|upfront_cost_reduction","unknown","electric|none","rate_schedule|annual_kwh|average_cost_per_kwh","peak_kw|demand_charge_rate|time_of_use_periods|contractor_quote_amount|quote_date","parking_spaces|ownership_status|equipment_category","per_unit","cost_per_unit","needs_quote","low","true"
"SOURCE_DSIRE:dsire_program_id:5725","grant_funding","","upfront_cost_reduction","residential_only","none","project_cost_estimate","contractor_quote_amount","equipment_category|project_timing","grant_amount","contractor_quote_required","needs_quote","low","true"
"SOURCE_DSIRE:dsire_program_id:22478","financing_cash_flow","","financing","business_relevant","none","project_cost_estimate|interest_rate|financing_term_years","down_payment|contractor_quote_amount","equipment_category","financing","contractor_quote_required","needs_quote","medium","true"
"SOURCE_DSIRE:dsire_program_id:5796","refrigeration_electric_efficiency","electric_usage_reduction","bill_savings|upfront_cost_reduction","business_relevant","electric","annual_kwh|annual_electric_cost|average_cost_per_kwh","monthly_kwh|peak_kw|demand_charges|rate_schedule|delivery_charges|generation_charges","equipment_category|quantity","per_unit","cost_per_unit","needs_equipment_details","medium","true"
"SOURCE_DSIRE:dsire_program_id:3677","program_rule_value_only","","policy_or_permitting","business_relevant","none","","service_address|utility_provider","project_timing","unknown","unknown","policy_only","low","true"
"SOURCE_DSIRE:dsire_program_id:2039","fleet_fuel_replacement","ev_charging_site_load","bill_savings|upfront_cost_reduction","mixed","fuel|electric","annual_gallons|annual_fuel_cost|average_cost_per_gallon|vehicle_count","estimated_miles|fuel_type|monthly_fuel_cost|rate_schedule|average_cost_per_kwh|peak_kw|demand_charge_rate|time_of_use_periods","vehicle_count","per_unit","cost_per_unit","needs_equipment_details","medium","true"
"SOURCE_DSIRE:dsire_program_id:22719","motor_vfd_efficiency","","bill_savings|upfront_cost_reduction","residential_only","electric","annual_kwh|annual_electric_cost|average_cost_per_kwh","peak_kw|demand_charge_rate|monthly_kwh","equipment_category|quantity","per_unit","cost_per_unit","needs_equipment_details","low","true"
"SOURCE_SCE_BUSINESS:sce_source_section:56574423e5e2b946:demand-response-aggregator-options","program_rule_value_only","","policy_or_permitting","business_relevant","none","","service_address|utility_provider","project_timing","unknown","unknown","policy_only","low","true"
"SOURCE_DSIRE:dsire_program_id:4639","refrigeration_electric_efficiency","electric_usage_reduction","bill_savings|upfront_cost_reduction","business_relevant","electric","annual_kwh|annual_electric_cost|average_cost_per_kwh","monthly_kwh|peak_kw|demand_charges|rate_schedule|delivery_charges|generation_charges","equipment_category|quantity","per_unit","cost_per_unit","needs_equipment_details","medium","true"
"SOURCE_DSIRE:dsire_program_id:3107","program_rule_value_only","","policy_or_permitting","residential_only","none","","service_address|utility_provider","project_timing","unknown","unknown","policy_only","low","true"
"SOURCE_DSIRE:dsire_program_id:2755","sales_or_property_tax_exemption","","tax_benefit","unknown","none","project_cost_estimate","ownership_status|tax_entity_type|contractor_quote_amount","equipment_category","tax_exemption","benchmark_range","needs_tax_review","low","true"
"SOURCE_DSIRE:dsire_program_id:5872","tax_benefit_project_cost_reduction","battery_tou_demand_savings","bill_savings|tax_benefit","mixed","none|electric","project_cost_estimate|tax_entity_type","ownership_status|tax_appetite_unknown|contractor_quote_amount|annual_kwh|monthly_peak_kw","equipment_category","tax_credit","benchmark_range","needs_tax_review","medium","true"
"SOURCE_DSIRE:dsire_program_id:1658","refrigeration_electric_efficiency","electric_usage_reduction","bill_savings|upfront_cost_reduction","business_relevant","electric","annual_kwh|annual_electric_cost|average_cost_per_kwh","monthly_kwh|peak_kw|demand_charges|rate_schedule|delivery_charges|generation_charges","equipment_category|quantity","per_unit","cost_per_unit","needs_equipment_details","medium","true"
"SOURCE_CA_ENERGY_COMMISSION:cec_solicitation_number:GFO-22-615","grant_funding","","upfront_cost_reduction","business_relevant","none","project_cost_estimate","contractor_quote_amount","equipment_category|project_timing","grant_amount","contractor_quote_required","needs_quote","high","false"
"SOURCE_DSIRE:dsire_program_id:5869","pace_or_on_bill_financing","","financing","mixed","none","project_cost_estimate|financing_term_years|interest_rate","ownership_status|down_payment|annual_electric_cost|annual_gas_cost","ownership_status","financing","contractor_quote_required","needs_quote","high","true"
"SOURCE_DSIRE:dsire_program_id:2364","refrigeration_electric_efficiency","electric_usage_reduction","bill_savings|upfront_cost_reduction","residential_only","electric","annual_kwh|annual_electric_cost|average_cost_per_kwh","monthly_kwh|peak_kw|demand_charges|rate_schedule|delivery_charges|generation_charges","equipment_category|quantity","per_unit","cost_per_unit","needs_equipment_details","low","true"
"SOURCE_CA_ENERGY_COMMISSION:cec_solicitation_number:GFO-25-304","grant_funding","","upfront_cost_reduction","business_relevant","none","project_cost_estimate","contractor_quote_amount","equipment_category|project_timing","grant_amount","contractor_quote_required","needs_quote","high","false"
"SOURCE_DSIRE:dsire_program_id:5681","grant_funding","electric_usage_reduction","bill_savings|upfront_cost_reduction","agriculture_only","none|electric","project_cost_estimate","contractor_quote_amount|monthly_kwh|rate_schedule|delivery_charges|generation_charges","equipment_category|project_timing","grant_amount","contractor_quote_required","needs_quote","high","true"
"SOURCE_DSIRE:dsire_program_id:5205","interconnection_or_grid_access_value","","policy_or_permitting","business_relevant","none","","utility_provider|service_address|rate_schedule","equipment_category|project_timing","unknown","unknown","policy_only","low","true"
"SOURCE_DSIRE:dsire_program_id:5152","financing_cash_flow","gas_usage_reduction","bill_savings|financing","mixed","none|gas","project_cost_estimate|interest_rate|financing_term_years","down_payment|contractor_quote_amount|monthly_therms|gas_rate_schedule","equipment_category","financing","contractor_quote_required","needs_quote","medium","true"
"SOURCE_DSIRE:dsire_program_id:219","sales_or_property_tax_exemption","","tax_benefit","unknown","none","project_cost_estimate","ownership_status|tax_entity_type|contractor_quote_amount","equipment_category","tax_exemption","benchmark_range","needs_tax_review","low","true"
"SOURCE_DSIRE:dsire_program_id:22726","whole_building_custom_efficiency","electric_usage_reduction|hvac_electric_efficiency|gas_usage_reduction|motor_vfd_efficiency","bill_savings|upfront_cost_reduction","residential_only","electric|gas","annual_kwh|annual_electric_cost|average_cost_per_kwh","annual_therms|average_cost_per_therm|peak_kw|demand_charge_rate|square_footage|monthly_kwh|rate_schedule|delivery_charges|generation_charges|demand_charges|monthly_therms|gas_rate_schedule","project_cost_estimate|equipment_category","per_kwh_saved","benchmark_range","needs_bill","low","true"
"SOURCE_CA_ENERGY_COMMISSION:cec_solicitation_number:GFO-25-603","grant_funding","","upfront_cost_reduction","business_relevant","none","project_cost_estimate","contractor_quote_amount","equipment_category|project_timing","grant_amount","contractor_quote_required","needs_quote","high","false"
"SOURCE_DSIRE:dsire_program_id:630","interconnection_or_grid_access_value","","policy_or_permitting","mixed","none","","utility_provider|service_address|rate_schedule","equipment_category|project_timing","unknown","unknown","policy_only","low","true"
"SOURCE_DSIRE:dsire_program_id:4242","program_rule_value_only","","policy_or_permitting","business_relevant","none","","service_address|utility_provider","project_timing","unknown","unknown","policy_only","low","true"
"SOURCE_DSIRE:dsire_program_id:22103","refrigeration_electric_efficiency","electric_usage_reduction","bill_savings|upfront_cost_reduction","business_relevant","electric","annual_kwh|annual_electric_cost|average_cost_per_kwh","monthly_kwh|peak_kw|demand_charges|rate_schedule|delivery_charges|generation_charges","equipment_category|quantity","per_unit","cost_per_unit","needs_equipment_details","medium","true"
"SOURCE_DSIRE:dsire_program_id:3538","pace_or_on_bill_financing","","financing","mixed","none","project_cost_estimate|financing_term_years|interest_rate","ownership_status|down_payment|annual_electric_cost|annual_gas_cost","ownership_status","financing","contractor_quote_required","needs_quote","high","true"
"SOURCE_DSIRE:dsire_program_id:1663","whole_building_custom_efficiency","electric_usage_reduction|hvac_electric_efficiency|refrigeration_electric_efficiency|motor_vfd_efficiency|controls_building_automation|commercial_kitchen_equipment_efficiency|water_sewer_reduction","bill_savings|upfront_cost_reduction","residential_only","electric|water_sewer","annual_kwh|annual_electric_cost|average_cost_per_kwh","annual_therms|average_cost_per_therm|peak_kw|demand_charge_rate|square_footage|monthly_kwh|rate_schedule|delivery_charges|generation_charges|demand_charges|time_of_use_periods|annual_water_use|annual_water_cost|annual_sewer_cost|monthly_water_use|water_unit|sewer_cost|meter_size|irrigation_meter_present","project_cost_estimate|equipment_category","per_kwh_saved","benchmark_range","needs_bill","low","true"
"SOURCE_CA_ENERGY_COMMISSION:cec_solicitation_number:RFP-25-803","grant_funding","electric_usage_reduction","bill_savings|upfront_cost_reduction","unknown","none|electric","project_cost_estimate","contractor_quote_amount|monthly_kwh|rate_schedule|delivery_charges|generation_charges","equipment_category|project_timing","grant_amount","contractor_quote_required","needs_quote","low","true"
"SOURCE_DSIRE:dsire_program_id:917","program_rule_value_only","","policy_or_permitting","mixed","none","","service_address|utility_provider","project_timing","unknown","unknown","policy_only","low","true"
"SOURCE_DSIRE:dsire_program_id:3466","refrigeration_electric_efficiency","electric_usage_reduction","bill_savings|upfront_cost_reduction","mixed","electric","annual_kwh|annual_electric_cost|average_cost_per_kwh","monthly_kwh|peak_kw|demand_charges|rate_schedule|delivery_charges|generation_charges","equipment_category|quantity","per_unit","cost_per_unit","needs_equipment_details","medium","true"
"SOURCE_DSIRE:dsire_program_id:5713","commercial_kitchen_equipment_efficiency","water_sewer_reduction","bill_savings|upfront_cost_reduction","business_relevant","electric|water_sewer","annual_kwh|annual_electric_cost|average_cost_per_kwh","annual_therms|average_cost_per_therm|annual_water_use|annual_water_cost|annual_sewer_cost|monthly_water_use|water_unit|sewer_cost|meter_size|irrigation_meter_present","equipment_category|quantity","per_unit","cost_per_unit","needs_equipment_details","medium","true"
"SOURCE_DSIRE:dsire_program_id:2933","gas_usage_reduction","project_cost_reduction_only","bill_savings|upfront_cost_reduction","residential_only","gas|none","annual_therms|annual_gas_cost|average_cost_per_therm","monthly_therms|gas_rate_schedule|contractor_quote_amount|quote_date","equipment_category","per_unit","cost_per_unit","needs_bill","low","true"
"SOURCE_DSIRE:dsire_program_id:4816","gas_usage_reduction","project_cost_reduction_only","bill_savings|upfront_cost_reduction","residential_only","gas|none","annual_therms|annual_gas_cost|average_cost_per_therm","monthly_therms|gas_rate_schedule|contractor_quote_amount|quote_date","equipment_category","per_unit","cost_per_unit","needs_bill","low","true"
"SOURCE_DSIRE:dsire_program_id:3527","pace_or_on_bill_financing","","financing","mixed","none","project_cost_estimate|financing_term_years|interest_rate","ownership_status|down_payment|annual_electric_cost|annual_gas_cost","ownership_status","financing","contractor_quote_required","needs_quote","high","true"
"SOURCE_DSIRE:dsire_program_id:5140","commercial_kitchen_equipment_efficiency","water_sewer_reduction","bill_savings|upfront_cost_reduction","mixed","electric|water_sewer","annual_kwh|annual_electric_cost|average_cost_per_kwh","annual_therms|average_cost_per_therm|annual_water_use|annual_water_cost|annual_sewer_cost|monthly_water_use|water_unit|sewer_cost|meter_size|irrigation_meter_present","equipment_category|quantity","per_unit","cost_per_unit","needs_equipment_details","medium","true"
"SOURCE_DSIRE:dsire_program_id:22517","grant_funding","","upfront_cost_reduction","unknown","none","project_cost_estimate","contractor_quote_amount","equipment_category|project_timing","grant_amount","contractor_quote_required","needs_quote","low","true"
"SOURCE_DSIRE:dsire_program_id:22186","grant_funding","ev_charging_site_load","bill_savings|upfront_cost_reduction","mixed","none|electric","project_cost_estimate","contractor_quote_amount|peak_kw|demand_charge_rate|time_of_use_periods","equipment_category|project_timing","grant_amount","contractor_quote_required","needs_quote","high","true"
"SOURCE_DSIRE:dsire_program_id:2180","commercial_kitchen_equipment_efficiency","water_sewer_reduction","bill_savings|upfront_cost_reduction","business_relevant","electric|water_sewer","annual_kwh|annual_electric_cost|average_cost_per_kwh","annual_therms|average_cost_per_therm|annual_water_use|annual_water_cost|annual_sewer_cost|monthly_water_use|water_unit|sewer_cost|meter_size|irrigation_meter_present","equipment_category|quantity","per_unit","cost_per_unit","needs_equipment_details","medium","true"
"SOURCE_DSIRE:dsire_program_id:3625","motor_vfd_efficiency","","bill_savings|upfront_cost_reduction","residential_only","electric","annual_kwh|annual_electric_cost|average_cost_per_kwh","peak_kw|demand_charge_rate|monthly_kwh","equipment_category|quantity","per_unit","cost_per_unit","needs_equipment_details","low","true"
"SOURCE_DSIRE:dsire_program_id:1935","ev_charging_site_load","project_cost_reduction_only","bill_savings|upfront_cost_reduction","residential_only","electric|none","rate_schedule|annual_kwh|average_cost_per_kwh","peak_kw|demand_charge_rate|time_of_use_periods|contractor_quote_amount|quote_date","parking_spaces|ownership_status|equipment_category","per_unit","cost_per_unit","needs_quote","low","true"
"SOURCE_DSIRE:dsire_program_id:3066","financing_cash_flow","hvac_electric_efficiency|gas_usage_reduction|motor_vfd_efficiency","bill_savings|financing","agriculture_only","none|electric|gas","project_cost_estimate|interest_rate|financing_term_years","down_payment|contractor_quote_amount|monthly_kwh|peak_kw|demand_charges|rate_schedule|monthly_therms|gas_rate_schedule|demand_charge_rate","equipment_category","financing","contractor_quote_required","needs_quote","high","true"
"SOURCE_DSIRE:dsire_program_id:22679","program_rule_value_only","","policy_or_permitting","public_nonprofit_only","none","","service_address|utility_provider","project_timing","unknown","unknown","policy_only","low","true"
"SOURCE_DSIRE:dsire_program_id:601","sales_or_property_tax_exemption","","tax_benefit","unknown","none","project_cost_estimate","ownership_status|tax_entity_type|contractor_quote_amount","equipment_category","tax_exemption","benchmark_range","needs_tax_review","low","true"
"SOURCE_DSIRE:dsire_program_id:5690","renewable_generation_credit_market_value","solar_electric_offset","bill_savings|policy_or_permitting|market_credit","mixed","electric|none","annual_kwh","monthly_kwh|rate_schedule|time_of_use_periods|demand_charges|generation_charges|delivery_charges","equipment_category|project_timing","unknown","unknown","policy_only","low","true"
"SOURCE_DSIRE:dsire_program_id:5408","pace_or_on_bill_financing","","financing","mixed","none","project_cost_estimate|financing_term_years|interest_rate","ownership_status|down_payment|annual_electric_cost|annual_gas_cost","ownership_status","financing","contractor_quote_required","needs_quote","high","true"
"SOURCE_DSIRE:dsire_program_id:5216","program_rule_value_only","","policy_or_permitting","mixed","none","","service_address|utility_provider","project_timing","unknown","unknown","policy_only","low","true"
"SOURCE_DSIRE:dsire_program_id:5744","water_sewer_reduction","project_cost_reduction_only","bill_savings|upfront_cost_reduction","residential_only","water_sewer|none","annual_water_use|annual_water_cost|annual_sewer_cost","monthly_water_use|water_unit|sewer_cost|meter_size|irrigation_meter_present|contractor_quote_amount|quote_date","equipment_category","per_unit","cost_per_unit","needs_equipment_details","low","true"
"SOURCE_DSIRE:dsire_program_id:1930","ev_charging_site_load","project_cost_reduction_only","bill_savings|upfront_cost_reduction","residential_only","electric|none","rate_schedule|annual_kwh|average_cost_per_kwh","peak_kw|demand_charge_rate|time_of_use_periods|contractor_quote_amount|quote_date","parking_spaces|ownership_status|equipment_category","per_unit","cost_per_unit","needs_quote","low","true"
"SOURCE_DSIRE:dsire_program_id:5407","financing_cash_flow","","financing","business_relevant","none","project_cost_estimate|interest_rate|financing_term_years","down_payment|contractor_quote_amount","equipment_category","financing","contractor_quote_required","needs_quote","high","false"
"SOURCE_DSIRE:dsire_program_id:4720","program_rule_value_only","","policy_or_permitting","business_relevant","none","","service_address|utility_provider","project_timing","unknown","unknown","policy_only","low","true"
"SOURCE_DSIRE:dsire_program_id:22519","grant_funding","","upfront_cost_reduction","unknown","none","project_cost_estimate","contractor_quote_amount","equipment_category|project_timing","grant_amount","contractor_quote_required","needs_quote","low","true"
"SOURCE_CA_ENERGY_COMMISSION:cec_solicitation_number:GFO-23-401","grant_funding","","upfront_cost_reduction","unknown","none","project_cost_estimate","contractor_quote_amount","equipment_category|project_timing","grant_amount","contractor_quote_required","needs_quote","low","true"
"SOURCE_DSIRE:dsire_program_id:22337","ev_charging_site_load","project_cost_reduction_only","bill_savings|upfront_cost_reduction","residential_only","electric|none","rate_schedule|annual_kwh|average_cost_per_kwh","peak_kw|demand_charge_rate|time_of_use_periods|contractor_quote_amount|quote_date","parking_spaces|ownership_status|equipment_category","per_unit","cost_per_unit","needs_quote","low","true"
"SOURCE_DSIRE:dsire_program_id:3388","financing_cash_flow","","financing","business_relevant","none","project_cost_estimate|interest_rate|financing_term_years","down_payment|contractor_quote_amount","equipment_category","financing","contractor_quote_required","needs_quote","medium","true"
"SOURCE_DSIRE:dsire_program_id:1866","commercial_kitchen_equipment_efficiency","water_sewer_reduction","bill_savings|upfront_cost_reduction","mixed","electric|water_sewer","annual_kwh|annual_electric_cost|average_cost_per_kwh","annual_therms|average_cost_per_therm|annual_water_use|annual_water_cost|annual_sewer_cost|monthly_water_use|water_unit|sewer_cost|meter_size|irrigation_meter_present","equipment_category|quantity","per_unit","cost_per_unit","needs_equipment_details","medium","true"
"SOURCE_DSIRE:dsire_program_id:22496","program_rule_value_only","","policy_or_permitting","residential_only","none","","service_address|utility_provider","project_timing","unknown","unknown","policy_only","low","true"
"SOURCE_DSIRE:dsire_program_id:2007","motor_vfd_efficiency","","bill_savings|upfront_cost_reduction","mixed","electric","annual_kwh|annual_electric_cost|average_cost_per_kwh","peak_kw|demand_charge_rate|monthly_kwh","equipment_category|quantity","per_unit","cost_per_unit","needs_equipment_details","medium","true"
"SOURCE_DSIRE:dsire_program_id:5442","financing_cash_flow","electric_usage_reduction|hvac_electric_efficiency|gas_usage_reduction|motor_vfd_efficiency","bill_savings|financing","residential_only","none|electric|gas","project_cost_estimate|interest_rate|financing_term_years","down_payment|contractor_quote_amount|monthly_kwh|rate_schedule|delivery_charges|generation_charges|peak_kw|demand_charges|monthly_therms|gas_rate_schedule|demand_charge_rate","equipment_category","financing","contractor_quote_required","needs_quote","low","true"
"SOURCE_DSIRE:dsire_program_id:5495","program_rule_value_only","","policy_or_permitting","mixed","none","","service_address|utility_provider","project_timing","unknown","unknown","policy_only","low","true"
"SOURCE_DSIRE:dsire_program_id:3203","tax_benefit_project_cost_reduction","electric_usage_reduction","bill_savings|tax_benefit","residential_only","none|electric","project_cost_estimate|tax_entity_type","ownership_status|tax_appetite_unknown|contractor_quote_amount|monthly_kwh|rate_schedule|delivery_charges|generation_charges","equipment_category","tax_credit","benchmark_range","needs_tax_review","low","true"
"SOURCE_DSIRE:dsire_program_id:22102","financing_cash_flow","","financing","business_relevant","none","project_cost_estimate|interest_rate|financing_term_years","down_payment|contractor_quote_amount","equipment_category","financing","contractor_quote_required","needs_quote","medium","true"
"SOURCE_DSIRE:dsire_program_id:5295","solar_electric_offset","project_cost_reduction_only","bill_savings|upfront_cost_reduction","mixed","electric|none","annual_kwh|monthly_kwh|average_cost_per_kwh|rate_schedule","time_of_use_periods|demand_charges|generation_charges|delivery_charges|contractor_quote_amount|quote_date","roof_area|ownership_status","per_kw","cost_per_kw","needs_bill","medium","true"
"SOURCE_DSIRE:dsire_program_id:22282","project_cost_reduction_only","","upfront_cost_reduction","residential_only","none","project_cost_estimate","contractor_quote_amount|quote_date","equipment_category","per_unit","benchmark_range","needs_equipment_details","low","true"
"SOURCE_DSIRE:dsire_program_id:22154","sales_or_property_tax_exemption","","tax_benefit","business_relevant","none","project_cost_estimate","ownership_status|tax_entity_type|contractor_quote_amount","equipment_category","tax_exemption","benchmark_range","needs_tax_review","medium","false"
"SOURCE_DSIRE:dsire_program_id:3142","solar_electric_offset","project_cost_reduction_only","bill_savings|upfront_cost_reduction","residential_only","electric|none","annual_kwh|monthly_kwh|average_cost_per_kwh|rate_schedule","time_of_use_periods|demand_charges|generation_charges|delivery_charges|contractor_quote_amount|quote_date","roof_area|ownership_status","per_kw","cost_per_kw","needs_bill","low","true"
"SOURCE_DSIRE:dsire_program_id:3561","pace_or_on_bill_financing","","financing","mixed","none","project_cost_estimate|financing_term_years|interest_rate","ownership_status|down_payment|annual_electric_cost|annual_gas_cost","ownership_status","financing","contractor_quote_required","needs_quote","high","true"
"SOURCE_DSIRE:dsire_program_id:21868","commercial_kitchen_equipment_efficiency","water_sewer_reduction","bill_savings|upfront_cost_reduction","business_relevant","electric|water_sewer","annual_kwh|annual_electric_cost|average_cost_per_kwh","annual_therms|average_cost_per_therm|annual_water_use|annual_water_cost|annual_sewer_cost|monthly_water_use|water_unit|sewer_cost|meter_size|irrigation_meter_present","equipment_category|quantity","per_unit","cost_per_unit","needs_equipment_details","medium","true"
"SOURCE_DSIRE:dsire_program_id:5035","gas_usage_reduction","project_cost_reduction_only","bill_savings|upfront_cost_reduction","residential_only","gas|none","annual_therms|annual_gas_cost|average_cost_per_therm","monthly_therms|gas_rate_schedule|contractor_quote_amount|quote_date","equipment_category","per_unit","cost_per_unit","needs_bill","low","true"
"SOURCE_DSIRE:dsire_program_id:22711","hvac_electric_efficiency","project_cost_reduction_only","bill_savings|upfront_cost_reduction","residential_only","electric|none","annual_kwh|annual_electric_cost|average_cost_per_kwh","monthly_kwh|peak_kw|demand_charges|rate_schedule|contractor_quote_amount|quote_date","equipment_category|square_footage","per_unit","cost_per_unit","needs_bill","low","true"
"SOURCE_DSIRE:dsire_program_id:22264","ev_charging_site_load","project_cost_reduction_only","bill_savings|upfront_cost_reduction","residential_only","electric|none","rate_schedule|annual_kwh|average_cost_per_kwh","peak_kw|demand_charge_rate|time_of_use_periods|contractor_quote_amount|quote_date","parking_spaces|ownership_status|equipment_category","per_unit","cost_per_unit","needs_quote","low","true"
"SOURCE_CA_ENERGY_COMMISSION:cec_solicitation_number:GFO-23-605","grant_funding","","upfront_cost_reduction","public_nonprofit_only","none","project_cost_estimate","contractor_quote_amount","equipment_category|project_timing","grant_amount","contractor_quote_required","needs_quote","high","true"
"SOURCE_DSIRE:dsire_program_id:22563","battery_tou_demand_savings","project_cost_reduction_only","bill_savings|upfront_cost_reduction","agriculture_only","electric|none","rate_schedule|time_of_use_periods|peak_kw|demand_charges|demand_charge_rate|monthly_kwh","annual_kwh|monthly_peak_kw|contractor_quote_amount|quote_date","equipment_category","per_unit","cost_per_kwh_storage","needs_equipment_details","medium","true"
"SOURCE_DSIRE:dsire_program_id:22545","project_cost_reduction_only","","upfront_cost_reduction","unknown","none","project_cost_estimate","contractor_quote_amount|quote_date","equipment_category","per_unit","benchmark_range","needs_equipment_details","low","true"
"SOURCE_DSIRE:dsire_program_id:1497","financing_cash_flow","","financing","residential_only","none","project_cost_estimate|interest_rate|financing_term_years","down_payment|contractor_quote_amount","equipment_category","financing","contractor_quote_required","needs_quote","low","true"
"SOURCE_DSIRE:dsire_program_id:1092","solar_electric_offset","project_cost_reduction_only","bill_savings|upfront_cost_reduction","mixed","electric|none","annual_kwh|monthly_kwh|average_cost_per_kwh|rate_schedule","time_of_use_periods|demand_charges|generation_charges|delivery_charges|contractor_quote_amount|quote_date","roof_area|ownership_status","per_kw","cost_per_kw","needs_bill","medium","true"
"SOURCE_DSIRE:dsire_program_id:4043","sales_or_property_tax_exemption","electric_usage_reduction","bill_savings|tax_benefit","residential_only","none|electric","project_cost_estimate","ownership_status|tax_entity_type|contractor_quote_amount|monthly_kwh|rate_schedule|delivery_charges|generation_charges","equipment_category","tax_exemption","benchmark_range","needs_tax_review","low","true"
"SOURCE_DSIRE:dsire_program_id:22786","solar_electric_offset","project_cost_reduction_only","bill_savings|upfront_cost_reduction","mixed","electric|none","annual_kwh|monthly_kwh|average_cost_per_kwh|rate_schedule","time_of_use_periods|demand_charges|generation_charges|delivery_charges|contractor_quote_amount|quote_date","roof_area|ownership_status","per_kw","cost_per_kw","needs_bill","high","true"
"SOURCE_DSIRE:dsire_program_id:2591","refrigeration_electric_efficiency","electric_usage_reduction","bill_savings|upfront_cost_reduction","business_relevant","electric","annual_kwh|annual_electric_cost|average_cost_per_kwh","monthly_kwh|peak_kw|demand_charges|rate_schedule|delivery_charges|generation_charges","equipment_category|quantity","per_unit","cost_per_unit","needs_equipment_details","high","false"
"SOURCE_DSIRE:dsire_program_id:4637","whole_building_custom_efficiency","electric_usage_reduction|hvac_electric_efficiency|gas_usage_reduction|refrigeration_electric_efficiency|motor_vfd_efficiency|controls_building_automation|commercial_kitchen_equipment_efficiency|battery_tou_demand_savings|water_sewer_reduction","bill_savings|upfront_cost_reduction","business_relevant","electric|gas|water_sewer","annual_kwh|annual_electric_cost|average_cost_per_kwh","annual_therms|average_cost_per_therm|peak_kw|demand_charge_rate|square_footage|monthly_kwh|rate_schedule|delivery_charges|generation_charges|demand_charges|monthly_therms|gas_rate_schedule|time_of_use_periods|annual_water_use|annual_water_cost|annual_sewer_cost|annual_kwh|monthly_peak_kw|monthly_water_use|water_unit|sewer_cost|meter_size|irrigation_meter_present","project_cost_estimate|equipment_category","per_kwh_saved","benchmark_range","needs_bill","medium","true"
"SOURCE_DSIRE:dsire_program_id:1132","envelope_insulation_savings","project_cost_reduction_only","bill_savings|upfront_cost_reduction","residential_only","gas|none","annual_therms|annual_gas_cost|average_cost_per_therm","annual_kwh|average_cost_per_kwh|square_footage|contractor_quote_amount|quote_date","square_footage|equipment_category","per_unit","cost_per_sqft","needs_bill","low","true"
"SOURCE_DSIRE:dsire_program_id:22623","ev_charging_site_load","project_cost_reduction_only","bill_savings|upfront_cost_reduction","residential_only","electric|none","rate_schedule|annual_kwh|average_cost_per_kwh","peak_kw|demand_charge_rate|time_of_use_periods|contractor_quote_amount|quote_date","parking_spaces|ownership_status|equipment_category","per_unit","cost_per_unit","needs_quote","low","true"
"SOURCE_DSIRE:dsire_program_id:1753","hvac_electric_efficiency","project_cost_reduction_only","bill_savings|upfront_cost_reduction","residential_only","electric|none","annual_kwh|annual_electric_cost|average_cost_per_kwh","monthly_kwh|peak_kw|demand_charges|rate_schedule|contractor_quote_amount|quote_date","equipment_category|square_footage","per_unit","cost_per_unit","needs_bill","low","true"
"SOURCE_DSIRE:dsire_program_id:5759","motor_vfd_efficiency","","bill_savings|upfront_cost_reduction","residential_only","electric","annual_kwh|annual_electric_cost|average_cost_per_kwh","peak_kw|demand_charge_rate|monthly_kwh","equipment_category|quantity","per_unit","cost_per_unit","needs_equipment_details","low","true"
"SOURCE_DSIRE:dsire_program_id:22168","grant_funding","","upfront_cost_reduction","unknown","none","project_cost_estimate","contractor_quote_amount","equipment_category|project_timing","grant_amount","contractor_quote_required","needs_quote","low","true"
"SOURCE_DSIRE:dsire_program_id:22652","pace_or_on_bill_financing","","financing","business_relevant","none","project_cost_estimate|financing_term_years|interest_rate","ownership_status|down_payment|annual_electric_cost|annual_gas_cost","ownership_status","financing","contractor_quote_required","needs_quote","high","false"
"SOURCE_DSIRE:dsire_program_id:2012","financing_cash_flow","hvac_electric_efficiency|gas_usage_reduction|motor_vfd_efficiency|controls_building_automation","bill_savings|financing","residential_only","none|electric|gas","project_cost_estimate|interest_rate|financing_term_years","down_payment|contractor_quote_amount|monthly_kwh|peak_kw|demand_charges|rate_schedule|monthly_therms|gas_rate_schedule|demand_charge_rate|annual_therms|time_of_use_periods","equipment_category","financing","contractor_quote_required","needs_quote","low","true"
"SOURCE_DSIRE:dsire_program_id:22521","grant_funding","ev_charging_site_load","bill_savings|upfront_cost_reduction","business_relevant","none|electric","project_cost_estimate","contractor_quote_amount|peak_kw|demand_charge_rate|time_of_use_periods","equipment_category|project_timing","grant_amount","contractor_quote_required","needs_quote","high","false"
"SOURCE_DSIRE:dsire_program_id:604","financing_cash_flow","electric_usage_reduction","bill_savings|financing","public_nonprofit_only","none|electric","project_cost_estimate|interest_rate|financing_term_years","down_payment|contractor_quote_amount|monthly_kwh|rate_schedule|delivery_charges|generation_charges","equipment_category","financing","contractor_quote_required","needs_quote","high","true"
"SOURCE_DSIRE:dsire_program_id:3932","refrigeration_electric_efficiency","electric_usage_reduction","bill_savings|upfront_cost_reduction","business_relevant","electric","annual_kwh|annual_electric_cost|average_cost_per_kwh","monthly_kwh|peak_kw|demand_charges|rate_schedule|delivery_charges|generation_charges","equipment_category|quantity","per_unit","cost_per_unit","needs_equipment_details","medium","true"
"SOURCE_DSIRE:dsire_program_id:2582","fleet_fuel_replacement","ev_charging_site_load","bill_savings|upfront_cost_reduction","mixed","fuel|electric","annual_gallons|annual_fuel_cost|average_cost_per_gallon|vehicle_count","estimated_miles|fuel_type|monthly_fuel_cost|rate_schedule|average_cost_per_kwh|peak_kw|demand_charge_rate|time_of_use_periods","vehicle_count","per_unit","cost_per_unit","needs_equipment_details","medium","true"
"SOURCE_CA_ENERGY_COMMISSION:cec_solicitation_number:RFQ-24-702","grant_funding","","upfront_cost_reduction","business_relevant","none","project_cost_estimate","contractor_quote_amount","equipment_category|project_timing","grant_amount","contractor_quote_required","needs_quote","high","false"
"SOURCE_DSIRE:dsire_program_id:22779","financing_cash_flow","hvac_electric_efficiency|battery_tou_demand_savings","bill_savings|financing","mixed","none|electric","project_cost_estimate|interest_rate|financing_term_years","down_payment|contractor_quote_amount|monthly_kwh|peak_kw|demand_charges|rate_schedule|annual_kwh|monthly_peak_kw","equipment_category","financing","contractor_quote_required","needs_quote","medium","true"
"SOURCE_DSIRE:dsire_program_id:3335","motor_vfd_efficiency","","bill_savings|upfront_cost_reduction","residential_only","electric","annual_kwh|annual_electric_cost|average_cost_per_kwh","peak_kw|demand_charge_rate|monthly_kwh","equipment_category|quantity","per_unit","cost_per_unit","needs_equipment_details","low","true"
"SOURCE_CA_ENERGY_COMMISSION:cec_solicitation_number:GFO-24-606","grant_funding","ev_charging_site_load","bill_savings|upfront_cost_reduction","business_relevant","none|electric","project_cost_estimate","contractor_quote_amount|peak_kw|demand_charge_rate|time_of_use_periods","equipment_category|project_timing","grant_amount","contractor_quote_required","needs_quote","high","false"
"SOURCE_DSIRE:dsire_program_id:3541","project_cost_reduction_only","","upfront_cost_reduction","residential_only","none","project_cost_estimate","contractor_quote_amount|quote_date","equipment_category","per_unit","benchmark_range","needs_equipment_details","low","true"
"SOURCE_DSIRE:dsire_program_id:3433","refrigeration_electric_efficiency","electric_usage_reduction","bill_savings|upfront_cost_reduction","residential_only","electric","annual_kwh|annual_electric_cost|average_cost_per_kwh","monthly_kwh|peak_kw|demand_charges|rate_schedule|delivery_charges|generation_charges","equipment_category|quantity","per_unit","cost_per_unit","needs_equipment_details","low","true"
"SOURCE_DSIRE:dsire_program_id:2091","project_cost_reduction_only","","upfront_cost_reduction","residential_only","none","project_cost_estimate","contractor_quote_amount|quote_date","equipment_category","per_unit","benchmark_range","needs_equipment_details","low","true"
"SOURCE_DSIRE:dsire_program_id:119","net_metering_or_export_value","solar_electric_offset","bill_savings|policy_or_permitting","business_relevant","electric","annual_kwh|monthly_kwh|rate_schedule","time_of_use_periods|generation_charges|delivery_charges|demand_charges","equipment_category|roof_area","unknown","unknown","policy_only","low","true"
"SOURCE_DSIRE:dsire_program_id:2745","sales_or_property_tax_exemption","electric_usage_reduction","bill_savings|tax_benefit","unknown","none|electric","project_cost_estimate","ownership_status|tax_entity_type|contractor_quote_amount|monthly_kwh|rate_schedule|delivery_charges|generation_charges","equipment_category","tax_exemption","benchmark_range","needs_tax_review","low","true"
"SOURCE_DSIRE:dsire_program_id:3965","motor_vfd_efficiency","","bill_savings|upfront_cost_reduction","mixed","electric","annual_kwh|annual_electric_cost|average_cost_per_kwh","peak_kw|demand_charge_rate|monthly_kwh","equipment_category|quantity","per_unit","cost_per_unit","needs_equipment_details","medium","true"
"SOURCE_DSIRE:dsire_program_id:5355","battery_tou_demand_savings","project_cost_reduction_only","bill_savings|upfront_cost_reduction","business_relevant","electric|none","rate_schedule|time_of_use_periods|peak_kw|demand_charges|demand_charge_rate|monthly_kwh","annual_kwh|monthly_peak_kw|contractor_quote_amount|quote_date","equipment_category","per_unit","cost_per_kwh_storage","needs_equipment_details","medium","true"
"SOURCE_DSIRE:dsire_program_id:1356","motor_vfd_efficiency","","bill_savings|upfront_cost_reduction","residential_only","electric","annual_kwh|annual_electric_cost|average_cost_per_kwh","peak_kw|demand_charge_rate|monthly_kwh","equipment_category|quantity","per_unit","cost_per_unit","needs_equipment_details","low","true"
"SOURCE_DSIRE:dsire_program_id:5426","sales_or_property_tax_exemption","electric_usage_reduction|solar_electric_offset|hvac_electric_efficiency|gas_usage_reduction|motor_vfd_efficiency|controls_building_automation|battery_tou_demand_savings","bill_savings|tax_benefit","mixed","none|electric|gas","project_cost_estimate","ownership_status|tax_entity_type|contractor_quote_amount|monthly_kwh|rate_schedule|delivery_charges|generation_charges|time_of_use_periods|demand_charges|peak_kw|monthly_therms|gas_rate_schedule|demand_charge_rate|annual_therms|annual_kwh|monthly_peak_kw","equipment_category","tax_exemption","benchmark_range","needs_tax_review","medium","true"
"SOURCE_DSIRE:dsire_program_id:3223","sales_or_property_tax_exemption","solar_electric_offset|battery_tou_demand_savings","bill_savings|tax_benefit","mixed","none|electric","project_cost_estimate","ownership_status|tax_entity_type|contractor_quote_amount|time_of_use_periods|demand_charges|generation_charges|delivery_charges|annual_kwh|monthly_peak_kw","equipment_category","tax_exemption","benchmark_range","needs_tax_review","medium","true"
"SOURCE_DSIRE:dsire_program_id:2653","whole_building_custom_efficiency","electric_usage_reduction|hvac_electric_efficiency|refrigeration_electric_efficiency","bill_savings|upfront_cost_reduction","business_relevant","electric","annual_kwh|annual_electric_cost|average_cost_per_kwh","annual_therms|average_cost_per_therm|peak_kw|demand_charge_rate|square_footage|monthly_kwh|rate_schedule|delivery_charges|generation_charges|demand_charges","project_cost_estimate|equipment_category","per_kwh_saved","benchmark_range","needs_bill","medium","true"
"SOURCE_DSIRE:dsire_program_id:4345","solar_electric_offset","project_cost_reduction_only","bill_savings|upfront_cost_reduction","mixed","electric|none","annual_kwh|monthly_kwh|average_cost_per_kwh|rate_schedule","time_of_use_periods|demand_charges|generation_charges|delivery_charges|contractor_quote_amount|quote_date","roof_area|ownership_status","per_kw","cost_per_kw","needs_bill","medium","true"
"SOURCE_DSIRE:dsire_program_id:5402","controls_building_automation","","bill_savings|upfront_cost_reduction","residential_only","electric","annual_kwh|rate_schedule","annual_therms|peak_kw|demand_charges|time_of_use_periods","square_footage|equipment_category","per_unit","benchmark_range","needs_equipment_details","low","true"
"SOURCE_DSIRE:dsire_program_id:22395","ev_charging_site_load","project_cost_reduction_only","bill_savings|upfront_cost_reduction","business_relevant","electric|none","rate_schedule|annual_kwh|average_cost_per_kwh","peak_kw|demand_charge_rate|time_of_use_periods|contractor_quote_amount|quote_date","parking_spaces|ownership_status|equipment_category","per_unit","cost_per_unit","needs_quote","high","false"
"SOURCE_DSIRE:dsire_program_id:4740","refrigeration_electric_efficiency","electric_usage_reduction","bill_savings|upfront_cost_reduction","residential_only","electric","annual_kwh|annual_electric_cost|average_cost_per_kwh","monthly_kwh|peak_kw|demand_charges|rate_schedule|delivery_charges|generation_charges","equipment_category|quantity","per_unit","cost_per_unit","needs_equipment_details","low","true"
"SOURCE_DSIRE:dsire_program_id:22172","tax_benefit_project_cost_reduction","electric_usage_reduction|motor_vfd_efficiency|ev_charging_site_load","bill_savings|tax_benefit","mixed","none|electric","project_cost_estimate|tax_entity_type","ownership_status|tax_appetite_unknown|contractor_quote_amount|monthly_kwh|rate_schedule|delivery_charges|generation_charges|peak_kw|demand_charge_rate|time_of_use_periods","equipment_category","tax_credit","benchmark_range","needs_tax_review","medium","true"
"SOURCE_DSIRE:dsire_program_id:22040","gas_usage_reduction","project_cost_reduction_only","bill_savings|upfront_cost_reduction","residential_only","gas|none","annual_therms|annual_gas_cost|average_cost_per_therm","monthly_therms|gas_rate_schedule|contractor_quote_amount|quote_date","equipment_category","per_unit","cost_per_unit","needs_bill","low","true"
"SOURCE_DSIRE:dsire_program_id:22163","fleet_fuel_replacement","ev_charging_site_load","bill_savings|upfront_cost_reduction","residential_only","fuel|electric","annual_gallons|annual_fuel_cost|average_cost_per_gallon|vehicle_count","estimated_miles|fuel_type|monthly_fuel_cost|rate_schedule|average_cost_per_kwh|peak_kw|demand_charge_rate|time_of_use_periods","vehicle_count","per_unit","cost_per_unit","needs_equipment_details","low","true"
"SOURCE_DSIRE:dsire_program_id:2163","motor_vfd_efficiency","","bill_savings|upfront_cost_reduction","residential_only","electric","annual_kwh|annual_electric_cost|average_cost_per_kwh","peak_kw|demand_charge_rate|monthly_kwh","equipment_category|quantity","per_unit","cost_per_unit","needs_equipment_details","low","true"
"SOURCE_DSIRE:dsire_program_id:4234","motor_vfd_efficiency","","bill_savings|upfront_cost_reduction","residential_only","electric","annual_kwh|annual_electric_cost|average_cost_per_kwh","peak_kw|demand_charge_rate|monthly_kwh","equipment_category|quantity","per_unit","cost_per_unit","needs_equipment_details","low","true"
"SOURCE_DSIRE:dsire_program_id:22255","grant_funding","ev_charging_site_load","bill_savings|upfront_cost_reduction","public_nonprofit_only","none|electric","project_cost_estimate","contractor_quote_amount|peak_kw|demand_charge_rate|time_of_use_periods","equipment_category|project_timing","grant_amount","contractor_quote_required","needs_quote","high","true"
"SOURCE_DSIRE:dsire_program_id:2794","solar_electric_offset","project_cost_reduction_only","bill_savings|upfront_cost_reduction","business_relevant","electric|none","annual_kwh|monthly_kwh|average_cost_per_kwh|rate_schedule","time_of_use_periods|demand_charges|generation_charges|delivery_charges|contractor_quote_amount|quote_date","roof_area|ownership_status","per_kw","cost_per_kw","needs_bill","high","false"
"SOURCE_DSIRE:dsire_program_id:22751","fleet_fuel_replacement","ev_charging_site_load","bill_savings|upfront_cost_reduction","business_relevant","fuel|electric","annual_gallons|annual_fuel_cost|average_cost_per_gallon|vehicle_count","estimated_miles|fuel_type|monthly_fuel_cost|rate_schedule|average_cost_per_kwh|peak_kw|demand_charge_rate|time_of_use_periods","vehicle_count","per_unit","cost_per_unit","needs_equipment_details","medium","true"
"SOURCE_DSIRE:dsire_program_id:22747","financing_cash_flow","battery_tou_demand_savings","bill_savings|financing","public_nonprofit_only","none|electric","project_cost_estimate|interest_rate|financing_term_years","down_payment|contractor_quote_amount|annual_kwh|monthly_peak_kw","equipment_category","financing","contractor_quote_required","needs_quote","high","true"
"SOURCE_DSIRE:dsire_program_id:22795","program_rule_value_only","","policy_or_permitting","business_relevant","none","","service_address|utility_provider","project_timing","unknown","unknown","policy_only","low","true"
"SOURCE_DSIRE:dsire_program_id:576","sales_or_property_tax_exemption","electric_usage_reduction|solar_electric_offset","bill_savings|tax_benefit","unknown","none|electric","project_cost_estimate","ownership_status|tax_entity_type|contractor_quote_amount|monthly_kwh|rate_schedule|delivery_charges|generation_charges|time_of_use_periods|demand_charges","equipment_category","tax_exemption","benchmark_range","needs_tax_review","low","true"
"SOURCE_DSIRE:dsire_program_id:5156","program_rule_value_only","","policy_or_permitting","business_relevant","none","","service_address|utility_provider","project_timing","unknown","unknown","policy_only","low","true"
"SOURCE_DSIRE:dsire_program_id:2592","ev_charging_site_load","project_cost_reduction_only","bill_savings|upfront_cost_reduction","residential_only","electric|none","rate_schedule|annual_kwh|average_cost_per_kwh","peak_kw|demand_charge_rate|time_of_use_periods|contractor_quote_amount|quote_date","parking_spaces|ownership_status|equipment_category","per_unit","cost_per_unit","needs_quote","low","true"
"SOURCE_DSIRE:dsire_program_id:22396","fleet_fuel_replacement","ev_charging_site_load","bill_savings|upfront_cost_reduction","mixed","fuel|electric","annual_gallons|annual_fuel_cost|average_cost_per_gallon|vehicle_count","estimated_miles|fuel_type|monthly_fuel_cost|rate_schedule|average_cost_per_kwh|peak_kw|demand_charge_rate|time_of_use_periods","vehicle_count","per_unit","cost_per_unit","needs_equipment_details","medium","true"
"SOURCE_DSIRE:dsire_program_id:4248","pace_or_on_bill_financing","","financing","mixed","none","project_cost_estimate|financing_term_years|interest_rate","ownership_status|down_payment|annual_electric_cost|annual_gas_cost","ownership_status","financing","contractor_quote_required","needs_quote","medium","true"
"SOURCE_DSIRE:dsire_program_id:2115","motor_vfd_efficiency","","bill_savings|upfront_cost_reduction","residential_only","electric","annual_kwh|annual_electric_cost|average_cost_per_kwh","peak_kw|demand_charge_rate|monthly_kwh","equipment_category|quantity","per_unit","cost_per_unit","needs_equipment_details","low","true"
"SOURCE_DSIRE:dsire_program_id:148","tax_benefit_project_cost_reduction","","tax_benefit","business_relevant","none","project_cost_estimate|tax_entity_type","ownership_status|tax_appetite_unknown|contractor_quote_amount","equipment_category","tax_credit","benchmark_range","needs_tax_review","medium","true"
"SOURCE_DSIRE:dsire_program_id:3637","whole_building_custom_efficiency","electric_usage_reduction|hvac_electric_efficiency|refrigeration_electric_efficiency|motor_vfd_efficiency|controls_building_automation","bill_savings|upfront_cost_reduction","mixed","electric","annual_kwh|annual_electric_cost|average_cost_per_kwh","annual_therms|average_cost_per_therm|peak_kw|demand_charge_rate|square_footage|monthly_kwh|rate_schedule|delivery_charges|generation_charges|demand_charges|time_of_use_periods","project_cost_estimate|equipment_category","per_kwh_saved","benchmark_range","needs_bill","medium","true"
"SOURCE_DSIRE:dsire_program_id:22219","grant_funding","electric_usage_reduction","bill_savings|upfront_cost_reduction","unknown","none|electric","project_cost_estimate","contractor_quote_amount|monthly_kwh|rate_schedule|delivery_charges|generation_charges","equipment_category|project_timing","grant_amount","contractor_quote_required","needs_quote","low","true"
"SOURCE_DSIRE:dsire_program_id:2649","solar_electric_offset","project_cost_reduction_only","bill_savings|upfront_cost_reduction","business_relevant","electric|none","annual_kwh|monthly_kwh|average_cost_per_kwh|rate_schedule","time_of_use_periods|demand_charges|generation_charges|delivery_charges|contractor_quote_amount|quote_date","roof_area|ownership_status","per_kw","cost_per_kw","needs_bill","medium","true"
"SOURCE_DSIRE:dsire_program_id:3182","program_rule_value_only","","policy_or_permitting","mixed","none","","service_address|utility_provider","project_timing","unknown","unknown","policy_only","low","true"
"SOURCE_DSIRE:dsire_program_id:22300","ev_charging_site_load","project_cost_reduction_only","bill_savings|upfront_cost_reduction","mixed","electric|none","rate_schedule|annual_kwh|average_cost_per_kwh","peak_kw|demand_charge_rate|time_of_use_periods|contractor_quote_amount|quote_date","parking_spaces|ownership_status|equipment_category","per_unit","cost_per_unit","needs_quote","medium","true"
"SOURCE_DSIRE:dsire_program_id:22647","grant_funding","ev_charging_site_load","bill_savings|upfront_cost_reduction","unknown","none|electric","project_cost_estimate","contractor_quote_amount|peak_kw|demand_charge_rate|time_of_use_periods","equipment_category|project_timing","grant_amount","contractor_quote_required","needs_quote","low","true"
"SOURCE_SILICON_VALLEY_POWER:svp_source_section:6e6b359eb5fc98c0:lighting-rebate","controls_building_automation","","bill_savings|upfront_cost_reduction","business_relevant","electric","annual_kwh|rate_schedule","annual_therms|peak_kw|demand_charges|time_of_use_periods","square_footage|equipment_category","per_unit","benchmark_range","needs_equipment_details","high","false"
"SOURCE_DSIRE:dsire_program_id:22079","motor_vfd_efficiency","","bill_savings|upfront_cost_reduction","business_relevant","electric","annual_kwh|annual_electric_cost|average_cost_per_kwh","peak_kw|demand_charge_rate|monthly_kwh","equipment_category|quantity","per_unit","cost_per_unit","needs_equipment_details","medium","true"
"SOURCE_DSIRE:dsire_program_id:3330","electric_usage_reduction","project_cost_reduction_only","bill_savings|upfront_cost_reduction","mixed","electric|none","annual_kwh|annual_electric_cost|average_cost_per_kwh","monthly_kwh|rate_schedule|delivery_charges|generation_charges|contractor_quote_amount|quote_date","equipment_category","per_unit","cost_per_unit","needs_bill","medium","true"
"SOURCE_DSIRE:dsire_program_id:2867","solar_electric_offset","project_cost_reduction_only","bill_savings|upfront_cost_reduction","mixed","electric|none","annual_kwh|monthly_kwh|average_cost_per_kwh|rate_schedule","time_of_use_periods|demand_charges|generation_charges|delivery_charges|contractor_quote_amount|quote_date","roof_area|ownership_status","per_kw","cost_per_kw","needs_bill","medium","true"
"SOURCE_DSIRE:dsire_program_id:4565","ev_charging_site_load","project_cost_reduction_only","bill_savings|upfront_cost_reduction","residential_only","electric|none","rate_schedule|annual_kwh|average_cost_per_kwh","peak_kw|demand_charge_rate|time_of_use_periods|contractor_quote_amount|quote_date","parking_spaces|ownership_status|equipment_category","per_unit","cost_per_unit","needs_quote","low","true"
"SOURCE_DSIRE:dsire_program_id:22601","grant_funding","","upfront_cost_reduction","public_nonprofit_only","none","project_cost_estimate","contractor_quote_amount","equipment_category|project_timing","grant_amount","contractor_quote_required","needs_quote","high","true"
"SOURCE_DSIRE:dsire_program_id:676","tax_benefit_project_cost_reduction","electric_usage_reduction|hvac_electric_efficiency|motor_vfd_efficiency","bill_savings|tax_benefit","business_relevant","none|electric","project_cost_estimate|tax_entity_type","ownership_status|tax_appetite_unknown|contractor_quote_amount|monthly_kwh|rate_schedule|delivery_charges|generation_charges|peak_kw|demand_charges|demand_charge_rate","equipment_category","tax_credit","benchmark_range","needs_tax_review","medium","true"
"SOURCE_CA_ENERGY_COMMISSION:cec_url_hash:url_hash:f2e334e5655d7975","grant_funding","","upfront_cost_reduction","business_relevant","none","project_cost_estimate","contractor_quote_amount","equipment_category|project_timing","grant_amount","contractor_quote_required","needs_quote","high","false"
"SOURCE_DSIRE:dsire_program_id:2601","commercial_kitchen_equipment_efficiency","water_sewer_reduction","bill_savings|upfront_cost_reduction","business_relevant","electric|water_sewer","annual_kwh|annual_electric_cost|average_cost_per_kwh","annual_therms|average_cost_per_therm|annual_water_use|annual_water_cost|annual_sewer_cost|monthly_water_use|water_unit|sewer_cost|meter_size|irrigation_meter_present","equipment_category|quantity","per_unit","cost_per_unit","needs_equipment_details","medium","true"
"SOURCE_DSIRE:dsire_program_id:2847","solar_electric_offset","project_cost_reduction_only","bill_savings|upfront_cost_reduction","residential_only","electric|none","annual_kwh|monthly_kwh|average_cost_per_kwh|rate_schedule","time_of_use_periods|demand_charges|generation_charges|delivery_charges|contractor_quote_amount|quote_date","roof_area|ownership_status","per_kw","cost_per_kw","needs_bill","low","true"
"SOURCE_DSIRE:dsire_program_id:3231","program_rule_value_only","","policy_or_permitting","residential_only","none","","service_address|utility_provider","project_timing","unknown","unknown","policy_only","low","true"
"SOURCE_SILICON_VALLEY_POWER:svp_source_section:f69ab77394818965:industrial-assessments","program_rule_value_only","","policy_or_permitting","business_relevant","none","","service_address|utility_provider","project_timing","unknown","unknown","policy_only","low","true"
"SOURCE_DSIRE:dsire_program_id:2444","financing_cash_flow","","financing","business_relevant","none","project_cost_estimate|interest_rate|financing_term_years","down_payment|contractor_quote_amount","equipment_category","financing","contractor_quote_required","needs_quote","medium","true"
"SOURCE_DSIRE:dsire_program_id:22471","pace_or_on_bill_financing","","financing","business_relevant","none","project_cost_estimate|financing_term_years|interest_rate","ownership_status|down_payment|annual_electric_cost|annual_gas_cost","ownership_status","financing","contractor_quote_required","needs_quote","high","false"
"SOURCE_DSIRE:dsire_program_id:3580","gas_usage_reduction","project_cost_reduction_only","bill_savings|upfront_cost_reduction","residential_only","gas|none","annual_therms|annual_gas_cost|average_cost_per_therm","monthly_therms|gas_rate_schedule|contractor_quote_amount|quote_date","equipment_category","per_unit","cost_per_unit","needs_bill","low","true"
"SOURCE_DSIRE:dsire_program_id:22405","project_cost_reduction_only","","upfront_cost_reduction","unknown","none","project_cost_estimate","contractor_quote_amount|quote_date","equipment_category","per_unit","benchmark_range","needs_equipment_details","low","true"
"SOURCE_DSIRE:dsire_program_id:5494","refrigeration_electric_efficiency","electric_usage_reduction","bill_savings|upfront_cost_reduction","mixed","electric","annual_kwh|annual_electric_cost|average_cost_per_kwh","monthly_kwh|peak_kw|demand_charges|rate_schedule|delivery_charges|generation_charges","equipment_category|quantity","per_unit","cost_per_unit","needs_equipment_details","medium","true"
"SOURCE_DSIRE:dsire_program_id:22126","fleet_fuel_replacement","ev_charging_site_load","bill_savings|upfront_cost_reduction","business_relevant","fuel|electric","annual_gallons|annual_fuel_cost|average_cost_per_gallon|vehicle_count","estimated_miles|fuel_type|monthly_fuel_cost|rate_schedule|average_cost_per_kwh|peak_kw|demand_charge_rate|time_of_use_periods","vehicle_count","per_unit","cost_per_unit","needs_equipment_details","medium","true"
"SOURCE_DSIRE:dsire_program_id:3606","whole_building_custom_efficiency","electric_usage_reduction|hvac_electric_efficiency|refrigeration_electric_efficiency|motor_vfd_efficiency|controls_building_automation|commercial_kitchen_equipment_efficiency|water_sewer_reduction","bill_savings|upfront_cost_reduction","mixed","electric|water_sewer","annual_kwh|annual_electric_cost|average_cost_per_kwh","annual_therms|average_cost_per_therm|peak_kw|demand_charge_rate|square_footage|monthly_kwh|rate_schedule|delivery_charges|generation_charges|demand_charges|time_of_use_periods|annual_water_use|annual_water_cost|annual_sewer_cost|monthly_water_use|water_unit|sewer_cost|meter_size|irrigation_meter_present","project_cost_estimate|equipment_category","per_kwh_saved","benchmark_range","needs_bill","medium","true"
"SOURCE_DSIRE:dsire_program_id:2402","gas_usage_reduction","project_cost_reduction_only","bill_savings|upfront_cost_reduction","mixed","gas|none","annual_therms|annual_gas_cost|average_cost_per_therm","monthly_therms|gas_rate_schedule|contractor_quote_amount|quote_date","equipment_category","per_unit","cost_per_unit","needs_bill","medium","true"
"SOURCE_DSIRE:dsire_program_code_title_hash:NY27F:19a5badb1d1c","sales_or_property_tax_exemption","","tax_benefit","unknown","none","project_cost_estimate","ownership_status|tax_entity_type|contractor_quote_amount","equipment_category","tax_exemption","benchmark_range","needs_tax_review","low","true"
"SOURCE_DSIRE:dsire_program_id:22671","program_rule_value_only","","policy_or_permitting","unknown","none","","service_address|utility_provider","project_timing","unknown","unknown","policy_only","low","true"
"SOURCE_DSIRE:dsire_program_id:22228","grant_funding","","upfront_cost_reduction","business_relevant","none","project_cost_estimate","contractor_quote_amount","equipment_category|project_timing","grant_amount","contractor_quote_required","needs_quote","high","false"
"SOURCE_DSIRE:dsire_program_id:4091","pace_or_on_bill_financing","","financing","business_relevant","none","project_cost_estimate|financing_term_years|interest_rate","ownership_status|down_payment|annual_electric_cost|annual_gas_cost","ownership_status","financing","contractor_quote_required","needs_quote","high","false"
"SOURCE_DSIRE:dsire_program_id:22473","tax_benefit_project_cost_reduction","electric_usage_reduction|battery_tou_demand_savings","bill_savings|tax_benefit","business_relevant","none|electric","project_cost_estimate|tax_entity_type","ownership_status|tax_appetite_unknown|contractor_quote_amount|monthly_kwh|rate_schedule|delivery_charges|generation_charges|annual_kwh|monthly_peak_kw","equipment_category","tax_credit","benchmark_range","needs_tax_review","medium","true"
"SOURCE_CA_ENERGY_COMMISSION:cec_solicitation_number:RFP-22-804","grant_funding","","upfront_cost_reduction","mixed","none","project_cost_estimate","contractor_quote_amount","equipment_category|project_timing","grant_amount","contractor_quote_required","needs_quote","high","true"
"SOURCE_DSIRE:dsire_program_id:165","sales_or_property_tax_exemption","electric_usage_reduction","bill_savings|tax_benefit","unknown","none|electric","project_cost_estimate","ownership_status|tax_entity_type|contractor_quote_amount|monthly_kwh|rate_schedule|delivery_charges|generation_charges","equipment_category","tax_exemption","benchmark_range","needs_tax_review","low","true"
"SOURCE_DSIRE:dsire_program_id:2532","whole_building_custom_efficiency","electric_usage_reduction|hvac_electric_efficiency|gas_usage_reduction|refrigeration_electric_efficiency|motor_vfd_efficiency|controls_building_automation|commercial_kitchen_equipment_efficiency|water_sewer_reduction","bill_savings|upfront_cost_reduction","mixed","electric|gas|water_sewer","annual_kwh|annual_electric_cost|average_cost_per_kwh","annual_therms|average_cost_per_therm|peak_kw|demand_charge_rate|square_footage|monthly_kwh|rate_schedule|delivery_charges|generation_charges|demand_charges|monthly_therms|gas_rate_schedule|time_of_use_periods|annual_water_use|annual_water_cost|annual_sewer_cost|monthly_water_use|water_unit|sewer_cost|meter_size|irrigation_meter_present","project_cost_estimate|equipment_category","per_kwh_saved","benchmark_range","needs_bill","medium","true"
"SOURCE_SDGE_BUSINESS:program_url:sdge_com_node_23891","ev_charging_site_load","project_cost_reduction_only","bill_savings|upfront_cost_reduction","business_relevant","electric|none","rate_schedule|annual_kwh|average_cost_per_kwh","peak_kw|demand_charge_rate|time_of_use_periods|contractor_quote_amount|quote_date","parking_spaces|ownership_status|equipment_category","per_unit","cost_per_unit","needs_quote","medium","true"
"SOURCE_DSIRE:dsire_program_id:22334","ev_charging_site_load","project_cost_reduction_only","bill_savings|upfront_cost_reduction","residential_only","electric|none","rate_schedule|annual_kwh|average_cost_per_kwh","peak_kw|demand_charge_rate|time_of_use_periods|contractor_quote_amount|quote_date","parking_spaces|ownership_status|equipment_category","per_unit","cost_per_unit","needs_quote","low","true"
"SOURCE_DSIRE:dsire_program_id:2890","project_cost_reduction_only","","upfront_cost_reduction","residential_only","none","project_cost_estimate","contractor_quote_amount|quote_date","equipment_category","per_unit","benchmark_range","needs_equipment_details","low","true"
"SOURCE_DSIRE:dsire_program_id:4618","refrigeration_electric_efficiency","electric_usage_reduction","bill_savings|upfront_cost_reduction","business_relevant","electric","annual_kwh|annual_electric_cost|average_cost_per_kwh","monthly_kwh|peak_kw|demand_charges|rate_schedule|delivery_charges|generation_charges","equipment_category|quantity","per_unit","cost_per_unit","needs_equipment_details","medium","true"
"SOURCE_DSIRE:dsire_program_id:3037","sales_or_property_tax_exemption","electric_usage_reduction|battery_tou_demand_savings","bill_savings|tax_benefit","agriculture_only","none|electric","project_cost_estimate","ownership_status|tax_entity_type|contractor_quote_amount|monthly_kwh|rate_schedule|delivery_charges|generation_charges|annual_kwh|monthly_peak_kw","equipment_category","tax_exemption","benchmark_range","needs_tax_review","medium","true"
"SOURCE_DSIRE:dsire_program_id:3086","motor_vfd_efficiency","","bill_savings|upfront_cost_reduction","business_relevant","electric","annual_kwh|annual_electric_cost|average_cost_per_kwh","peak_kw|demand_charge_rate|monthly_kwh","equipment_category|quantity","per_unit","cost_per_unit","needs_equipment_details","medium","true"
"SOURCE_DSIRE:dsire_program_id:22661","grant_funding","ev_charging_site_load","bill_savings|upfront_cost_reduction","unknown","none|electric","project_cost_estimate","contractor_quote_amount|peak_kw|demand_charge_rate|time_of_use_periods","equipment_category|project_timing","grant_amount","contractor_quote_required","needs_quote","low","true"
"SOURCE_DSIRE:dsire_program_id:5546","pace_or_on_bill_financing","","financing","mixed","none","project_cost_estimate|financing_term_years|interest_rate","ownership_status|down_payment|annual_electric_cost|annual_gas_cost","ownership_status","financing","contractor_quote_required","needs_quote","medium","true"
"SOURCE_DSIRE:dsire_program_id:22330","electric_usage_reduction","project_cost_reduction_only","bill_savings|upfront_cost_reduction","residential_only","electric|none","annual_kwh|annual_electric_cost|average_cost_per_kwh","monthly_kwh|rate_schedule|delivery_charges|generation_charges|contractor_quote_amount|quote_date","equipment_category","per_unit","cost_per_unit","needs_bill","low","true"
"SOURCE_DSIRE:dsire_program_id:5437","financing_cash_flow","","financing","public_nonprofit_only","none","project_cost_estimate|interest_rate|financing_term_years","down_payment|contractor_quote_amount","equipment_category","financing","contractor_quote_required","needs_quote","medium","true"
"SOURCE_DSIRE:dsire_program_id:5015","hvac_electric_efficiency","project_cost_reduction_only","bill_savings|upfront_cost_reduction","residential_only","electric|none","annual_kwh|annual_electric_cost|average_cost_per_kwh","monthly_kwh|peak_kw|demand_charges|rate_schedule|contractor_quote_amount|quote_date","equipment_category|square_footage","per_unit","cost_per_unit","needs_bill","low","true"
"SOURCE_DSIRE:dsire_program_id:5737","refrigeration_electric_efficiency","electric_usage_reduction","bill_savings|upfront_cost_reduction","mixed","electric","annual_kwh|annual_electric_cost|average_cost_per_kwh","monthly_kwh|peak_kw|demand_charges|rate_schedule|delivery_charges|generation_charges","equipment_category|quantity","per_unit","cost_per_unit","needs_equipment_details","medium","true"
"SOURCE_DSIRE:dsire_program_id:22507","financing_cash_flow","ev_charging_site_load","bill_savings|financing","business_relevant","none|electric","project_cost_estimate|interest_rate|financing_term_years","down_payment|contractor_quote_amount|peak_kw|demand_charge_rate|time_of_use_periods","equipment_category","financing","contractor_quote_required","needs_quote","medium","true"
"SOURCE_DSIRE:dsire_program_id:3668","whole_building_custom_efficiency","gas_usage_reduction|controls_building_automation|battery_tou_demand_savings","bill_savings|upfront_cost_reduction","residential_only","electric|gas","annual_kwh|annual_electric_cost|average_cost_per_kwh","annual_therms|average_cost_per_therm|peak_kw|demand_charge_rate|square_footage|monthly_therms|gas_rate_schedule|demand_charges|time_of_use_periods|annual_kwh|monthly_peak_kw","project_cost_estimate|equipment_category","per_kwh_saved","benchmark_range","needs_bill","low","true"
"SOURCE_DSIRE:dsire_program_id:2249","fleet_fuel_replacement","ev_charging_site_load","bill_savings|upfront_cost_reduction","residential_only","fuel|electric","annual_gallons|annual_fuel_cost|average_cost_per_gallon|vehicle_count","estimated_miles|fuel_type|monthly_fuel_cost|rate_schedule|average_cost_per_kwh|peak_kw|demand_charge_rate|time_of_use_periods","vehicle_count","per_unit","cost_per_unit","needs_equipment_details","low","true"
"SOURCE_DSIRE:dsire_program_id:2475","ev_charging_site_load","project_cost_reduction_only","bill_savings|upfront_cost_reduction","residential_only","electric|none","rate_schedule|annual_kwh|average_cost_per_kwh","peak_kw|demand_charge_rate|time_of_use_periods|contractor_quote_amount|quote_date","parking_spaces|ownership_status|equipment_category","per_unit","cost_per_unit","needs_quote","low","true"
"SOURCE_DSIRE:dsire_program_id:4851","commercial_kitchen_equipment_efficiency","water_sewer_reduction","bill_savings|upfront_cost_reduction","business_relevant","electric|water_sewer","annual_kwh|annual_electric_cost|average_cost_per_kwh","annual_therms|average_cost_per_therm|annual_water_use|annual_water_cost|annual_sewer_cost|monthly_water_use|water_unit|sewer_cost|meter_size|irrigation_meter_present","equipment_category|quantity","per_unit","cost_per_unit","needs_equipment_details","medium","true"
"SOURCE_CA_ENERGY_COMMISSION:cec_url_hash:url_hash:101687e9640f6a8c","grant_funding","","upfront_cost_reduction","business_relevant","none","project_cost_estimate","contractor_quote_amount","equipment_category|project_timing","grant_amount","contractor_quote_required","needs_quote","high","false"
"SOURCE_CA_ENERGY_COMMISSION:cec_solicitation_number:GFO-22-903","grant_funding","","upfront_cost_reduction","business_relevant","none","project_cost_estimate","contractor_quote_amount","equipment_category|project_timing","grant_amount","contractor_quote_required","needs_quote","high","false"
"SOURCE_DSIRE:dsire_program_id:22425","tax_benefit_project_cost_reduction","","tax_benefit","mixed","none","project_cost_estimate|tax_entity_type","ownership_status|tax_appetite_unknown|contractor_quote_amount","equipment_category","tax_credit","benchmark_range","needs_tax_review","medium","true"
"SOURCE_DSIRE:dsire_program_id:22091","controls_building_automation","","bill_savings|upfront_cost_reduction","residential_only","electric","annual_kwh|rate_schedule","annual_therms|peak_kw|demand_charges|time_of_use_periods","square_footage|equipment_category","per_unit","benchmark_range","needs_equipment_details","low","true"
"SOURCE_DSIRE:dsire_program_id:137","tax_benefit_project_cost_reduction","electric_usage_reduction","bill_savings|tax_benefit","residential_only","none|electric","project_cost_estimate|tax_entity_type","ownership_status|tax_appetite_unknown|contractor_quote_amount|monthly_kwh|rate_schedule|delivery_charges|generation_charges","equipment_category","tax_credit","benchmark_range","needs_tax_review","low","true"
"SOURCE_DSIRE:dsire_program_id:3018","commercial_kitchen_equipment_efficiency","water_sewer_reduction","bill_savings|upfront_cost_reduction","business_relevant","electric|water_sewer","annual_kwh|annual_electric_cost|average_cost_per_kwh","annual_therms|average_cost_per_therm|annual_water_use|annual_water_cost|annual_sewer_cost|monthly_water_use|water_unit|sewer_cost|meter_size|irrigation_meter_present","equipment_category|quantity","per_unit","cost_per_unit","needs_equipment_details","medium","true"
"SOURCE_DSIRE:dsire_program_id:5765","motor_vfd_efficiency","","bill_savings|upfront_cost_reduction","business_relevant","electric","annual_kwh|annual_electric_cost|average_cost_per_kwh","peak_kw|demand_charge_rate|monthly_kwh","equipment_category|quantity","per_unit","cost_per_unit","needs_equipment_details","medium","true"
"SOURCE_DSIRE:dsire_program_id:3756","financing_cash_flow","hvac_electric_efficiency|gas_usage_reduction|motor_vfd_efficiency|water_sewer_reduction","bill_savings|financing","residential_only","none|electric|gas|water_sewer","project_cost_estimate|interest_rate|financing_term_years","down_payment|contractor_quote_amount|monthly_kwh|peak_kw|demand_charges|rate_schedule|monthly_therms|gas_rate_schedule|demand_charge_rate|monthly_water_use|water_unit|sewer_cost|meter_size|irrigation_meter_present","equipment_category","financing","contractor_quote_required","needs_quote","low","true"
"SOURCE_DSIRE:dsire_program_id:2016","whole_building_custom_efficiency","electric_usage_reduction|hvac_electric_efficiency|controls_building_automation","bill_savings|upfront_cost_reduction","residential_only","electric","annual_kwh|annual_electric_cost|average_cost_per_kwh","annual_therms|average_cost_per_therm|peak_kw|demand_charge_rate|square_footage|monthly_kwh|rate_schedule|delivery_charges|generation_charges|demand_charges|time_of_use_periods","project_cost_estimate|equipment_category","per_kwh_saved","benchmark_range","needs_bill","low","true"
"SOURCE_DSIRE:dsire_program_id:2502","sales_or_property_tax_exemption","","tax_benefit","mixed","none","project_cost_estimate","ownership_status|tax_entity_type|contractor_quote_amount","equipment_category","tax_exemption","benchmark_range","needs_tax_review","medium","true"
"SOURCE_DSIRE:dsire_program_id:22192","grant_funding","","upfront_cost_reduction","unknown","none","project_cost_estimate","contractor_quote_amount","equipment_category|project_timing","grant_amount","contractor_quote_required","needs_quote","low","true"
"SOURCE_DSIRE:dsire_program_id:22749","envelope_insulation_savings","project_cost_reduction_only","bill_savings|upfront_cost_reduction","residential_only","gas|none","annual_therms|annual_gas_cost|average_cost_per_therm","annual_kwh|average_cost_per_kwh|square_footage|contractor_quote_amount|quote_date","square_footage|equipment_category","per_unit","cost_per_sqft","needs_bill","low","true"
"SOURCE_DSIRE:dsire_program_id:22600","grant_funding","","upfront_cost_reduction","unknown","none","project_cost_estimate","contractor_quote_amount","equipment_category|project_timing","grant_amount","contractor_quote_required","needs_quote","low","true"
"SOURCE_DSIRE:dsire_program_id:5307","financing_cash_flow","electric_usage_reduction|solar_electric_offset|hvac_electric_efficiency|gas_usage_reduction|refrigeration_electric_efficiency|motor_vfd_efficiency|commercial_kitchen_equipment_efficiency|water_sewer_reduction","bill_savings|financing","mixed","none|electric|gas|water_sewer","project_cost_estimate|interest_rate|financing_term_years","down_payment|contractor_quote_amount|monthly_kwh|rate_schedule|delivery_charges|generation_charges|time_of_use_periods|demand_charges|peak_kw|monthly_therms|gas_rate_schedule|demand_charge_rate|annual_therms|average_cost_per_therm|annual_water_use|annual_water_cost|annual_sewer_cost|monthly_water_use|water_unit|sewer_cost|meter_size|irrigation_meter_present","equipment_category","financing","contractor_quote_required","needs_quote","medium","true"
"SOURCE_DSIRE:dsire_program_id:4281","whole_building_custom_efficiency","hvac_electric_efficiency|gas_usage_reduction|motor_vfd_efficiency|controls_building_automation|water_sewer_reduction","bill_savings|upfront_cost_reduction","residential_only","electric|gas|water_sewer","annual_kwh|annual_electric_cost|average_cost_per_kwh","annual_therms|average_cost_per_therm|peak_kw|demand_charge_rate|square_footage|monthly_kwh|demand_charges|rate_schedule|monthly_therms|gas_rate_schedule|time_of_use_periods|monthly_water_use|water_unit|sewer_cost|meter_size|irrigation_meter_present","project_cost_estimate|equipment_category","per_kwh_saved","benchmark_range","needs_bill","low","true"
"SOURCE_DSIRE:dsire_program_id:22388","ev_charging_site_load","project_cost_reduction_only","bill_savings|upfront_cost_reduction","residential_only","electric|none","rate_schedule|annual_kwh|average_cost_per_kwh","peak_kw|demand_charge_rate|time_of_use_periods|contractor_quote_amount|quote_date","parking_spaces|ownership_status|equipment_category","per_unit","cost_per_unit","needs_quote","low","true"
"SOURCE_DSIRE:dsire_program_id:22303","fleet_fuel_replacement","ev_charging_site_load","bill_savings|upfront_cost_reduction","mixed","fuel|electric","annual_gallons|annual_fuel_cost|average_cost_per_gallon|vehicle_count","estimated_miles|fuel_type|monthly_fuel_cost|rate_schedule|average_cost_per_kwh|peak_kw|demand_charge_rate|time_of_use_periods","vehicle_count","per_unit","cost_per_unit","needs_equipment_details","medium","true"
"SOURCE_DSIRE:dsire_program_id:5691","renewable_generation_credit_market_value","solar_electric_offset","bill_savings|policy_or_permitting|market_credit","mixed","electric|none","annual_kwh","monthly_kwh|rate_schedule|time_of_use_periods|demand_charges|generation_charges|delivery_charges","equipment_category|project_timing","unknown","unknown","policy_only","low","true"
"SOURCE_CA_ENERGY_COMMISSION:cec_url_hash:url_hash:044dcdcb82287d80","grant_funding","hvac_electric_efficiency","bill_savings|upfront_cost_reduction","business_relevant","none|electric","project_cost_estimate","contractor_quote_amount|monthly_kwh|peak_kw|demand_charges|rate_schedule","equipment_category|project_timing","grant_amount","contractor_quote_required","needs_quote","high","false"
"SOURCE_DSIRE:dsire_program_id:2399","refrigeration_electric_efficiency","electric_usage_reduction","bill_savings|upfront_cost_reduction","mixed","electric","annual_kwh|annual_electric_cost|average_cost_per_kwh","monthly_kwh|peak_kw|demand_charges|rate_schedule|delivery_charges|generation_charges","equipment_category|quantity","per_unit","cost_per_unit","needs_equipment_details","high","true"
"SOURCE_DSIRE:dsire_program_id:22272","fleet_fuel_replacement","ev_charging_site_load","bill_savings|upfront_cost_reduction","mixed","fuel|electric","annual_gallons|annual_fuel_cost|average_cost_per_gallon|vehicle_count","estimated_miles|fuel_type|monthly_fuel_cost|rate_schedule|average_cost_per_kwh|peak_kw|demand_charge_rate|time_of_use_periods","vehicle_count","per_unit","cost_per_unit","needs_equipment_details","medium","true"
"SOURCE_DSIRE:dsire_program_id:3727","solar_electric_offset","project_cost_reduction_only","bill_savings|upfront_cost_reduction","residential_only","electric|none","annual_kwh|monthly_kwh|average_cost_per_kwh|rate_schedule","time_of_use_periods|demand_charges|generation_charges|delivery_charges|contractor_quote_amount|quote_date","roof_area|ownership_status","per_kw","cost_per_kw","needs_bill","low","true"
"SOURCE_DSIRE:dsire_program_id:2682","gas_usage_reduction","project_cost_reduction_only","bill_savings|upfront_cost_reduction","mixed","gas|none","annual_therms|annual_gas_cost|average_cost_per_therm","monthly_therms|gas_rate_schedule|contractor_quote_amount|quote_date","equipment_category","per_unit","cost_per_unit","needs_bill","medium","true"
"SOURCE_DSIRE:dsire_program_id:1428","fleet_fuel_replacement","ev_charging_site_load","bill_savings|upfront_cost_reduction","residential_only","fuel|electric","annual_gallons|annual_fuel_cost|average_cost_per_gallon|vehicle_count","estimated_miles|fuel_type|monthly_fuel_cost|rate_schedule|average_cost_per_kwh|peak_kw|demand_charge_rate|time_of_use_periods","vehicle_count","per_unit","cost_per_unit","needs_equipment_details","low","true"
"SOURCE_DSIRE:dsire_program_id:3176","ev_charging_site_load","project_cost_reduction_only","bill_savings|upfront_cost_reduction","residential_only","electric|none","rate_schedule|annual_kwh|average_cost_per_kwh","peak_kw|demand_charge_rate|time_of_use_periods|contractor_quote_amount|quote_date","parking_spaces|ownership_status|equipment_category","per_unit","cost_per_unit","needs_quote","low","true"
"SOURCE_DSIRE:dsire_program_id:4807","ev_charging_site_load","project_cost_reduction_only","bill_savings|upfront_cost_reduction","residential_only","electric|none","rate_schedule|annual_kwh|average_cost_per_kwh","peak_kw|demand_charge_rate|time_of_use_periods|contractor_quote_amount|quote_date","parking_spaces|ownership_status|equipment_category","per_unit","cost_per_unit","needs_quote","low","true"
"SOURCE_DSIRE:dsire_program_id:22290","ev_charging_site_load","project_cost_reduction_only","bill_savings|upfront_cost_reduction","business_relevant","electric|none","rate_schedule|annual_kwh|average_cost_per_kwh","peak_kw|demand_charge_rate|time_of_use_periods|contractor_quote_amount|quote_date","parking_spaces|ownership_status|equipment_category","per_unit","cost_per_unit","needs_quote","medium","true"
"SOURCE_DSIRE:dsire_program_id:5396","tax_benefit_project_cost_reduction","battery_tou_demand_savings","bill_savings|tax_benefit","business_relevant","none|electric","project_cost_estimate|tax_entity_type","ownership_status|tax_appetite_unknown|contractor_quote_amount|annual_kwh|monthly_peak_kw","equipment_category","tax_credit","benchmark_range","needs_tax_review","medium","true"
"SOURCE_DSIRE:dsire_program_id:2544","ev_charging_site_load","project_cost_reduction_only","bill_savings|upfront_cost_reduction","mixed","electric|none","rate_schedule|annual_kwh|average_cost_per_kwh","peak_kw|demand_charge_rate|time_of_use_periods|contractor_quote_amount|quote_date","parking_spaces|ownership_status|equipment_category","per_unit","cost_per_unit","needs_quote","medium","true"
"SOURCE_DSIRE:dsire_program_id:2318","whole_building_custom_efficiency","electric_usage_reduction|hvac_electric_efficiency|gas_usage_reduction|motor_vfd_efficiency|controls_building_automation|water_sewer_reduction","bill_savings|upfront_cost_reduction","residential_only","electric|gas|water_sewer","annual_kwh|annual_electric_cost|average_cost_per_kwh","annual_therms|average_cost_per_therm|peak_kw|demand_charge_rate|square_footage|monthly_kwh|rate_schedule|delivery_charges|generation_charges|demand_charges|monthly_therms|gas_rate_schedule|time_of_use_periods|monthly_water_use|water_unit|sewer_cost|meter_size|irrigation_meter_present","project_cost_estimate|equipment_category","per_kwh_saved","benchmark_range","needs_bill","low","true"
"SOURCE_DSIRE:dsire_program_id:389","net_metering_or_export_value","solar_electric_offset","bill_savings|policy_or_permitting","mixed","electric","annual_kwh|monthly_kwh|rate_schedule","time_of_use_periods|generation_charges|delivery_charges|demand_charges","equipment_category|roof_area","unknown","unknown","policy_only","low","true"
"SOURCE_DSIRE:dsire_program_id:22058","controls_building_automation","","bill_savings|upfront_cost_reduction","mixed","electric","annual_kwh|rate_schedule","annual_therms|peak_kw|demand_charges|time_of_use_periods","square_footage|equipment_category","per_unit","benchmark_range","needs_equipment_details","medium","true"
"SOURCE_DSIRE:dsire_program_id:22241","project_cost_reduction_only","motor_vfd_efficiency","bill_savings|upfront_cost_reduction","unknown","none|electric","project_cost_estimate","contractor_quote_amount|quote_date|peak_kw|demand_charge_rate|monthly_kwh","equipment_category","per_unit","benchmark_range","needs_equipment_details","low","true"
"SOURCE_DSIRE:dsire_program_id:3372","program_rule_value_only","","policy_or_permitting","mixed","none","","service_address|utility_provider","project_timing","unknown","unknown","policy_only","low","true"
"SOURCE_DSIRE:dsire_program_id:4730","whole_building_custom_efficiency","electric_usage_reduction|hvac_electric_efficiency|gas_usage_reduction|refrigeration_electric_efficiency|motor_vfd_efficiency|commercial_kitchen_equipment_efficiency","bill_savings|upfront_cost_reduction","mixed","electric|gas","annual_kwh|annual_electric_cost|average_cost_per_kwh","annual_therms|average_cost_per_therm|peak_kw|demand_charge_rate|square_footage|monthly_kwh|rate_schedule|delivery_charges|generation_charges|demand_charges|monthly_therms|gas_rate_schedule|annual_water_use|annual_water_cost|annual_sewer_cost","project_cost_estimate|equipment_category","per_kwh_saved","benchmark_range","needs_bill","medium","true"
"SOURCE_DSIRE:dsire_program_id:22662","grant_funding","ev_charging_site_load","bill_savings|upfront_cost_reduction","unknown","none|electric","project_cost_estimate","contractor_quote_amount|peak_kw|demand_charge_rate|time_of_use_periods","equipment_category|project_timing","grant_amount","contractor_quote_required","needs_quote","low","true"
"SOURCE_CA_ENERGY_COMMISSION:cec_solicitation_number:RFP-25-801","grant_funding","","upfront_cost_reduction","business_relevant","none","project_cost_estimate","contractor_quote_amount","equipment_category|project_timing","grant_amount","contractor_quote_required","needs_quote","high","false"
"SOURCE_DSIRE:dsire_program_id:5665","electric_usage_reduction","project_cost_reduction_only","bill_savings|upfront_cost_reduction","agriculture_only","electric|none","annual_kwh|annual_electric_cost|average_cost_per_kwh","monthly_kwh|rate_schedule|delivery_charges|generation_charges|contractor_quote_amount|quote_date","equipment_category","per_unit","cost_per_unit","needs_bill","medium","true"
"SOURCE_CA_ENERGY_COMMISSION:cec_url_hash:url_hash:1d170a7698573135","grant_funding","","upfront_cost_reduction","business_relevant","none","project_cost_estimate","contractor_quote_amount","equipment_category|project_timing","grant_amount","contractor_quote_required","needs_quote","high","false"
"SOURCE_DSIRE:dsire_program_id:22374","ev_charging_site_load","project_cost_reduction_only","bill_savings|upfront_cost_reduction","residential_only","electric|none","rate_schedule|annual_kwh|average_cost_per_kwh","peak_kw|demand_charge_rate|time_of_use_periods|contractor_quote_amount|quote_date","parking_spaces|ownership_status|equipment_category","per_unit","cost_per_unit","needs_quote","low","true"
"SOURCE_DSIRE:dsire_program_id:22657","grant_funding","ev_charging_site_load","bill_savings|upfront_cost_reduction","unknown","none|electric","project_cost_estimate","contractor_quote_amount|peak_kw|demand_charge_rate|time_of_use_periods","equipment_category|project_timing","grant_amount","contractor_quote_required","needs_quote","low","true"
"SOURCE_DSIRE:dsire_program_id:4623","whole_building_custom_efficiency","gas_usage_reduction|controls_building_automation|commercial_kitchen_equipment_efficiency|battery_tou_demand_savings","bill_savings|upfront_cost_reduction","business_relevant","electric|gas","annual_kwh|annual_electric_cost|average_cost_per_kwh","annual_therms|average_cost_per_therm|peak_kw|demand_charge_rate|square_footage|monthly_therms|gas_rate_schedule|demand_charges|time_of_use_periods|annual_water_use|annual_water_cost|annual_sewer_cost|annual_kwh|monthly_peak_kw","project_cost_estimate|equipment_category","per_kwh_saved","benchmark_range","needs_bill","medium","true"
"SOURCE_DSIRE:dsire_program_id:943","financing_cash_flow","","financing","residential_only","none","project_cost_estimate|interest_rate|financing_term_years","down_payment|contractor_quote_amount","equipment_category","financing","contractor_quote_required","needs_quote","low","true"
"SOURCE_DSIRE:dsire_program_id:22202","sales_or_property_tax_exemption","","tax_benefit","residential_only","none","project_cost_estimate","ownership_status|tax_entity_type|contractor_quote_amount","equipment_category","tax_exemption","benchmark_range","needs_tax_review","low","true"
"SOURCE_DSIRE:dsire_program_id:5498","sales_or_property_tax_exemption","","tax_benefit","unknown","none","project_cost_estimate","ownership_status|tax_entity_type|contractor_quote_amount","equipment_category","tax_exemption","benchmark_range","needs_tax_review","low","true"
"SOURCE_DSIRE:dsire_program_id:5583","financing_cash_flow","","financing","business_relevant","none","project_cost_estimate|interest_rate|financing_term_years","down_payment|contractor_quote_amount","equipment_category","financing","contractor_quote_required","needs_quote","high","false"
"SOURCE_DSIRE:dsire_program_id:2214","motor_vfd_efficiency","","bill_savings|upfront_cost_reduction","residential_only","electric","annual_kwh|annual_electric_cost|average_cost_per_kwh","peak_kw|demand_charge_rate|monthly_kwh","equipment_category|quantity","per_unit","cost_per_unit","needs_equipment_details","low","true"
"SOURCE_DSIRE:dsire_program_id:1926","whole_building_custom_efficiency","electric_usage_reduction|hvac_electric_efficiency|gas_usage_reduction|refrigeration_electric_efficiency|motor_vfd_efficiency|controls_building_automation|commercial_kitchen_equipment_efficiency|water_sewer_reduction","bill_savings|upfront_cost_reduction","residential_only","electric|gas|water_sewer","annual_kwh|annual_electric_cost|average_cost_per_kwh","annual_therms|average_cost_per_therm|peak_kw|demand_charge_rate|square_footage|monthly_kwh|rate_schedule|delivery_charges|generation_charges|demand_charges|monthly_therms|gas_rate_schedule|time_of_use_periods|annual_water_use|annual_water_cost|annual_sewer_cost|monthly_water_use|water_unit|sewer_cost|meter_size|irrigation_meter_present","project_cost_estimate|equipment_category","per_kwh_saved","benchmark_range","needs_bill","low","true"
"SOURCE_DSIRE:dsire_program_id:3211","motor_vfd_efficiency","","bill_savings|upfront_cost_reduction","business_relevant","electric","annual_kwh|annual_electric_cost|average_cost_per_kwh","peak_kw|demand_charge_rate|monthly_kwh","equipment_category|quantity","per_unit","cost_per_unit","needs_equipment_details","medium","true"
"SOURCE_DSIRE:dsire_program_id:1680","grant_funding","electric_usage_reduction","bill_savings|upfront_cost_reduction","mixed","none|electric","project_cost_estimate","contractor_quote_amount|monthly_kwh|rate_schedule|delivery_charges|generation_charges","equipment_category|project_timing","grant_amount","contractor_quote_required","needs_quote","medium","true"
"SOURCE_CA_ENERGY_COMMISSION:cec_solicitation_number:RFP-24-801","grant_funding","","upfront_cost_reduction","business_relevant","none","project_cost_estimate","contractor_quote_amount","equipment_category|project_timing","grant_amount","contractor_quote_required","needs_quote","high","false"
"SOURCE_DSIRE:dsire_program_id:5135","whole_building_custom_efficiency","electric_usage_reduction|hvac_electric_efficiency|refrigeration_electric_efficiency|motor_vfd_efficiency|controls_building_automation|commercial_kitchen_equipment_efficiency","bill_savings|upfront_cost_reduction","business_relevant","electric","annual_kwh|annual_electric_cost|average_cost_per_kwh","annual_therms|average_cost_per_therm|peak_kw|demand_charge_rate|square_footage|monthly_kwh|rate_schedule|delivery_charges|generation_charges|demand_charges|time_of_use_periods|annual_water_use|annual_water_cost|annual_sewer_cost","project_cost_estimate|equipment_category","per_kwh_saved","benchmark_range","needs_bill","medium","true"
"SOURCE_DSIRE:dsire_program_id:3284","whole_building_custom_efficiency","gas_usage_reduction|controls_building_automation|commercial_kitchen_equipment_efficiency|battery_tou_demand_savings|water_sewer_reduction","bill_savings|upfront_cost_reduction","business_relevant","electric|gas|water_sewer","annual_kwh|annual_electric_cost|average_cost_per_kwh","annual_therms|average_cost_per_therm|peak_kw|demand_charge_rate|square_footage|monthly_therms|gas_rate_schedule|demand_charges|time_of_use_periods|annual_water_use|annual_water_cost|annual_sewer_cost|annual_kwh|monthly_peak_kw|monthly_water_use|water_unit|sewer_cost|meter_size|irrigation_meter_present","project_cost_estimate|equipment_category","per_kwh_saved","benchmark_range","needs_bill","medium","true"
"SOURCE_DSIRE:dsire_program_id:22663","grant_funding","electric_usage_reduction|ev_charging_site_load","bill_savings|upfront_cost_reduction","public_nonprofit_only","none|electric","project_cost_estimate","contractor_quote_amount|monthly_kwh|rate_schedule|delivery_charges|generation_charges|peak_kw|demand_charge_rate|time_of_use_periods","equipment_category|project_timing","grant_amount","contractor_quote_required","needs_quote","high","true"
"SOURCE_SDGE_BUSINESS:program_url:sdge_com_node_555","no_direct_savings","","no_direct_savings","business_relevant","none","","","","unknown","unknown","unknown","low","true"
"SOURCE_DSIRE:dsire_program_id:3354","program_rule_value_only","","policy_or_permitting","mixed","none","","service_address|utility_provider","project_timing","unknown","unknown","policy_only","low","true"
"SOURCE_DSIRE:dsire_program_id:4535","grant_funding","electric_usage_reduction|hvac_electric_efficiency|controls_building_automation","bill_savings|upfront_cost_reduction","residential_only","none|electric","project_cost_estimate","contractor_quote_amount|monthly_kwh|rate_schedule|delivery_charges|generation_charges|peak_kw|demand_charges|annual_therms|time_of_use_periods","equipment_category|project_timing","grant_amount","contractor_quote_required","needs_quote","low","true"
"SOURCE_DSIRE:dsire_program_id:4932","pace_or_on_bill_financing","","financing","mixed","none","project_cost_estimate|financing_term_years|interest_rate","ownership_status|down_payment|annual_electric_cost|annual_gas_cost","ownership_status","financing","contractor_quote_required","needs_quote","medium","true"
"SOURCE_DSIRE:dsire_program_id:22149","grant_funding","","upfront_cost_reduction","unknown","none","project_cost_estimate","contractor_quote_amount","equipment_category|project_timing","grant_amount","contractor_quote_required","needs_quote","low","true"
"SOURCE_DSIRE:dsire_program_id:5724","financing_cash_flow","","financing","agriculture_only","none","project_cost_estimate|interest_rate|financing_term_years","down_payment|contractor_quote_amount","equipment_category","financing","contractor_quote_required","needs_quote","medium","true"
"SOURCE_CA_ENERGY_COMMISSION:cec_solicitation_number:GFO-23-601","grant_funding","","upfront_cost_reduction","business_relevant","none","project_cost_estimate","contractor_quote_amount","equipment_category|project_timing","grant_amount","contractor_quote_required","needs_quote","high","false"
"SOURCE_CA_ENERGY_COMMISSION:cec_solicitation_number:GFO-24-501","grant_funding","electric_usage_reduction","bill_savings|upfront_cost_reduction","mixed","none|electric","project_cost_estimate","contractor_quote_amount|monthly_kwh|rate_schedule|delivery_charges|generation_charges","equipment_category|project_timing","grant_amount","contractor_quote_required","needs_quote","high","true"
"SOURCE_DSIRE:dsire_program_id:22142","sales_or_property_tax_exemption","","tax_benefit","unknown","none","project_cost_estimate","ownership_status|tax_entity_type|contractor_quote_amount","equipment_category","tax_exemption","benchmark_range","needs_tax_review","low","true"
"SOURCE_DSIRE:dsire_program_id:22696","envelope_insulation_savings","project_cost_reduction_only","bill_savings|upfront_cost_reduction","unknown","gas|none","annual_therms|annual_gas_cost|average_cost_per_therm","annual_kwh|average_cost_per_kwh|square_footage|contractor_quote_amount|quote_date","square_footage|equipment_category","per_unit","cost_per_sqft","needs_bill","low","true"
"SOURCE_DSIRE:dsire_program_id:2533","refrigeration_electric_efficiency","electric_usage_reduction","bill_savings|upfront_cost_reduction","business_relevant","electric","annual_kwh|annual_electric_cost|average_cost_per_kwh","monthly_kwh|peak_kw|demand_charges|rate_schedule|delivery_charges|generation_charges","equipment_category|quantity","per_unit","cost_per_unit","needs_equipment_details","medium","true"
"SOURCE_DSIRE:dsire_program_id:5503","sales_or_property_tax_exemption","solar_electric_offset","bill_savings|tax_benefit","mixed","none|electric","project_cost_estimate","ownership_status|tax_entity_type|contractor_quote_amount|time_of_use_periods|demand_charges|generation_charges|delivery_charges","equipment_category","tax_exemption","benchmark_range","needs_tax_review","medium","true"
"SOURCE_DSIRE:dsire_program_id:561","sales_or_property_tax_exemption","","tax_benefit","unknown","none","project_cost_estimate","ownership_status|tax_entity_type|contractor_quote_amount","equipment_category","tax_exemption","benchmark_range","needs_tax_review","low","true"
"SOURCE_DSIRE:dsire_program_id:1920","fleet_fuel_replacement","ev_charging_site_load","bill_savings|upfront_cost_reduction","residential_only","fuel|electric","annual_gallons|annual_fuel_cost|average_cost_per_gallon|vehicle_count","estimated_miles|fuel_type|monthly_fuel_cost|rate_schedule|average_cost_per_kwh|peak_kw|demand_charge_rate|time_of_use_periods","vehicle_count","per_unit","cost_per_unit","needs_equipment_details","low","true"
"SOURCE_DSIRE:dsire_program_id:3294","motor_vfd_efficiency","","bill_savings|upfront_cost_reduction","business_relevant","electric","annual_kwh|annual_electric_cost|average_cost_per_kwh","peak_kw|demand_charge_rate|monthly_kwh","equipment_category|quantity","per_unit","cost_per_unit","needs_equipment_details","medium","true"
"SOURCE_DSIRE:dsire_program_id:22251","fleet_fuel_replacement","ev_charging_site_load","bill_savings|upfront_cost_reduction","residential_only","fuel|electric","annual_gallons|annual_fuel_cost|average_cost_per_gallon|vehicle_count","estimated_miles|fuel_type|monthly_fuel_cost|rate_schedule|average_cost_per_kwh|peak_kw|demand_charge_rate|time_of_use_periods","vehicle_count","per_unit","cost_per_unit","needs_equipment_details","low","true"
"SOURCE_DSIRE:dsire_program_id:4250","financing_cash_flow","","financing","mixed","none","project_cost_estimate|interest_rate|financing_term_years","down_payment|contractor_quote_amount","equipment_category","financing","contractor_quote_required","needs_quote","medium","true"
"SOURCE_DSIRE:dsire_program_id:5620","financing_cash_flow","electric_usage_reduction|hvac_electric_efficiency|refrigeration_electric_efficiency|motor_vfd_efficiency|commercial_kitchen_equipment_efficiency","bill_savings|financing","mixed","none|electric","project_cost_estimate|interest_rate|financing_term_years","down_payment|contractor_quote_amount|monthly_kwh|rate_schedule|delivery_charges|generation_charges|peak_kw|demand_charges|demand_charge_rate|annual_therms|average_cost_per_therm|annual_water_use|annual_water_cost|annual_sewer_cost","equipment_category","financing","contractor_quote_required","needs_quote","medium","true"
"SOURCE_DSIRE:dsire_program_id:3213","financing_cash_flow","","financing","mixed","none","project_cost_estimate|interest_rate|financing_term_years","down_payment|contractor_quote_amount","equipment_category","financing","contractor_quote_required","needs_quote","medium","true"
"SOURCE_DSIRE:dsire_program_id:5552","financing_cash_flow","solar_electric_offset","bill_savings|financing","mixed","none|electric","project_cost_estimate|interest_rate|financing_term_years","down_payment|contractor_quote_amount|time_of_use_periods|demand_charges|generation_charges|delivery_charges","equipment_category","financing","contractor_quote_required","needs_quote","medium","true"
"SOURCE_DSIRE:dsire_program_id:5539","financing_cash_flow","","financing","unknown","none","project_cost_estimate|interest_rate|financing_term_years","down_payment|contractor_quote_amount","equipment_category","financing","contractor_quote_required","needs_quote","low","true"
"SOURCE_CA_ENERGY_COMMISSION:cec_url_hash:url_hash:ee2970905a6a3bbb","grant_funding","","upfront_cost_reduction","business_relevant","none","project_cost_estimate","contractor_quote_amount","equipment_category|project_timing","grant_amount","contractor_quote_required","needs_quote","high","false"
"SOURCE_DSIRE:dsire_program_id:2176","ev_charging_site_load","project_cost_reduction_only","bill_savings|upfront_cost_reduction","business_relevant","electric|none","rate_schedule|annual_kwh|average_cost_per_kwh","peak_kw|demand_charge_rate|time_of_use_periods|contractor_quote_amount|quote_date","parking_spaces|ownership_status|equipment_category","per_unit","cost_per_unit","needs_quote","medium","true"
"SOURCE_DSIRE:dsire_program_id:5377","net_metering_or_export_value","solar_electric_offset","bill_savings|policy_or_permitting","mixed","electric","annual_kwh|monthly_kwh|rate_schedule","time_of_use_periods|generation_charges|delivery_charges|demand_charges","equipment_category|roof_area","unknown","unknown","policy_only","low","true"
"SOURCE_DSIRE:dsire_program_id:2307","hvac_electric_efficiency","project_cost_reduction_only","bill_savings|upfront_cost_reduction","residential_only","electric|none","annual_kwh|annual_electric_cost|average_cost_per_kwh","monthly_kwh|peak_kw|demand_charges|rate_schedule|contractor_quote_amount|quote_date","equipment_category|square_footage","per_unit","cost_per_unit","needs_bill","low","true"
"SOURCE_DSIRE:dsire_program_id:22087","battery_tou_demand_savings","project_cost_reduction_only","bill_savings|upfront_cost_reduction","mixed","electric|none","rate_schedule|time_of_use_periods|peak_kw|demand_charges|demand_charge_rate|monthly_kwh","annual_kwh|monthly_peak_kw|contractor_quote_amount|quote_date","equipment_category","per_unit","cost_per_kwh_storage","needs_equipment_details","medium","true"
"SOURCE_DSIRE:dsire_program_id:4971","motor_vfd_efficiency","","bill_savings|upfront_cost_reduction","business_relevant","electric","annual_kwh|annual_electric_cost|average_cost_per_kwh","peak_kw|demand_charge_rate|monthly_kwh","equipment_category|quantity","per_unit","cost_per_unit","needs_equipment_details","medium","true"
"SOURCE_DSIRE:dsire_program_id:4244","refrigeration_electric_efficiency","electric_usage_reduction","bill_savings|upfront_cost_reduction","mixed","electric","annual_kwh|annual_electric_cost|average_cost_per_kwh","monthly_kwh|peak_kw|demand_charges|rate_schedule|delivery_charges|generation_charges","equipment_category|quantity","per_unit","cost_per_unit","needs_equipment_details","medium","true"
"SOURCE_DSIRE:dsire_program_id:5368","whole_building_custom_efficiency","gas_usage_reduction|controls_building_automation|battery_tou_demand_savings","bill_savings|upfront_cost_reduction","mixed","electric|gas","annual_kwh|annual_electric_cost|average_cost_per_kwh","annual_therms|average_cost_per_therm|peak_kw|demand_charge_rate|square_footage|monthly_therms|gas_rate_schedule|demand_charges|time_of_use_periods|annual_kwh|monthly_peak_kw","project_cost_estimate|equipment_category","per_kwh_saved","benchmark_range","needs_bill","medium","true"
"SOURCE_DSIRE:dsire_program_id:1716","controls_building_automation","","bill_savings|upfront_cost_reduction","residential_only","electric","annual_kwh|rate_schedule","annual_therms|peak_kw|demand_charges|time_of_use_periods","square_footage|equipment_category","per_unit","benchmark_range","needs_equipment_details","low","true"
"SOURCE_DSIRE:dsire_program_id:3654","ev_charging_site_load","project_cost_reduction_only","bill_savings|upfront_cost_reduction","business_relevant","electric|none","rate_schedule|annual_kwh|average_cost_per_kwh","peak_kw|demand_charge_rate|time_of_use_periods|contractor_quote_amount|quote_date","parking_spaces|ownership_status|equipment_category","per_unit","cost_per_unit","needs_quote","medium","true"
"SOURCE_DSIRE:dsire_program_id:22128","fleet_fuel_replacement","ev_charging_site_load","bill_savings|upfront_cost_reduction","business_relevant","fuel|electric","annual_gallons|annual_fuel_cost|average_cost_per_gallon|vehicle_count","estimated_miles|fuel_type|monthly_fuel_cost|rate_schedule|average_cost_per_kwh|peak_kw|demand_charge_rate|time_of_use_periods","vehicle_count","per_unit","cost_per_unit","needs_equipment_details","medium","true"
"SOURCE_DSIRE:dsire_program_id:3672","whole_building_custom_efficiency","hvac_electric_efficiency|gas_usage_reduction|motor_vfd_efficiency|controls_building_automation|battery_tou_demand_savings|water_sewer_reduction","bill_savings|upfront_cost_reduction","residential_only","electric|gas|water_sewer","annual_kwh|annual_electric_cost|average_cost_per_kwh","annual_therms|average_cost_per_therm|peak_kw|demand_charge_rate|square_footage|monthly_kwh|demand_charges|rate_schedule|monthly_therms|gas_rate_schedule|time_of_use_periods|annual_kwh|monthly_peak_kw|monthly_water_use|water_unit|sewer_cost|meter_size|irrigation_meter_present","project_cost_estimate|equipment_category","per_kwh_saved","benchmark_range","needs_bill","low","true"
"SOURCE_DSIRE:dsire_program_id:4911","program_rule_value_only","","policy_or_permitting","business_relevant","none","","service_address|utility_provider","project_timing","unknown","unknown","policy_only","low","true"
"SOURCE_DSIRE:dsire_program_id:22311","fleet_fuel_replacement","ev_charging_site_load","bill_savings|upfront_cost_reduction","mixed","fuel|electric","annual_gallons|annual_fuel_cost|average_cost_per_gallon|vehicle_count","estimated_miles|fuel_type|monthly_fuel_cost|rate_schedule|average_cost_per_kwh|peak_kw|demand_charge_rate|time_of_use_periods","vehicle_count","per_unit","cost_per_unit","needs_equipment_details","medium","true"
"SOURCE_CA_ENERGY_COMMISSION:cec_solicitation_number:GFO-22-613","grant_funding","","upfront_cost_reduction","business_relevant","none","project_cost_estimate","contractor_quote_amount","equipment_category|project_timing","grant_amount","contractor_quote_required","needs_quote","high","false"
"SOURCE_CA_ENERGY_COMMISSION:cec_solicitation_number:GFO-24-305","grant_funding","hvac_electric_efficiency|motor_vfd_efficiency","bill_savings|upfront_cost_reduction","mixed","none|electric","project_cost_estimate","contractor_quote_amount|monthly_kwh|peak_kw|demand_charges|rate_schedule|demand_charge_rate","equipment_category|project_timing","grant_amount","contractor_quote_required","needs_quote","high","true"
"SOURCE_DSIRE:dsire_program_id:4292","program_rule_value_only","","policy_or_permitting","mixed","none","","service_address|utility_provider","project_timing","unknown","unknown","policy_only","low","true"
"SOURCE_DSIRE:dsire_program_id:4304","controls_building_automation","","bill_savings|upfront_cost_reduction","business_relevant","electric","annual_kwh|rate_schedule","annual_therms|peak_kw|demand_charges|time_of_use_periods","square_footage|equipment_category","per_unit","benchmark_range","needs_equipment_details","medium","true"
"SOURCE_DSIRE:dsire_program_id:2010","financing_cash_flow","","financing","residential_only","none","project_cost_estimate|interest_rate|financing_term_years","down_payment|contractor_quote_amount","equipment_category","financing","contractor_quote_required","needs_quote","low","true"
"SOURCE_DSIRE:dsire_program_id:4222","whole_building_custom_efficiency","electric_usage_reduction|hvac_electric_efficiency|gas_usage_reduction|motor_vfd_efficiency|controls_building_automation|water_sewer_reduction","bill_savings|upfront_cost_reduction","residential_only","electric|gas|water_sewer","annual_kwh|annual_electric_cost|average_cost_per_kwh","annual_therms|average_cost_per_therm|peak_kw|demand_charge_rate|square_footage|monthly_kwh|rate_schedule|delivery_charges|generation_charges|demand_charges|monthly_therms|gas_rate_schedule|time_of_use_periods|monthly_water_use|water_unit|sewer_cost|meter_size|irrigation_meter_present","project_cost_estimate|equipment_category","per_kwh_saved","benchmark_range","needs_bill","low","true"
"SOURCE_DSIRE:dsire_program_id:3919","ev_charging_site_load","project_cost_reduction_only","bill_savings|upfront_cost_reduction","residential_only","electric|none","rate_schedule|annual_kwh|average_cost_per_kwh","peak_kw|demand_charge_rate|time_of_use_periods|contractor_quote_amount|quote_date","parking_spaces|ownership_status|equipment_category","per_unit","cost_per_unit","needs_quote","low","true"
"SOURCE_DSIRE:dsire_program_id:5754","financing_cash_flow","hvac_electric_efficiency|motor_vfd_efficiency","bill_savings|financing","public_nonprofit_only","none|electric","project_cost_estimate|interest_rate|financing_term_years","down_payment|contractor_quote_amount|monthly_kwh|peak_kw|demand_charges|rate_schedule|demand_charge_rate","equipment_category","financing","contractor_quote_required","needs_quote","high","true"
"SOURCE_DSIRE:dsire_program_id:3390","financing_cash_flow","","financing","residential_only","none","project_cost_estimate|interest_rate|financing_term_years","down_payment|contractor_quote_amount","equipment_category","financing","contractor_quote_required","needs_quote","low","true"
"SOURCE_DSIRE:dsire_program_id:2138","refrigeration_electric_efficiency","electric_usage_reduction","bill_savings|upfront_cost_reduction","mixed","electric","annual_kwh|annual_electric_cost|average_cost_per_kwh","monthly_kwh|peak_kw|demand_charges|rate_schedule|delivery_charges|generation_charges","equipment_category|quantity","per_unit","cost_per_unit","needs_equipment_details","medium","true"
"SOURCE_DSIRE:dsire_program_id:22341","ev_charging_site_load","project_cost_reduction_only","bill_savings|upfront_cost_reduction","business_relevant","electric|none","rate_schedule|annual_kwh|average_cost_per_kwh","peak_kw|demand_charge_rate|time_of_use_periods|contractor_quote_amount|quote_date","parking_spaces|ownership_status|equipment_category","per_unit","cost_per_unit","needs_quote","medium","true"
"SOURCE_DSIRE:dsire_program_id:22712","electric_usage_reduction","project_cost_reduction_only","bill_savings|upfront_cost_reduction","residential_only","electric|none","annual_kwh|annual_electric_cost|average_cost_per_kwh","monthly_kwh|rate_schedule|delivery_charges|generation_charges|contractor_quote_amount|quote_date","equipment_category","per_unit","cost_per_unit","needs_bill","low","true"
"SOURCE_DSIRE:dsire_program_code_title_hash:MI22F:171063d402f9","sales_or_property_tax_exemption","","tax_benefit","unknown","none","project_cost_estimate","ownership_status|tax_entity_type|contractor_quote_amount","equipment_category","tax_exemption","benchmark_range","needs_tax_review","low","true"
"SOURCE_DSIRE:dsire_program_id:22041","grant_funding","electric_usage_reduction|hvac_electric_efficiency|motor_vfd_efficiency|controls_building_automation","bill_savings|upfront_cost_reduction","business_relevant","none|electric","project_cost_estimate","contractor_quote_amount|monthly_kwh|rate_schedule|delivery_charges|generation_charges|peak_kw|demand_charges|demand_charge_rate|annual_therms|time_of_use_periods","equipment_category|project_timing","grant_amount","contractor_quote_required","needs_quote","medium","true"
"SOURCE_DSIRE:dsire_program_id:22427","hvac_electric_efficiency","project_cost_reduction_only","bill_savings|upfront_cost_reduction","unknown","electric|none","annual_kwh|annual_electric_cost|average_cost_per_kwh","monthly_kwh|peak_kw|demand_charges|rate_schedule|contractor_quote_amount|quote_date","equipment_category|square_footage","per_unit","cost_per_unit","needs_bill","low","true"
"SOURCE_DSIRE:dsire_program_id:2190","project_cost_reduction_only","","upfront_cost_reduction","residential_only","none","project_cost_estimate","contractor_quote_amount|quote_date","equipment_category","per_unit","benchmark_range","needs_equipment_details","low","true"
"SOURCE_DSIRE:dsire_program_id:22216","grant_funding","","upfront_cost_reduction","public_nonprofit_only","none","project_cost_estimate","contractor_quote_amount","equipment_category|project_timing","grant_amount","contractor_quote_required","needs_quote","medium","true"
"SOURCE_DSIRE:dsire_program_id:3138","hvac_electric_efficiency","project_cost_reduction_only","bill_savings|upfront_cost_reduction","residential_only","electric|none","annual_kwh|annual_electric_cost|average_cost_per_kwh","monthly_kwh|peak_kw|demand_charges|rate_schedule|contractor_quote_amount|quote_date","equipment_category|square_footage","per_unit","cost_per_unit","needs_bill","low","true"
"SOURCE_DSIRE:dsire_program_id:4377","controls_building_automation","","bill_savings|upfront_cost_reduction","residential_only","electric","annual_kwh|rate_schedule","annual_therms|peak_kw|demand_charges|time_of_use_periods","square_footage|equipment_category","per_unit","benchmark_range","needs_equipment_details","low","true"
"SOURCE_DSIRE:dsire_program_id:22792","interconnection_or_grid_access_value","","policy_or_permitting","unknown","none","","utility_provider|service_address|rate_schedule","equipment_category|project_timing","unknown","unknown","policy_only","low","true"
"SOURCE_DSIRE:dsire_program_id:2099","motor_vfd_efficiency","","bill_savings|upfront_cost_reduction","residential_only","electric","annual_kwh|annual_electric_cost|average_cost_per_kwh","peak_kw|demand_charge_rate|monthly_kwh","equipment_category|quantity","per_unit","cost_per_unit","needs_equipment_details","low","true"
"SOURCE_DSIRE:dsire_program_id:22725","commercial_kitchen_equipment_efficiency","water_sewer_reduction","bill_savings|upfront_cost_reduction","residential_only","electric|water_sewer","annual_kwh|annual_electric_cost|average_cost_per_kwh","annual_therms|average_cost_per_therm|annual_water_use|annual_water_cost|annual_sewer_cost|monthly_water_use|water_unit|sewer_cost|meter_size|irrigation_meter_present","equipment_category|quantity","per_unit","cost_per_unit","needs_equipment_details","low","true"
"SOURCE_DSIRE:dsire_program_id:3406","ev_charging_site_load","project_cost_reduction_only","bill_savings|upfront_cost_reduction","residential_only","electric|none","rate_schedule|annual_kwh|average_cost_per_kwh","peak_kw|demand_charge_rate|time_of_use_periods|contractor_quote_amount|quote_date","parking_spaces|ownership_status|equipment_category","per_unit","cost_per_unit","needs_quote","low","true"
"SOURCE_DSIRE:dsire_program_id:22347","project_cost_reduction_only","","upfront_cost_reduction","mixed","none","project_cost_estimate","contractor_quote_amount|quote_date","equipment_category","per_unit","benchmark_range","needs_equipment_details","high","true"
"SOURCE_DSIRE:dsire_program_id:4594","hvac_electric_efficiency","project_cost_reduction_only","bill_savings|upfront_cost_reduction","mixed","electric|none","annual_kwh|annual_electric_cost|average_cost_per_kwh","monthly_kwh|peak_kw|demand_charges|rate_schedule|contractor_quote_amount|quote_date","equipment_category|square_footage","per_unit","cost_per_unit","needs_bill","medium","true"
"SOURCE_DSIRE:dsire_program_id:2278","ev_charging_site_load","project_cost_reduction_only","bill_savings|upfront_cost_reduction","residential_only","electric|none","rate_schedule|annual_kwh|average_cost_per_kwh","peak_kw|demand_charge_rate|time_of_use_periods|contractor_quote_amount|quote_date","parking_spaces|ownership_status|equipment_category","per_unit","cost_per_unit","needs_quote","low","true"
"SOURCE_DSIRE:dsire_program_id:3534","pace_or_on_bill_financing","","financing","mixed","none","project_cost_estimate|financing_term_years|interest_rate","ownership_status|down_payment|annual_electric_cost|annual_gas_cost","ownership_status","financing","contractor_quote_required","needs_quote","high","true"
"SOURCE_DSIRE:dsire_program_id:3853","controls_building_automation","","bill_savings|upfront_cost_reduction","mixed","electric","annual_kwh|rate_schedule","annual_therms|peak_kw|demand_charges|time_of_use_periods","square_footage|equipment_category","per_unit","benchmark_range","needs_equipment_details","medium","true"
"SOURCE_DSIRE:dsire_program_id:3168","interconnection_or_grid_access_value","","policy_or_permitting","residential_only","none","","utility_provider|service_address|rate_schedule","equipment_category|project_timing","unknown","unknown","policy_only","low","true"
"SOURCE_DSIRE:dsire_program_id:2107","financing_cash_flow","hvac_electric_efficiency|gas_usage_reduction|motor_vfd_efficiency","bill_savings|financing","residential_only","none|electric|gas","project_cost_estimate|interest_rate|financing_term_years","down_payment|contractor_quote_amount|monthly_kwh|peak_kw|demand_charges|rate_schedule|monthly_therms|gas_rate_schedule|demand_charge_rate","equipment_category","financing","contractor_quote_required","needs_quote","low","true"
"SOURCE_DSIRE:dsire_program_id:3334","pace_or_on_bill_financing","","financing","mixed","none","project_cost_estimate|financing_term_years|interest_rate","ownership_status|down_payment|annual_electric_cost|annual_gas_cost","ownership_status","financing","contractor_quote_required","needs_quote","medium","true"
"SOURCE_DSIRE:dsire_program_id:3260","whole_building_custom_efficiency","electric_usage_reduction|hvac_electric_efficiency|gas_usage_reduction|refrigeration_electric_efficiency|motor_vfd_efficiency|controls_building_automation|commercial_kitchen_equipment_efficiency","bill_savings|upfront_cost_reduction","business_relevant","electric|gas","annual_kwh|annual_electric_cost|average_cost_per_kwh","annual_therms|average_cost_per_therm|peak_kw|demand_charge_rate|square_footage|monthly_kwh|rate_schedule|delivery_charges|generation_charges|demand_charges|monthly_therms|gas_rate_schedule|time_of_use_periods|annual_water_use|annual_water_cost|annual_sewer_cost","project_cost_estimate|equipment_category","per_kwh_saved","benchmark_range","needs_bill","medium","true"
"SOURCE_DSIRE:dsire_program_id:22753","solar_electric_offset","project_cost_reduction_only","bill_savings|upfront_cost_reduction","residential_only","electric|none","annual_kwh|monthly_kwh|average_cost_per_kwh|rate_schedule","time_of_use_periods|demand_charges|generation_charges|delivery_charges|contractor_quote_amount|quote_date","roof_area|ownership_status","per_kw","cost_per_kw","needs_bill","low","true"
"SOURCE_DSIRE:dsire_program_id:1070","sales_or_property_tax_exemption","electric_usage_reduction","bill_savings|tax_benefit","business_relevant","none|electric","project_cost_estimate","ownership_status|tax_entity_type|contractor_quote_amount|monthly_kwh|rate_schedule|delivery_charges|generation_charges","equipment_category","tax_exemption","benchmark_range","needs_tax_review","medium","false"
"SOURCE_DSIRE:dsire_program_id:2584","whole_building_custom_efficiency","electric_usage_reduction|hvac_electric_efficiency|refrigeration_electric_efficiency|motor_vfd_efficiency|controls_building_automation|commercial_kitchen_equipment_efficiency","bill_savings|upfront_cost_reduction","business_relevant","electric","annual_kwh|annual_electric_cost|average_cost_per_kwh","annual_therms|average_cost_per_therm|peak_kw|demand_charge_rate|square_footage|monthly_kwh|rate_schedule|delivery_charges|generation_charges|demand_charges|time_of_use_periods|annual_water_use|annual_water_cost|annual_sewer_cost","project_cost_estimate|equipment_category","per_kwh_saved","benchmark_range","needs_bill","medium","true"
"SOURCE_DSIRE:dsire_program_id:2801","sales_or_property_tax_exemption","","tax_benefit","mixed","none","project_cost_estimate","ownership_status|tax_entity_type|contractor_quote_amount","equipment_category","tax_exemption","benchmark_range","needs_tax_review","medium","true"
"SOURCE_DSIRE:dsire_program_id:22555","grant_funding","","upfront_cost_reduction","unknown","none","project_cost_estimate","contractor_quote_amount","equipment_category|project_timing","grant_amount","contractor_quote_required","needs_quote","low","true"
"SOURCE_DSIRE:dsire_program_id:22664","grant_funding","ev_charging_site_load","bill_savings|upfront_cost_reduction","unknown","none|electric","project_cost_estimate","contractor_quote_amount|peak_kw|demand_charge_rate|time_of_use_periods","equipment_category|project_timing","grant_amount","contractor_quote_required","needs_quote","low","true"
"SOURCE_DSIRE:dsire_program_id:5181","pace_or_on_bill_financing","","financing","mixed","none","project_cost_estimate|financing_term_years|interest_rate","ownership_status|down_payment|annual_electric_cost|annual_gas_cost","ownership_status","financing","contractor_quote_required","needs_quote","medium","true"
"SOURCE_CA_ENERGY_COMMISSION:cec_url_hash:url_hash:ac8815165ca3beba","grant_funding","controls_building_automation","bill_savings|upfront_cost_reduction","business_relevant","none|electric","project_cost_estimate","contractor_quote_amount|annual_therms|peak_kw|demand_charges|time_of_use_periods","equipment_category|project_timing","grant_amount","contractor_quote_required","needs_quote","high","false"
"SOURCE_CA_ENERGY_COMMISSION:cec_url_hash:url_hash:90737837302fb8f4","grant_funding","electric_usage_reduction|battery_tou_demand_savings","bill_savings|upfront_cost_reduction","business_relevant","none|electric","project_cost_estimate","contractor_quote_amount|monthly_kwh|rate_schedule|delivery_charges|generation_charges|annual_kwh|monthly_peak_kw","equipment_category|project_timing","grant_amount","contractor_quote_required","needs_quote","high","false"
"SOURCE_DSIRE:dsire_program_id:22607","net_metering_or_export_value","solar_electric_offset","bill_savings|policy_or_permitting","residential_only","electric","annual_kwh|monthly_kwh|rate_schedule","time_of_use_periods|generation_charges|delivery_charges|demand_charges","equipment_category|roof_area","unknown","unknown","policy_only","low","true"
"SOURCE_DSIRE:dsire_program_id:22602","grant_funding","","upfront_cost_reduction","public_nonprofit_only","none","project_cost_estimate","contractor_quote_amount","equipment_category|project_timing","grant_amount","contractor_quote_required","needs_quote","high","true"
"SOURCE_DSIRE:dsire_program_id:22493","grant_funding","","upfront_cost_reduction","residential_only","none","project_cost_estimate","contractor_quote_amount","equipment_category|project_timing","grant_amount","contractor_quote_required","needs_quote","low","true"
"SOURCE_DSIRE:dsire_program_id:4615","controls_building_automation","","bill_savings|upfront_cost_reduction","residential_only","electric","annual_kwh|rate_schedule","annual_therms|peak_kw|demand_charges|time_of_use_periods","square_footage|equipment_category","per_unit","benchmark_range","needs_equipment_details","low","true"
"SOURCE_DSIRE:dsire_program_id:2932","ev_charging_site_load","project_cost_reduction_only","bill_savings|upfront_cost_reduction","residential_only","electric|none","rate_schedule|annual_kwh|average_cost_per_kwh","peak_kw|demand_charge_rate|time_of_use_periods|contractor_quote_amount|quote_date","parking_spaces|ownership_status|equipment_category","per_unit","cost_per_unit","needs_quote","low","true"
"SOURCE_DSIRE:dsire_program_id:4813","hvac_electric_efficiency","project_cost_reduction_only","bill_savings|upfront_cost_reduction","residential_only","electric|none","annual_kwh|annual_electric_cost|average_cost_per_kwh","monthly_kwh|peak_kw|demand_charges|rate_schedule|contractor_quote_amount|quote_date","equipment_category|square_footage","per_unit","cost_per_unit","needs_bill","low","true"
"SOURCE_DSIRE:dsire_program_id:1932","ev_charging_site_load","project_cost_reduction_only","bill_savings|upfront_cost_reduction","residential_only","electric|none","rate_schedule|annual_kwh|average_cost_per_kwh","peak_kw|demand_charge_rate|time_of_use_periods|contractor_quote_amount|quote_date","parking_spaces|ownership_status|equipment_category","per_unit","cost_per_unit","needs_quote","low","true"
"SOURCE_DSIRE:dsire_program_id:1227","tax_benefit_project_cost_reduction","","tax_benefit","residential_only","none","project_cost_estimate|tax_entity_type","ownership_status|tax_appetite_unknown|contractor_quote_amount","equipment_category","tax_credit","benchmark_range","needs_tax_review","low","true"
"SOURCE_DSIRE:dsire_program_id:3458","financing_cash_flow","electric_usage_reduction|hvac_electric_efficiency","bill_savings|financing","business_relevant","none|electric","project_cost_estimate|interest_rate|financing_term_years","down_payment|contractor_quote_amount|monthly_kwh|rate_schedule|delivery_charges|generation_charges|peak_kw|demand_charges","equipment_category","financing","contractor_quote_required","needs_quote","medium","true"
"SOURCE_DSIRE:dsire_program_id:2185","financing_cash_flow","hvac_electric_efficiency|gas_usage_reduction|motor_vfd_efficiency|controls_building_automation|ev_charging_site_load|water_sewer_reduction","bill_savings|financing","residential_only","none|electric|gas|water_sewer","project_cost_estimate|interest_rate|financing_term_years","down_payment|contractor_quote_amount|monthly_kwh|peak_kw|demand_charges|rate_schedule|monthly_therms|gas_rate_schedule|demand_charge_rate|annual_therms|time_of_use_periods|monthly_water_use|water_unit|sewer_cost|meter_size|irrigation_meter_present","equipment_category","financing","contractor_quote_required","needs_quote","low","true"
"SOURCE_DSIRE:dsire_program_id:22742","ev_charging_site_load","project_cost_reduction_only","bill_savings|upfront_cost_reduction","residential_only","electric|none","rate_schedule|annual_kwh|average_cost_per_kwh","peak_kw|demand_charge_rate|time_of_use_periods|contractor_quote_amount|quote_date","parking_spaces|ownership_status|equipment_category","per_unit","cost_per_unit","needs_quote","low","true"
"SOURCE_DSIRE:dsire_program_id:1459","financing_cash_flow","","financing","residential_only","none","project_cost_estimate|interest_rate|financing_term_years","down_payment|contractor_quote_amount","equipment_category","financing","contractor_quote_required","needs_quote","low","true"
"SOURCE_DSIRE:dsire_program_id:1946","whole_building_custom_efficiency","electric_usage_reduction|hvac_electric_efficiency|gas_usage_reduction|refrigeration_electric_efficiency|motor_vfd_efficiency|controls_building_automation|commercial_kitchen_equipment_efficiency|battery_tou_demand_savings|water_sewer_reduction","bill_savings|upfront_cost_reduction","business_relevant","electric|gas|water_sewer","annual_kwh|annual_electric_cost|average_cost_per_kwh","annual_therms|average_cost_per_therm|peak_kw|demand_charge_rate|square_footage|monthly_kwh|rate_schedule|delivery_charges|generation_charges|demand_charges|monthly_therms|gas_rate_schedule|time_of_use_periods|annual_water_use|annual_water_cost|annual_sewer_cost|annual_kwh|monthly_peak_kw|monthly_water_use|water_unit|sewer_cost|meter_size|irrigation_meter_present","project_cost_estimate|equipment_category","per_kwh_saved","benchmark_range","needs_bill","medium","true"
"SOURCE_DSIRE:dsire_program_id:3594","motor_vfd_efficiency","","bill_savings|upfront_cost_reduction","business_relevant","electric","annual_kwh|annual_electric_cost|average_cost_per_kwh","peak_kw|demand_charge_rate|monthly_kwh","equipment_category|quantity","per_unit","cost_per_unit","needs_equipment_details","medium","true"
"SOURCE_DSIRE:dsire_program_id:5128","fleet_fuel_replacement","ev_charging_site_load","bill_savings|upfront_cost_reduction","residential_only","fuel|electric","annual_gallons|annual_fuel_cost|average_cost_per_gallon|vehicle_count","estimated_miles|fuel_type|monthly_fuel_cost|rate_schedule|average_cost_per_kwh|peak_kw|demand_charge_rate|time_of_use_periods","vehicle_count","per_unit","cost_per_unit","needs_equipment_details","low","true"
"SOURCE_DSIRE:dsire_program_id:2678","motor_vfd_efficiency","","bill_savings|upfront_cost_reduction","mixed","electric","annual_kwh|annual_electric_cost|average_cost_per_kwh","peak_kw|demand_charge_rate|monthly_kwh","equipment_category|quantity","per_unit","cost_per_unit","needs_equipment_details","medium","true"
"SOURCE_DSIRE:dsire_program_id:22642","grant_funding","ev_charging_site_load","bill_savings|upfront_cost_reduction","unknown","none|electric","project_cost_estimate","contractor_quote_amount|peak_kw|demand_charge_rate|time_of_use_periods","equipment_category|project_timing","grant_amount","contractor_quote_required","needs_quote","low","true"
"SOURCE_DSIRE:dsire_program_id:1346","controls_building_automation","","bill_savings|upfront_cost_reduction","business_relevant","electric","annual_kwh|rate_schedule","annual_therms|peak_kw|demand_charges|time_of_use_periods","square_footage|equipment_category","per_unit","benchmark_range","needs_equipment_details","medium","true"
"SOURCE_DSIRE:dsire_program_id:3065","controls_building_automation","","bill_savings|upfront_cost_reduction","business_relevant","electric","annual_kwh|rate_schedule","annual_therms|peak_kw|demand_charges|time_of_use_periods","square_footage|equipment_category","per_unit","benchmark_range","needs_equipment_details","medium","true"
"SOURCE_DSIRE:dsire_program_id:1549","whole_building_custom_efficiency","electric_usage_reduction|hvac_electric_efficiency|gas_usage_reduction|motor_vfd_efficiency","bill_savings|upfront_cost_reduction","residential_only","electric|gas","annual_kwh|annual_electric_cost|average_cost_per_kwh","annual_therms|average_cost_per_therm|peak_kw|demand_charge_rate|square_footage|monthly_kwh|rate_schedule|delivery_charges|generation_charges|demand_charges|monthly_therms|gas_rate_schedule","project_cost_estimate|equipment_category","per_kwh_saved","benchmark_range","needs_bill","low","true"
"SOURCE_DSIRE:dsire_program_id:918","grant_funding","","upfront_cost_reduction","unknown","none","project_cost_estimate","contractor_quote_amount","equipment_category|project_timing","grant_amount","contractor_quote_required","needs_quote","low","true"
"SOURCE_CA_ENERGY_COMMISSION:cec_solicitation_number:GFO-21-901","grant_funding","battery_tou_demand_savings","bill_savings|upfront_cost_reduction","business_relevant","none|electric","project_cost_estimate","contractor_quote_amount|annual_kwh|monthly_peak_kw","equipment_category|project_timing","grant_amount","contractor_quote_required","needs_quote","high","false"
"SOURCE_DSIRE:dsire_program_id:3241","ev_charging_site_load","project_cost_reduction_only","bill_savings|upfront_cost_reduction","residential_only","electric|none","rate_schedule|annual_kwh|average_cost_per_kwh","peak_kw|demand_charge_rate|time_of_use_periods|contractor_quote_amount|quote_date","parking_spaces|ownership_status|equipment_category","per_unit","cost_per_unit","needs_quote","low","true"
"SOURCE_DSIRE:dsire_program_id:22803","sales_or_property_tax_exemption","controls_building_automation|battery_tou_demand_savings","bill_savings|tax_benefit","public_nonprofit_only","none|electric","project_cost_estimate","ownership_status|tax_entity_type|contractor_quote_amount|annual_therms|peak_kw|demand_charges|time_of_use_periods|annual_kwh|monthly_peak_kw","equipment_category","tax_exemption","benchmark_range","needs_tax_review","medium","true"
"SOURCE_CA_ENERGY_COMMISSION:cec_url_hash:url_hash:a1293ec45683138e","grant_funding","electric_usage_reduction|ev_charging_site_load|battery_tou_demand_savings","bill_savings|upfront_cost_reduction","business_relevant","none|electric","project_cost_estimate","contractor_quote_amount|monthly_kwh|rate_schedule|delivery_charges|generation_charges|peak_kw|demand_charge_rate|time_of_use_periods|annual_kwh|monthly_peak_kw","equipment_category|project_timing","grant_amount","contractor_quote_required","needs_quote","high","false"
"SOURCE_DSIRE:dsire_program_id:22141","interconnection_or_grid_access_value","","policy_or_permitting","unknown","none","","utility_provider|service_address|rate_schedule","equipment_category|project_timing","unknown","unknown","policy_only","low","true"
"SOURCE_DSIRE:dsire_program_id:2035","motor_vfd_efficiency","","bill_savings|upfront_cost_reduction","residential_only","electric","annual_kwh|annual_electric_cost|average_cost_per_kwh","peak_kw|demand_charge_rate|monthly_kwh","equipment_category|quantity","per_unit","cost_per_unit","needs_equipment_details","low","true"
"SOURCE_DSIRE:dsire_program_id:22376","project_cost_reduction_only","","upfront_cost_reduction","mixed","none","project_cost_estimate","contractor_quote_amount|quote_date","equipment_category","per_unit","benchmark_range","needs_equipment_details","medium","true"
"SOURCE_DSIRE:dsire_program_id:22288","fleet_fuel_replacement","ev_charging_site_load","bill_savings|upfront_cost_reduction","residential_only","fuel|electric","annual_gallons|annual_fuel_cost|average_cost_per_gallon|vehicle_count","estimated_miles|fuel_type|monthly_fuel_cost|rate_schedule|average_cost_per_kwh|peak_kw|demand_charge_rate|time_of_use_periods","vehicle_count","per_unit","cost_per_unit","needs_equipment_details","low","true"
"SOURCE_DSIRE:dsire_program_id:2538","whole_building_custom_efficiency","electric_usage_reduction|hvac_electric_efficiency|refrigeration_electric_efficiency|motor_vfd_efficiency|controls_building_automation|commercial_kitchen_equipment_efficiency|battery_tou_demand_savings","bill_savings|upfront_cost_reduction","business_relevant","electric","annual_kwh|annual_electric_cost|average_cost_per_kwh","annual_therms|average_cost_per_therm|peak_kw|demand_charge_rate|square_footage|monthly_kwh|rate_schedule|delivery_charges|generation_charges|demand_charges|time_of_use_periods|annual_water_use|annual_water_cost|annual_sewer_cost|annual_kwh|monthly_peak_kw","project_cost_estimate|equipment_category","per_kwh_saved","benchmark_range","needs_bill","medium","true"
"SOURCE_DSIRE:dsire_program_id:2051","motor_vfd_efficiency","","bill_savings|upfront_cost_reduction","residential_only","electric","annual_kwh|annual_electric_cost|average_cost_per_kwh","peak_kw|demand_charge_rate|monthly_kwh","equipment_category|quantity","per_unit","cost_per_unit","needs_equipment_details","low","true"
"SOURCE_DSIRE:dsire_program_code_title_hash:NY24F:0c47bde08e3c","sales_or_property_tax_exemption","","tax_benefit","unknown","none","project_cost_estimate","ownership_status|tax_entity_type|contractor_quote_amount","equipment_category","tax_exemption","benchmark_range","needs_tax_review","low","true"
"SOURCE_CA_ENERGY_COMMISSION:cec_solicitation_number:GFO-25-306","grant_funding","solar_electric_offset|battery_tou_demand_savings","bill_savings|upfront_cost_reduction","business_relevant","none|electric","project_cost_estimate","contractor_quote_amount|time_of_use_periods|demand_charges|generation_charges|delivery_charges|annual_kwh|monthly_peak_kw","equipment_category|project_timing","grant_amount","contractor_quote_required","needs_quote","high","false"
"SOURCE_DSIRE:dsire_program_id:1803","program_rule_value_only","","policy_or_permitting","mixed","none","","service_address|utility_provider","project_timing","unknown","unknown","policy_only","low","true"
"SOURCE_DSIRE:dsire_program_id:4299","whole_building_custom_efficiency","electric_usage_reduction|hvac_electric_efficiency|refrigeration_electric_efficiency|motor_vfd_efficiency|controls_building_automation|commercial_kitchen_equipment_efficiency","bill_savings|upfront_cost_reduction","mixed","electric","annual_kwh|annual_electric_cost|average_cost_per_kwh","annual_therms|average_cost_per_therm|peak_kw|demand_charge_rate|square_footage|monthly_kwh|rate_schedule|delivery_charges|generation_charges|demand_charges|time_of_use_periods|annual_water_use|annual_water_cost|annual_sewer_cost","project_cost_estimate|equipment_category","per_kwh_saved","benchmark_range","needs_bill","medium","true"
"SOURCE_DSIRE:dsire_program_id:3344","motor_vfd_efficiency","","bill_savings|upfront_cost_reduction","residential_only","electric","annual_kwh|annual_electric_cost|average_cost_per_kwh","peak_kw|demand_charge_rate|monthly_kwh","equipment_category|quantity","per_unit","cost_per_unit","needs_equipment_details","low","true"
"SOURCE_DSIRE:dsire_program_id:3696","envelope_insulation_savings","project_cost_reduction_only","bill_savings|upfront_cost_reduction","residential_only","gas|none","annual_therms|annual_gas_cost|average_cost_per_therm","annual_kwh|average_cost_per_kwh|square_footage|contractor_quote_amount|quote_date","square_footage|equipment_category","per_unit","cost_per_sqft","needs_bill","low","true"
"SOURCE_DSIRE:dsire_program_id:22691","controls_building_automation","","bill_savings|upfront_cost_reduction","mixed","electric","annual_kwh|rate_schedule","annual_therms|peak_kw|demand_charges|time_of_use_periods","square_footage|equipment_category","per_unit","benchmark_range","needs_equipment_details","medium","true"
"SOURCE_DSIRE:dsire_program_id:978","sales_or_property_tax_exemption","solar_electric_offset","bill_savings|tax_benefit","business_relevant","none|electric","project_cost_estimate","ownership_status|tax_entity_type|contractor_quote_amount|time_of_use_periods|demand_charges|generation_charges|delivery_charges","equipment_category","tax_exemption","benchmark_range","needs_tax_review","medium","true"
"SOURCE_DSIRE:dsire_program_id:2195","whole_building_custom_efficiency","electric_usage_reduction|hvac_electric_efficiency|gas_usage_reduction|refrigeration_electric_efficiency|motor_vfd_efficiency|controls_building_automation|water_sewer_reduction","bill_savings|upfront_cost_reduction","mixed","electric|gas|water_sewer","annual_kwh|annual_electric_cost|average_cost_per_kwh","annual_therms|average_cost_per_therm|peak_kw|demand_charge_rate|square_footage|monthly_kwh|rate_schedule|delivery_charges|generation_charges|demand_charges|monthly_therms|gas_rate_schedule|time_of_use_periods|monthly_water_use|water_unit|sewer_cost|meter_size|irrigation_meter_present","project_cost_estimate|equipment_category","per_kwh_saved","benchmark_range","needs_bill","medium","true"
"SOURCE_DSIRE:dsire_program_id:22631","grant_funding","ev_charging_site_load","bill_savings|upfront_cost_reduction","agriculture_only","none|electric","project_cost_estimate","contractor_quote_amount|peak_kw|demand_charge_rate|time_of_use_periods","equipment_category|project_timing","grant_amount","contractor_quote_required","needs_quote","high","true"
"SOURCE_DSIRE:dsire_program_id:22677","sales_or_property_tax_exemption","","tax_benefit","unknown","none","project_cost_estimate","ownership_status|tax_entity_type|contractor_quote_amount","equipment_category","tax_exemption","benchmark_range","needs_tax_review","low","true"
"SOURCE_DSIRE:dsire_program_id:4787","commercial_kitchen_equipment_efficiency","water_sewer_reduction","bill_savings|upfront_cost_reduction","residential_only","electric|water_sewer","annual_kwh|annual_electric_cost|average_cost_per_kwh","annual_therms|average_cost_per_therm|annual_water_use|annual_water_cost|annual_sewer_cost|monthly_water_use|water_unit|sewer_cost|meter_size|irrigation_meter_present","equipment_category|quantity","per_unit","cost_per_unit","needs_equipment_details","low","true"
"SOURCE_DSIRE:dsire_program_id:22252","financing_cash_flow","","financing","public_nonprofit_only","none","project_cost_estimate|interest_rate|financing_term_years","down_payment|contractor_quote_amount","equipment_category","financing","contractor_quote_required","needs_quote","medium","true"
"SOURCE_DSIRE:dsire_program_id:22373","fleet_fuel_replacement","ev_charging_site_load","bill_savings|upfront_cost_reduction","mixed","fuel|electric","annual_gallons|annual_fuel_cost|average_cost_per_gallon|vehicle_count","estimated_miles|fuel_type|monthly_fuel_cost|rate_schedule|average_cost_per_kwh|peak_kw|demand_charge_rate|time_of_use_periods","vehicle_count","per_unit","cost_per_unit","needs_equipment_details","medium","true"
"SOURCE_DSIRE:dsire_program_id:4608","ev_charging_site_load","project_cost_reduction_only","bill_savings|upfront_cost_reduction","mixed","electric|none","rate_schedule|annual_kwh|average_cost_per_kwh","peak_kw|demand_charge_rate|time_of_use_periods|contractor_quote_amount|quote_date","parking_spaces|ownership_status|equipment_category","per_unit","cost_per_unit","needs_quote","medium","true"
"SOURCE_DSIRE:dsire_program_id:22417","interconnection_or_grid_access_value","","policy_or_permitting","residential_only","none","","utility_provider|service_address|rate_schedule","equipment_category|project_timing","unknown","unknown","policy_only","low","true"
"SOURCE_DSIRE:dsire_program_id:2152","whole_building_custom_efficiency","electric_usage_reduction|hvac_electric_efficiency|refrigeration_electric_efficiency|motor_vfd_efficiency|controls_building_automation","bill_savings|upfront_cost_reduction","business_relevant","electric","annual_kwh|annual_electric_cost|average_cost_per_kwh","annual_therms|average_cost_per_therm|peak_kw|demand_charge_rate|square_footage|monthly_kwh|rate_schedule|delivery_charges|generation_charges|demand_charges|time_of_use_periods","project_cost_estimate|equipment_category","per_kwh_saved","benchmark_range","needs_bill","medium","true"
"SOURCE_DSIRE:dsire_program_id:5161","financing_cash_flow","","financing","public_nonprofit_only","none","project_cost_estimate|interest_rate|financing_term_years","down_payment|contractor_quote_amount","equipment_category","financing","contractor_quote_required","needs_quote","high","true"
"SOURCE_DSIRE:dsire_program_id:21866","interconnection_or_grid_access_value","","policy_or_permitting","unknown","none","","utility_provider|service_address|rate_schedule","equipment_category|project_timing","unknown","unknown","policy_only","low","true"
"SOURCE_DSIRE:dsire_program_id:3351","program_rule_value_only","","policy_or_permitting","unknown","none","","service_address|utility_provider","project_timing","unknown","unknown","policy_only","low","true"
"SOURCE_DSIRE:dsire_program_id:5440","pace_or_on_bill_financing","","financing","mixed","none","project_cost_estimate|financing_term_years|interest_rate","ownership_status|down_payment|annual_electric_cost|annual_gas_cost","ownership_status","financing","contractor_quote_required","needs_quote","high","true"
"SOURCE_DSIRE:dsire_program_id:22724","whole_building_custom_efficiency","electric_usage_reduction|hvac_electric_efficiency|gas_usage_reduction|motor_vfd_efficiency","bill_savings|upfront_cost_reduction","residential_only","electric|gas","annual_kwh|annual_electric_cost|average_cost_per_kwh","annual_therms|average_cost_per_therm|peak_kw|demand_charge_rate|square_footage|monthly_kwh|rate_schedule|delivery_charges|generation_charges|demand_charges|monthly_therms|gas_rate_schedule","project_cost_estimate|equipment_category","per_kwh_saved","benchmark_range","needs_bill","low","true"
"SOURCE_DSIRE:dsire_program_id:22157","grant_funding","","upfront_cost_reduction","unknown","none","project_cost_estimate","contractor_quote_amount","equipment_category|project_timing","grant_amount","contractor_quote_required","needs_quote","low","true"
"SOURCE_DSIRE:dsire_program_id:22331","ev_charging_site_load","project_cost_reduction_only","bill_savings|upfront_cost_reduction","mixed","electric|none","rate_schedule|annual_kwh|average_cost_per_kwh","peak_kw|demand_charge_rate|time_of_use_periods|contractor_quote_amount|quote_date","parking_spaces|ownership_status|equipment_category","per_unit","cost_per_unit","needs_quote","medium","true"
"SOURCE_DSIRE:dsire_program_id:2118","financing_cash_flow","hvac_electric_efficiency|gas_usage_reduction|motor_vfd_efficiency","bill_savings|financing","residential_only","none|electric|gas","project_cost_estimate|interest_rate|financing_term_years","down_payment|contractor_quote_amount|monthly_kwh|peak_kw|demand_charges|rate_schedule|monthly_therms|gas_rate_schedule|demand_charge_rate","equipment_category","financing","contractor_quote_required","needs_quote","low","true"
"SOURCE_DSIRE:dsire_program_id:4457","solar_electric_offset","project_cost_reduction_only","bill_savings|upfront_cost_reduction","mixed","electric|none","annual_kwh|monthly_kwh|average_cost_per_kwh|rate_schedule","time_of_use_periods|demand_charges|generation_charges|delivery_charges|contractor_quote_amount|quote_date","roof_area|ownership_status","per_kw","cost_per_kw","needs_bill","medium","true"
"SOURCE_DSIRE:dsire_program_id:5874","commercial_kitchen_equipment_efficiency","water_sewer_reduction","bill_savings|upfront_cost_reduction","business_relevant","electric|water_sewer","annual_kwh|annual_electric_cost|average_cost_per_kwh","annual_therms|average_cost_per_therm|annual_water_use|annual_water_cost|annual_sewer_cost|monthly_water_use|water_unit|sewer_cost|meter_size|irrigation_meter_present","equipment_category|quantity","per_unit","cost_per_unit","needs_equipment_details","medium","true"
"SOURCE_DSIRE:dsire_program_id:3535","pace_or_on_bill_financing","","financing","mixed","none","project_cost_estimate|financing_term_years|interest_rate","ownership_status|down_payment|annual_electric_cost|annual_gas_cost","ownership_status","financing","contractor_quote_required","needs_quote","high","true"
"SOURCE_DSIRE:dsire_program_id:22608","financing_cash_flow","hvac_electric_efficiency|gas_usage_reduction|motor_vfd_efficiency","bill_savings|financing","residential_only","none|electric|gas","project_cost_estimate|interest_rate|financing_term_years","down_payment|contractor_quote_amount|monthly_kwh|peak_kw|demand_charges|rate_schedule|monthly_therms|gas_rate_schedule|demand_charge_rate","equipment_category","financing","contractor_quote_required","needs_quote","low","true"
"SOURCE_DSIRE:dsire_program_id:359","sales_or_property_tax_exemption","","tax_benefit","business_relevant","none","project_cost_estimate","ownership_status|tax_entity_type|contractor_quote_amount","equipment_category","tax_exemption","benchmark_range","needs_tax_review","medium","false"
"SOURCE_DSIRE:dsire_program_id:2256","ev_charging_site_load","project_cost_reduction_only","bill_savings|upfront_cost_reduction","residential_only","electric|none","rate_schedule|annual_kwh|average_cost_per_kwh","peak_kw|demand_charge_rate|time_of_use_periods|contractor_quote_amount|quote_date","parking_spaces|ownership_status|equipment_category","per_unit","cost_per_unit","needs_quote","low","true"
"SOURCE_DSIRE:dsire_program_id:5233","controls_building_automation","","bill_savings|upfront_cost_reduction","residential_only","electric","annual_kwh|rate_schedule","annual_therms|peak_kw|demand_charges|time_of_use_periods","square_footage|equipment_category","per_unit","benchmark_range","needs_equipment_details","low","true"
"SOURCE_DSIRE:dsire_program_id:4359","grant_funding","battery_tou_demand_savings","bill_savings|upfront_cost_reduction","mixed","none|electric","project_cost_estimate","contractor_quote_amount|annual_kwh|monthly_peak_kw","equipment_category|project_timing","grant_amount","contractor_quote_required","needs_quote","medium","true"
"SOURCE_DSIRE:dsire_program_id:3465","whole_building_custom_efficiency","electric_usage_reduction|hvac_electric_efficiency|gas_usage_reduction|motor_vfd_efficiency|controls_building_automation","bill_savings|upfront_cost_reduction","residential_only","electric|gas","annual_kwh|annual_electric_cost|average_cost_per_kwh","annual_therms|average_cost_per_therm|peak_kw|demand_charge_rate|square_footage|monthly_kwh|rate_schedule|delivery_charges|generation_charges|demand_charges|monthly_therms|gas_rate_schedule|time_of_use_periods","project_cost_estimate|equipment_category","per_kwh_saved","benchmark_range","needs_bill","low","true"
"SOURCE_DSIRE:dsire_program_id:4438","solar_electric_offset","project_cost_reduction_only","bill_savings|upfront_cost_reduction","residential_only","electric|none","annual_kwh|monthly_kwh|average_cost_per_kwh|rate_schedule","time_of_use_periods|demand_charges|generation_charges|delivery_charges|contractor_quote_amount|quote_date","roof_area|ownership_status","per_kw","cost_per_kw","needs_bill","low","true"
"SOURCE_DSIRE:dsire_program_id:22383","ev_charging_site_load","project_cost_reduction_only","bill_savings|upfront_cost_reduction","mixed","electric|none","rate_schedule|annual_kwh|average_cost_per_kwh","peak_kw|demand_charge_rate|time_of_use_periods|contractor_quote_amount|quote_date","parking_spaces|ownership_status|equipment_category","per_unit","cost_per_unit","needs_quote","medium","true"
"SOURCE_DSIRE:dsire_program_id:3291","ev_charging_site_load","project_cost_reduction_only","bill_savings|upfront_cost_reduction","residential_only","electric|none","rate_schedule|annual_kwh|average_cost_per_kwh","peak_kw|demand_charge_rate|time_of_use_periods|contractor_quote_amount|quote_date","parking_spaces|ownership_status|equipment_category","per_unit","cost_per_unit","needs_quote","low","true"
"SOURCE_CA_ENERGY_COMMISSION:cec_solicitation_number:RFP-22-805","grant_funding","","upfront_cost_reduction","business_relevant","none","project_cost_estimate","contractor_quote_amount","equipment_category|project_timing","grant_amount","contractor_quote_required","needs_quote","high","false"
"SOURCE_DSIRE:dsire_program_id:496","sales_or_property_tax_exemption","solar_electric_offset|battery_tou_demand_savings","bill_savings|tax_benefit","business_relevant","none|electric","project_cost_estimate","ownership_status|tax_entity_type|contractor_quote_amount|time_of_use_periods|demand_charges|generation_charges|delivery_charges|annual_kwh|monthly_peak_kw","equipment_category","tax_exemption","benchmark_range","needs_tax_review","medium","true"
"SOURCE_CA_ENERGY_COMMISSION:cec_url_hash:url_hash:d8a7ede4eb110628","grant_funding","","upfront_cost_reduction","business_relevant","none","project_cost_estimate","contractor_quote_amount","equipment_category|project_timing","grant_amount","contractor_quote_required","needs_quote","high","false"
"SOURCE_DSIRE:dsire_program_id:22561","fleet_fuel_replacement","ev_charging_site_load","bill_savings|upfront_cost_reduction","business_relevant","fuel|electric","annual_gallons|annual_fuel_cost|average_cost_per_gallon|vehicle_count","estimated_miles|fuel_type|monthly_fuel_cost|rate_schedule|average_cost_per_kwh|peak_kw|demand_charge_rate|time_of_use_periods","vehicle_count","per_unit","cost_per_unit","needs_equipment_details","medium","true"
"SOURCE_DSIRE:dsire_program_id:22283","fleet_fuel_replacement","ev_charging_site_load","bill_savings|upfront_cost_reduction","business_relevant","fuel|electric","annual_gallons|annual_fuel_cost|average_cost_per_gallon|vehicle_count","estimated_miles|fuel_type|monthly_fuel_cost|rate_schedule|average_cost_per_kwh|peak_kw|demand_charge_rate|time_of_use_periods","vehicle_count","per_unit","cost_per_unit","needs_equipment_details","high","false"
"SOURCE_DSIRE:dsire_program_id:22321","ev_charging_site_load","project_cost_reduction_only","bill_savings|upfront_cost_reduction","residential_only","electric|none","rate_schedule|annual_kwh|average_cost_per_kwh","peak_kw|demand_charge_rate|time_of_use_periods|contractor_quote_amount|quote_date","parking_spaces|ownership_status|equipment_category","per_unit","cost_per_unit","needs_quote","low","true"
"SOURCE_DSIRE:dsire_program_id:727","sales_or_property_tax_exemption","electric_usage_reduction","bill_savings|tax_benefit","mixed","none|electric","project_cost_estimate","ownership_status|tax_entity_type|contractor_quote_amount|monthly_kwh|rate_schedule|delivery_charges|generation_charges","equipment_category","tax_exemption","benchmark_range","needs_tax_review","medium","true"
"SOURCE_CA_ENERGY_COMMISSION:cec_solicitation_number:GFO-23-502","grant_funding","battery_tou_demand_savings","bill_savings|upfront_cost_reduction","business_relevant","none|electric","project_cost_estimate","contractor_quote_amount|annual_kwh|monthly_peak_kw","equipment_category|project_timing","grant_amount","contractor_quote_required","needs_quote","high","false"
"SOURCE_DSIRE:dsire_program_id:2493","motor_vfd_efficiency","","bill_savings|upfront_cost_reduction","mixed","electric","annual_kwh|annual_electric_cost|average_cost_per_kwh","peak_kw|demand_charge_rate|monthly_kwh","equipment_category|quantity","per_unit","cost_per_unit","needs_equipment_details","high","true"
"SOURCE_DSIRE:dsire_program_id:22442","renewable_generation_credit_market_value","solar_electric_offset","bill_savings|policy_or_permitting|market_credit","residential_only","electric|none","annual_kwh","monthly_kwh|rate_schedule|time_of_use_periods|demand_charges|generation_charges|delivery_charges","equipment_category|project_timing","unknown","unknown","policy_only","low","true"
"SOURCE_DSIRE:dsire_program_id:22124","fleet_fuel_replacement","ev_charging_site_load","bill_savings|upfront_cost_reduction","business_relevant","fuel|electric","annual_gallons|annual_fuel_cost|average_cost_per_gallon|vehicle_count","estimated_miles|fuel_type|monthly_fuel_cost|rate_schedule|average_cost_per_kwh|peak_kw|demand_charge_rate|time_of_use_periods","vehicle_count","per_unit","cost_per_unit","needs_equipment_details","medium","true"
"SOURCE_DSIRE:dsire_program_id:2599","refrigeration_electric_efficiency","electric_usage_reduction","bill_savings|upfront_cost_reduction","residential_only","electric","annual_kwh|annual_electric_cost|average_cost_per_kwh","monthly_kwh|peak_kw|demand_charges|rate_schedule|delivery_charges|generation_charges","equipment_category|quantity","per_unit","cost_per_unit","needs_equipment_details","low","true"
"SOURCE_DSIRE:dsire_program_id:4619","whole_building_custom_efficiency","electric_usage_reduction|gas_usage_reduction|controls_building_automation","bill_savings|upfront_cost_reduction","residential_only","electric|gas","annual_kwh|annual_electric_cost|average_cost_per_kwh","annual_therms|average_cost_per_therm|peak_kw|demand_charge_rate|square_footage|monthly_kwh|rate_schedule|delivery_charges|generation_charges|monthly_therms|gas_rate_schedule|demand_charges|time_of_use_periods","project_cost_estimate|equipment_category","per_kwh_saved","benchmark_range","needs_bill","low","true"
"SOURCE_DSIRE:dsire_program_id:4822","controls_building_automation","","bill_savings|upfront_cost_reduction","residential_only","electric","annual_kwh|rate_schedule","annual_therms|peak_kw|demand_charges|time_of_use_periods","square_footage|equipment_category","per_unit","benchmark_range","needs_equipment_details","low","true"
"SOURCE_DSIRE:dsire_program_id:22670","program_rule_value_only","","policy_or_permitting","mixed","none","","service_address|utility_provider","project_timing","unknown","unknown","policy_only","low","true"
"SOURCE_DSIRE:dsire_program_id:4503","tax_benefit_project_cost_reduction","hvac_electric_efficiency|gas_usage_reduction|motor_vfd_efficiency","bill_savings|tax_benefit","residential_only","none|electric|gas","project_cost_estimate|tax_entity_type","ownership_status|tax_appetite_unknown|contractor_quote_amount|monthly_kwh|peak_kw|demand_charges|rate_schedule|monthly_therms|gas_rate_schedule|demand_charge_rate","equipment_category","tax_credit","benchmark_range","needs_tax_review","low","true"
"SOURCE_DSIRE:dsire_program_id:22203","no_direct_savings","","no_direct_savings","unknown","none","","","","unknown","unknown","unknown","low","true"
"SOURCE_DSIRE:dsire_program_id:3325","whole_building_custom_efficiency","electric_usage_reduction|hvac_electric_efficiency|gas_usage_reduction|refrigeration_electric_efficiency|motor_vfd_efficiency|controls_building_automation|water_sewer_reduction","bill_savings|upfront_cost_reduction","residential_only","electric|gas|water_sewer","annual_kwh|annual_electric_cost|average_cost_per_kwh","annual_therms|average_cost_per_therm|peak_kw|demand_charge_rate|square_footage|monthly_kwh|rate_schedule|delivery_charges|generation_charges|demand_charges|monthly_therms|gas_rate_schedule|time_of_use_periods|monthly_water_use|water_unit|sewer_cost|meter_size|irrigation_meter_present","project_cost_estimate|equipment_category","per_kwh_saved","benchmark_range","needs_bill","low","true"
"SOURCE_DSIRE:dsire_program_id:4590","project_cost_reduction_only","","upfront_cost_reduction","mixed","none","project_cost_estimate","contractor_quote_amount|quote_date","equipment_category","per_unit","benchmark_range","needs_equipment_details","medium","true"
"SOURCE_DSIRE:dsire_program_id:1342","ev_charging_site_load","project_cost_reduction_only","bill_savings|upfront_cost_reduction","residential_only","electric|none","rate_schedule|annual_kwh|average_cost_per_kwh","peak_kw|demand_charge_rate|time_of_use_periods|contractor_quote_amount|quote_date","parking_spaces|ownership_status|equipment_category","per_unit","cost_per_unit","needs_quote","low","true"
"SOURCE_DSIRE:dsire_program_id:4660","financing_cash_flow","","financing","residential_only","none","project_cost_estimate|interest_rate|financing_term_years","down_payment|contractor_quote_amount","equipment_category","financing","contractor_quote_required","needs_quote","low","true"
"SOURCE_DSIRE:dsire_program_id:5236","ev_charging_site_load","project_cost_reduction_only","bill_savings|upfront_cost_reduction","residential_only","electric|none","rate_schedule|annual_kwh|average_cost_per_kwh","peak_kw|demand_charge_rate|time_of_use_periods|contractor_quote_amount|quote_date","parking_spaces|ownership_status|equipment_category","per_unit","cost_per_unit","needs_quote","low","true"
"SOURCE_DSIRE:dsire_program_code_title_hash:NY07F:dc27912da9b7","no_direct_savings","","no_direct_savings","unknown","none","","","","unknown","unknown","unknown","low","true"
"SOURCE_DSIRE:dsire_program_id:22346","fleet_fuel_replacement","ev_charging_site_load","bill_savings|upfront_cost_reduction","business_relevant","fuel|electric","annual_gallons|annual_fuel_cost|average_cost_per_gallon|vehicle_count","estimated_miles|fuel_type|monthly_fuel_cost|rate_schedule|average_cost_per_kwh|peak_kw|demand_charge_rate|time_of_use_periods","vehicle_count","per_unit","cost_per_unit","needs_equipment_details","high","false"
"SOURCE_DSIRE:dsire_program_id:22485","ev_charging_site_load","project_cost_reduction_only","bill_savings|upfront_cost_reduction","business_relevant","electric|none","rate_schedule|annual_kwh|average_cost_per_kwh","peak_kw|demand_charge_rate|time_of_use_periods|contractor_quote_amount|quote_date","parking_spaces|ownership_status|equipment_category","per_unit","cost_per_unit","needs_quote","medium","true"
"SOURCE_DSIRE:dsire_program_id:22474","tax_benefit_project_cost_reduction","electric_usage_reduction","bill_savings|tax_benefit","agriculture_only","none|electric","project_cost_estimate|tax_entity_type","ownership_status|tax_appetite_unknown|contractor_quote_amount|monthly_kwh|rate_schedule|delivery_charges|generation_charges","equipment_category","tax_credit","benchmark_range","needs_tax_review","medium","true"
"SOURCE_DSIRE:dsire_program_id:85","sales_or_property_tax_exemption","solar_electric_offset","bill_savings|tax_benefit","mixed","none|electric","project_cost_estimate","ownership_status|tax_entity_type|contractor_quote_amount|time_of_use_periods|demand_charges|generation_charges|delivery_charges","equipment_category","tax_exemption","benchmark_range","needs_tax_review","medium","true"
"SOURCE_DSIRE:dsire_program_id:22740","ev_charging_site_load","project_cost_reduction_only","bill_savings|upfront_cost_reduction","mixed","electric|none","rate_schedule|annual_kwh|average_cost_per_kwh","peak_kw|demand_charge_rate|time_of_use_periods|contractor_quote_amount|quote_date","parking_spaces|ownership_status|equipment_category","per_unit","cost_per_unit","needs_quote","medium","true"
"SOURCE_DSIRE:dsire_program_id:3366","gas_usage_reduction","project_cost_reduction_only","bill_savings|upfront_cost_reduction","residential_only","gas|none","annual_therms|annual_gas_cost|average_cost_per_therm","monthly_therms|gas_rate_schedule|contractor_quote_amount|quote_date","equipment_category","per_unit","cost_per_unit","needs_bill","low","true"
"SOURCE_DSIRE:dsire_program_id:1929","whole_building_custom_efficiency","hvac_electric_efficiency|gas_usage_reduction|refrigeration_electric_efficiency|motor_vfd_efficiency|controls_building_automation|commercial_kitchen_equipment_efficiency|battery_tou_demand_savings|water_sewer_reduction","bill_savings|upfront_cost_reduction","residential_only","electric|gas|water_sewer","annual_kwh|annual_electric_cost|average_cost_per_kwh","annual_therms|average_cost_per_therm|peak_kw|demand_charge_rate|square_footage|monthly_kwh|demand_charges|rate_schedule|monthly_therms|gas_rate_schedule|time_of_use_periods|annual_water_use|annual_water_cost|annual_sewer_cost|annual_kwh|monthly_peak_kw|monthly_water_use|water_unit|sewer_cost|meter_size|irrigation_meter_present","project_cost_estimate|equipment_category","per_kwh_saved","benchmark_range","needs_bill","low","true"
"SOURCE_DSIRE:dsire_program_id:1917","hvac_electric_efficiency","project_cost_reduction_only","bill_savings|upfront_cost_reduction","business_relevant","electric|none","annual_kwh|annual_electric_cost|average_cost_per_kwh","monthly_kwh|peak_kw|demand_charges|rate_schedule|contractor_quote_amount|quote_date","equipment_category|square_footage","per_unit","cost_per_unit","needs_bill","medium","true"
"SOURCE_SCE_BUSINESS:sce_source_section:494a928926bc63be:economic-development-services","financing_cash_flow","","financing","business_relevant","none","project_cost_estimate|interest_rate|financing_term_years","down_payment|contractor_quote_amount","equipment_category","financing","contractor_quote_required","needs_quote","medium","true"
"SOURCE_DSIRE:dsire_program_id:5745","motor_vfd_efficiency","","bill_savings|upfront_cost_reduction","mixed","electric","annual_kwh|annual_electric_cost|average_cost_per_kwh","peak_kw|demand_charge_rate|monthly_kwh","equipment_category|quantity","per_unit","cost_per_unit","needs_equipment_details","medium","true"
"SOURCE_DSIRE:dsire_program_id:5831","whole_building_custom_efficiency","hvac_electric_efficiency|gas_usage_reduction|motor_vfd_efficiency|controls_building_automation","bill_savings|upfront_cost_reduction","residential_only","electric|gas","annual_kwh|annual_electric_cost|average_cost_per_kwh","annual_therms|average_cost_per_therm|peak_kw|demand_charge_rate|square_footage|monthly_kwh|demand_charges|rate_schedule|monthly_therms|gas_rate_schedule|time_of_use_periods","project_cost_estimate|equipment_category","per_kwh_saved","benchmark_range","needs_bill","low","true"
"SOURCE_DSIRE:dsire_program_id:3532","pace_or_on_bill_financing","","financing","mixed","none","project_cost_estimate|financing_term_years|interest_rate","ownership_status|down_payment|annual_electric_cost|annual_gas_cost","ownership_status","financing","contractor_quote_required","needs_quote","high","true"
"SOURCE_DSIRE:dsire_program_id:3616","whole_building_custom_efficiency","hvac_electric_efficiency|gas_usage_reduction|refrigeration_electric_efficiency|motor_vfd_efficiency|controls_building_automation|water_sewer_reduction","bill_savings|upfront_cost_reduction","residential_only","electric|gas|water_sewer","annual_kwh|annual_electric_cost|average_cost_per_kwh","annual_therms|average_cost_per_therm|peak_kw|demand_charge_rate|square_footage|monthly_kwh|demand_charges|rate_schedule|monthly_therms|gas_rate_schedule|time_of_use_periods|monthly_water_use|water_unit|sewer_cost|meter_size|irrigation_meter_present","project_cost_estimate|equipment_category","per_kwh_saved","benchmark_range","needs_bill","low","true"
"SOURCE_DSIRE:dsire_program_id:22806","financing_cash_flow","electric_usage_reduction|hvac_electric_efficiency|motor_vfd_efficiency","bill_savings|financing","residential_only","none|electric","project_cost_estimate|interest_rate|financing_term_years","down_payment|contractor_quote_amount|monthly_kwh|rate_schedule|delivery_charges|generation_charges|peak_kw|demand_charges|demand_charge_rate","equipment_category","financing","contractor_quote_required","needs_quote","low","true"
"SOURCE_DSIRE:dsire_program_id:3111","financing_cash_flow","electric_usage_reduction|hvac_electric_efficiency|gas_usage_reduction|motor_vfd_efficiency|ev_charging_site_load","bill_savings|financing","mixed","none|electric|gas","project_cost_estimate|interest_rate|financing_term_years","down_payment|contractor_quote_amount|monthly_kwh|rate_schedule|delivery_charges|generation_charges|peak_kw|demand_charges|monthly_therms|gas_rate_schedule|demand_charge_rate|time_of_use_periods","equipment_category","financing","contractor_quote_required","needs_quote","medium","true"
"SOURCE_DSIRE:dsire_program_id:3310","controls_building_automation","","bill_savings|upfront_cost_reduction","residential_only","electric","annual_kwh|rate_schedule","annual_therms|peak_kw|demand_charges|time_of_use_periods","square_footage|equipment_category","per_unit","benchmark_range","needs_equipment_details","low","true"
"SOURCE_DSIRE:dsire_program_id:4126","gas_usage_reduction","project_cost_reduction_only","bill_savings|upfront_cost_reduction","business_relevant","gas|none","annual_therms|annual_gas_cost|average_cost_per_therm","monthly_therms|gas_rate_schedule|contractor_quote_amount|quote_date","equipment_category","per_unit","cost_per_unit","needs_bill","medium","true"
"SOURCE_DSIRE:dsire_program_id:5672","interconnection_or_grid_access_value","","policy_or_permitting","mixed","none","","utility_provider|service_address|rate_schedule","equipment_category|project_timing","unknown","unknown","policy_only","low","true"
"SOURCE_DSIRE:dsire_program_id:22138","controls_building_automation","","bill_savings|upfront_cost_reduction","residential_only","electric","annual_kwh|rate_schedule","annual_therms|peak_kw|demand_charges|time_of_use_periods","square_footage|equipment_category","per_unit","benchmark_range","needs_equipment_details","low","true"
"SOURCE_CA_ENERGY_COMMISSION:cec_url_hash:url_hash:ceeab7b1c1f2c92f","grant_funding","","upfront_cost_reduction","unknown","none","project_cost_estimate","contractor_quote_amount","equipment_category|project_timing","grant_amount","contractor_quote_required","needs_quote","low","true"
"SOURCE_DSIRE:dsire_program_id:4199","gas_usage_reduction","project_cost_reduction_only","bill_savings|upfront_cost_reduction","mixed","gas|none","annual_therms|annual_gas_cost|average_cost_per_therm","monthly_therms|gas_rate_schedule|contractor_quote_amount|quote_date","equipment_category","per_unit","cost_per_unit","needs_bill","medium","true"
"SOURCE_DSIRE:dsire_program_id:2628","net_metering_or_export_value","solar_electric_offset","bill_savings|policy_or_permitting","mixed","electric","annual_kwh|monthly_kwh|rate_schedule","time_of_use_periods|generation_charges|delivery_charges|demand_charges","equipment_category|roof_area","unknown","unknown","policy_only","low","true"
"SOURCE_DSIRE:dsire_program_id:5703","whole_building_custom_efficiency","hvac_electric_efficiency|gas_usage_reduction|motor_vfd_efficiency","bill_savings|upfront_cost_reduction","residential_only","electric|gas","annual_kwh|annual_electric_cost|average_cost_per_kwh","annual_therms|average_cost_per_therm|peak_kw|demand_charge_rate|square_footage|monthly_kwh|demand_charges|rate_schedule|monthly_therms|gas_rate_schedule","project_cost_estimate|equipment_category","per_kwh_saved","benchmark_range","needs_bill","low","true"
"SOURCE_DSIRE:dsire_program_id:5567","project_cost_reduction_only","","upfront_cost_reduction","public_nonprofit_only","none","project_cost_estimate","contractor_quote_amount|quote_date","equipment_category","per_unit","benchmark_range","needs_equipment_details","medium","true"
"SOURCE_DSIRE:dsire_program_id:22074","grant_funding","battery_tou_demand_savings","bill_savings|upfront_cost_reduction","public_nonprofit_only","none|electric","project_cost_estimate","contractor_quote_amount|annual_kwh|monthly_peak_kw","equipment_category|project_timing","grant_amount","contractor_quote_required","needs_quote","high","true"
"SOURCE_DSIRE:dsire_program_id:666","sales_or_property_tax_exemption","electric_usage_reduction","bill_savings|tax_benefit","mixed","none|electric","project_cost_estimate","ownership_status|tax_entity_type|contractor_quote_amount|monthly_kwh|rate_schedule|delivery_charges|generation_charges","equipment_category","tax_exemption","benchmark_range","needs_tax_review","medium","true"
"SOURCE_DSIRE:dsire_program_id:2673","motor_vfd_efficiency","","bill_savings|upfront_cost_reduction","residential_only","electric","annual_kwh|annual_electric_cost|average_cost_per_kwh","peak_kw|demand_charge_rate|monthly_kwh","equipment_category|quantity","per_unit","cost_per_unit","needs_equipment_details","low","true"
"SOURCE_DSIRE:dsire_program_id:22301","ev_charging_site_load","project_cost_reduction_only","bill_savings|upfront_cost_reduction","mixed","electric|none","rate_schedule|annual_kwh|average_cost_per_kwh","peak_kw|demand_charge_rate|time_of_use_periods|contractor_quote_amount|quote_date","parking_spaces|ownership_status|equipment_category","per_unit","cost_per_unit","needs_quote","medium","true"
"SOURCE_DSIRE:dsire_program_id:22737","battery_tou_demand_savings","project_cost_reduction_only","bill_savings|upfront_cost_reduction","residential_only","electric|none","rate_schedule|time_of_use_periods|peak_kw|demand_charges|demand_charge_rate|monthly_kwh","annual_kwh|monthly_peak_kw|contractor_quote_amount|quote_date","equipment_category","per_unit","cost_per_kwh_storage","needs_equipment_details","low","true"
"SOURCE_CA_ENERGY_COMMISSION:cec_url_hash:url_hash:4cd02a244e6fda18","grant_funding","","upfront_cost_reduction","business_relevant","none","project_cost_estimate","contractor_quote_amount","equipment_category|project_timing","grant_amount","contractor_quote_required","needs_quote","high","false"
"SOURCE_CA_ENERGY_COMMISSION:cec_url_hash:url_hash:4a99ab691ddeefdd","grant_funding","","upfront_cost_reduction","mixed","none","project_cost_estimate","contractor_quote_amount","equipment_category|project_timing","grant_amount","contractor_quote_required","needs_quote","high","true"
"SOURCE_DSIRE:dsire_program_id:22410","ev_charging_site_load","project_cost_reduction_only","bill_savings|upfront_cost_reduction","mixed","electric|none","rate_schedule|annual_kwh|average_cost_per_kwh","peak_kw|demand_charge_rate|time_of_use_periods|contractor_quote_amount|quote_date","parking_spaces|ownership_status|equipment_category","per_unit","cost_per_unit","needs_quote","high","true"
"SOURCE_DSIRE:dsire_program_id:22096","electric_usage_reduction","project_cost_reduction_only","bill_savings|upfront_cost_reduction","business_relevant","electric|none","annual_kwh|annual_electric_cost|average_cost_per_kwh","monthly_kwh|rate_schedule|delivery_charges|generation_charges|contractor_quote_amount|quote_date","equipment_category","per_unit","cost_per_unit","needs_bill","high","false"
"SOURCE_DSIRE:dsire_program_id:2928","net_metering_or_export_value","solar_electric_offset","bill_savings|policy_or_permitting","residential_only","electric","annual_kwh|monthly_kwh|rate_schedule","time_of_use_periods|generation_charges|delivery_charges|demand_charges","equipment_category|roof_area","unknown","unknown","policy_only","low","true"
"SOURCE_DSIRE:dsire_program_id:2716","financing_cash_flow","","financing","agriculture_only","none","project_cost_estimate|interest_rate|financing_term_years","down_payment|contractor_quote_amount","equipment_category","financing","contractor_quote_required","needs_quote","high","true"
"SOURCE_DSIRE:dsire_program_id:231","financing_cash_flow","electric_usage_reduction|hvac_electric_efficiency|motor_vfd_efficiency|controls_building_automation","bill_savings|financing","public_nonprofit_only","none|electric","project_cost_estimate|interest_rate|financing_term_years","down_payment|contractor_quote_amount|monthly_kwh|rate_schedule|delivery_charges|generation_charges|peak_kw|demand_charges|demand_charge_rate|annual_therms|time_of_use_periods","equipment_category","financing","contractor_quote_required","needs_quote","high","true"
"SOURCE_DSIRE:dsire_program_id:3352","financing_cash_flow","electric_usage_reduction|solar_electric_offset","bill_savings|financing","public_nonprofit_only","none|electric","project_cost_estimate|interest_rate|financing_term_years","down_payment|contractor_quote_amount|monthly_kwh|rate_schedule|delivery_charges|generation_charges|time_of_use_periods|demand_charges","equipment_category","financing","contractor_quote_required","needs_quote","medium","true"
"SOURCE_DSIRE:dsire_program_id:3573","motor_vfd_efficiency","","bill_savings|upfront_cost_reduction","residential_only","electric","annual_kwh|annual_electric_cost|average_cost_per_kwh","peak_kw|demand_charge_rate|monthly_kwh","equipment_category|quantity","per_unit","cost_per_unit","needs_equipment_details","low","true"
"SOURCE_CA_ENERGY_COMMISSION:cec_solicitation_number:GFO-24-603","grant_funding","","upfront_cost_reduction","business_relevant","none","project_cost_estimate","contractor_quote_amount","equipment_category|project_timing","grant_amount","contractor_quote_required","needs_quote","high","false"
"SOURCE_DSIRE:dsire_program_id:234","tax_benefit_project_cost_reduction","","tax_benefit","business_relevant","none","project_cost_estimate|tax_entity_type","ownership_status|tax_appetite_unknown|contractor_quote_amount","equipment_category","tax_credit","benchmark_range","needs_tax_review","medium","true"
"SOURCE_DSIRE:dsire_program_id:5706","motor_vfd_efficiency","","bill_savings|upfront_cost_reduction","residential_only","electric","annual_kwh|annual_electric_cost|average_cost_per_kwh","peak_kw|demand_charge_rate|monthly_kwh","equipment_category|quantity","per_unit","cost_per_unit","needs_equipment_details","low","true"
"SOURCE_CA_ENERGY_COMMISSION:cec_solicitation_number:GFO-24-610","grant_funding","battery_tou_demand_savings","bill_savings|upfront_cost_reduction","business_relevant","none|electric","project_cost_estimate","contractor_quote_amount|annual_kwh|monthly_peak_kw","equipment_category|project_timing","grant_amount","contractor_quote_required","needs_quote","high","false"
"SOURCE_SILICON_VALLEY_POWER:svp_source_section:6e6b359eb5fc98c0:customer-directed-rebate","hvac_electric_efficiency","project_cost_reduction_only","bill_savings|upfront_cost_reduction","business_relevant","electric|none","annual_kwh|annual_electric_cost|average_cost_per_kwh","monthly_kwh|peak_kw|demand_charges|rate_schedule|contractor_quote_amount|quote_date","equipment_category|square_footage","per_unit","cost_per_unit","needs_bill","medium","true"
"SOURCE_CA_ENERGY_COMMISSION:cec_solicitation_number:GFO-22-612","grant_funding","","upfront_cost_reduction","public_nonprofit_only","none","project_cost_estimate","contractor_quote_amount","equipment_category|project_timing","grant_amount","contractor_quote_required","needs_quote","high","true"
"SOURCE_DSIRE:dsire_program_id:22709","program_rule_value_only","","policy_or_permitting","mixed","none","","service_address|utility_provider","project_timing","unknown","unknown","policy_only","low","true"
"SOURCE_DSIRE:dsire_program_code_title_hash:NY52F:b0210a2af4c0","battery_tou_demand_savings","project_cost_reduction_only","bill_savings|upfront_cost_reduction","unknown","electric|none","rate_schedule|time_of_use_periods|peak_kw|demand_charges|demand_charge_rate|monthly_kwh","annual_kwh|monthly_peak_kw|contractor_quote_amount|quote_date","equipment_category","per_unit","cost_per_kwh_storage","needs_equipment_details","low","true"
"SOURCE_DSIRE:dsire_program_id:3248","program_rule_value_only","","policy_or_permitting","business_relevant","none","","service_address|utility_provider","project_timing","unknown","unknown","policy_only","low","true"
"SOURCE_DSIRE:dsire_program_id:21862","solar_electric_offset","project_cost_reduction_only","bill_savings|upfront_cost_reduction","mixed","electric|none","annual_kwh|monthly_kwh|average_cost_per_kwh|rate_schedule","time_of_use_periods|demand_charges|generation_charges|delivery_charges|contractor_quote_amount|quote_date","roof_area|ownership_status","per_kw","cost_per_kw","needs_bill","medium","true"
"SOURCE_DSIRE:dsire_program_id:4806","motor_vfd_efficiency","","bill_savings|upfront_cost_reduction","residential_only","electric","annual_kwh|annual_electric_cost|average_cost_per_kwh","peak_kw|demand_charge_rate|monthly_kwh","equipment_category|quantity","per_unit","cost_per_unit","needs_equipment_details","low","true"
"SOURCE_DSIRE:dsire_program_id:22209","ev_charging_site_load","project_cost_reduction_only","bill_savings|upfront_cost_reduction","mixed","electric|none","rate_schedule|annual_kwh|average_cost_per_kwh","peak_kw|demand_charge_rate|time_of_use_periods|contractor_quote_amount|quote_date","parking_spaces|ownership_status|equipment_category","per_unit","cost_per_unit","needs_quote","high","true"
"SOURCE_DSIRE:dsire_program_id:3488","refrigeration_electric_efficiency","electric_usage_reduction","bill_savings|upfront_cost_reduction","business_relevant","electric","annual_kwh|annual_electric_cost|average_cost_per_kwh","monthly_kwh|peak_kw|demand_charges|rate_schedule|delivery_charges|generation_charges","equipment_category|quantity","per_unit","cost_per_unit","needs_equipment_details","medium","true"
"SOURCE_DSIRE:dsire_program_id:22325","fleet_fuel_replacement","ev_charging_site_load","bill_savings|upfront_cost_reduction","business_relevant","fuel|electric","annual_gallons|annual_fuel_cost|average_cost_per_gallon|vehicle_count","estimated_miles|fuel_type|monthly_fuel_cost|rate_schedule|average_cost_per_kwh|peak_kw|demand_charge_rate|time_of_use_periods","vehicle_count","per_unit","cost_per_unit","needs_equipment_details","high","false"
"SOURCE_DSIRE:dsire_program_id:5254","whole_building_custom_efficiency","electric_usage_reduction|hvac_electric_efficiency|motor_vfd_efficiency","bill_savings|upfront_cost_reduction","mixed","electric","annual_kwh|annual_electric_cost|average_cost_per_kwh","annual_therms|average_cost_per_therm|peak_kw|demand_charge_rate|square_footage|monthly_kwh|rate_schedule|delivery_charges|generation_charges|demand_charges","project_cost_estimate|equipment_category","per_kwh_saved","benchmark_range","needs_bill","medium","true"
"SOURCE_DSIRE:dsire_program_id:3171","ev_charging_site_load","project_cost_reduction_only","bill_savings|upfront_cost_reduction","residential_only","electric|none","rate_schedule|annual_kwh|average_cost_per_kwh","peak_kw|demand_charge_rate|time_of_use_periods|contractor_quote_amount|quote_date","parking_spaces|ownership_status|equipment_category","per_unit","cost_per_unit","needs_quote","low","true"
"SOURCE_DSIRE:dsire_program_id:22221","tax_benefit_project_cost_reduction","motor_vfd_efficiency|ev_charging_site_load","bill_savings|tax_benefit","business_relevant","none|electric","project_cost_estimate|tax_entity_type","ownership_status|tax_appetite_unknown|contractor_quote_amount|peak_kw|demand_charge_rate|monthly_kwh|time_of_use_periods","equipment_category","tax_credit","benchmark_range","needs_tax_review","medium","true"
"SOURCE_DSIRE:dsire_program_id:4752","project_cost_reduction_only","","upfront_cost_reduction","business_relevant","none","project_cost_estimate","contractor_quote_amount|quote_date","equipment_category","per_unit","benchmark_range","needs_equipment_details","medium","true"
"SOURCE_CA_ENERGY_COMMISSION:cec_solicitation_number:RFP-23-801","grant_funding","","upfront_cost_reduction","business_relevant","none","project_cost_estimate","contractor_quote_amount","equipment_category|project_timing","grant_amount","contractor_quote_required","needs_quote","high","false"
"SOURCE_CA_ENERGY_COMMISSION:cec_solicitation_number:GFO-22-614","grant_funding","ev_charging_site_load","bill_savings|upfront_cost_reduction","business_relevant","none|electric","project_cost_estimate","contractor_quote_amount|peak_kw|demand_charge_rate|time_of_use_periods","equipment_category|project_timing","grant_amount","contractor_quote_required","needs_quote","high","false"
"SOURCE_SILICON_VALLEY_POWER:svp_source_section:52202b3bc3a70d74:multifamily-residential-and-commercial-ev-charging-station-incentive-program","fleet_fuel_replacement","ev_charging_site_load","bill_savings|upfront_cost_reduction","mixed","fuel|electric","annual_gallons|annual_fuel_cost|average_cost_per_gallon|vehicle_count","estimated_miles|fuel_type|monthly_fuel_cost|rate_schedule|average_cost_per_kwh|peak_kw|demand_charge_rate|time_of_use_periods","vehicle_count","per_unit","cost_per_unit","needs_equipment_details","medium","true"
"SOURCE_DSIRE:dsire_program_id:4812","refrigeration_electric_efficiency","electric_usage_reduction","bill_savings|upfront_cost_reduction","business_relevant","electric","annual_kwh|annual_electric_cost|average_cost_per_kwh","monthly_kwh|peak_kw|demand_charges|rate_schedule|delivery_charges|generation_charges","equipment_category|quantity","per_unit","cost_per_unit","needs_equipment_details","medium","true"
"SOURCE_DSIRE:dsire_program_id:2453","ev_charging_site_load","project_cost_reduction_only","bill_savings|upfront_cost_reduction","residential_only","electric|none","rate_schedule|annual_kwh|average_cost_per_kwh","peak_kw|demand_charge_rate|time_of_use_periods|contractor_quote_amount|quote_date","parking_spaces|ownership_status|equipment_category","per_unit","cost_per_unit","needs_quote","low","true"
"SOURCE_SILICON_VALLEY_POWER:svp_source_section:6e6b359eb5fc98c0:controls-program","hvac_electric_efficiency","project_cost_reduction_only","bill_savings|upfront_cost_reduction","business_relevant","electric|none","annual_kwh|annual_electric_cost|average_cost_per_kwh","monthly_kwh|peak_kw|demand_charges|rate_schedule|contractor_quote_amount|quote_date","equipment_category|square_footage","per_unit","cost_per_unit","needs_bill","medium","true"
"SOURCE_DSIRE:dsire_program_id:22165","fleet_fuel_replacement","ev_charging_site_load","bill_savings|upfront_cost_reduction","mixed","fuel|electric","annual_gallons|annual_fuel_cost|average_cost_per_gallon|vehicle_count","estimated_miles|fuel_type|monthly_fuel_cost|rate_schedule|average_cost_per_kwh|peak_kw|demand_charge_rate|time_of_use_periods","vehicle_count","per_unit","cost_per_unit","needs_equipment_details","high","true"
"SOURCE_DSIRE:dsire_program_id:5726","grant_funding","electric_usage_reduction|hvac_electric_efficiency|gas_usage_reduction|refrigeration_electric_efficiency|motor_vfd_efficiency|commercial_kitchen_equipment_efficiency","bill_savings|upfront_cost_reduction","business_relevant","none|electric|gas","project_cost_estimate","contractor_quote_amount|monthly_kwh|rate_schedule|delivery_charges|generation_charges|peak_kw|demand_charges|monthly_therms|gas_rate_schedule|demand_charge_rate|annual_therms|average_cost_per_therm|annual_water_use|annual_water_cost|annual_sewer_cost","equipment_category|project_timing","grant_amount","contractor_quote_required","needs_quote","medium","true"
"SOURCE_DSIRE:dsire_program_id:4056","motor_vfd_efficiency","","bill_savings|upfront_cost_reduction","agriculture_only","electric","annual_kwh|annual_electric_cost|average_cost_per_kwh","peak_kw|demand_charge_rate|monthly_kwh","equipment_category|quantity","per_unit","cost_per_unit","needs_equipment_details","medium","true"
"SOURCE_DSIRE:dsire_program_id:22782","financing_cash_flow","hvac_electric_efficiency","bill_savings|financing","residential_only","none|electric","project_cost_estimate|interest_rate|financing_term_years","down_payment|contractor_quote_amount|monthly_kwh|peak_kw|demand_charges|rate_schedule","equipment_category","financing","contractor_quote_required","needs_quote","low","true"
"SOURCE_DSIRE:dsire_program_id:3134","whole_building_custom_efficiency","electric_usage_reduction|hvac_electric_efficiency|gas_usage_reduction|motor_vfd_efficiency|controls_building_automation","bill_savings|upfront_cost_reduction","residential_only","electric|gas","annual_kwh|annual_electric_cost|average_cost_per_kwh","annual_therms|average_cost_per_therm|peak_kw|demand_charge_rate|square_footage|monthly_kwh|rate_schedule|delivery_charges|generation_charges|demand_charges|monthly_therms|gas_rate_schedule|time_of_use_periods","project_cost_estimate|equipment_category","per_kwh_saved","benchmark_range","needs_bill","low","true"
"SOURCE_DSIRE:dsire_program_id:3319","financing_cash_flow","hvac_electric_efficiency|gas_usage_reduction|motor_vfd_efficiency","bill_savings|financing","residential_only","none|electric|gas","project_cost_estimate|interest_rate|financing_term_years","down_payment|contractor_quote_amount|monthly_kwh|peak_kw|demand_charges|rate_schedule|monthly_therms|gas_rate_schedule|demand_charge_rate","equipment_category","financing","contractor_quote_required","needs_quote","low","true"
"SOURCE_DSIRE:dsire_program_id:3409","motor_vfd_efficiency","","bill_savings|upfront_cost_reduction","business_relevant","electric","annual_kwh|annual_electric_cost|average_cost_per_kwh","peak_kw|demand_charge_rate|monthly_kwh","equipment_category|quantity","per_unit","cost_per_unit","needs_equipment_details","medium","true"
"SOURCE_DSIRE:dsire_program_id:3355","motor_vfd_efficiency","","bill_savings|upfront_cost_reduction","mixed","electric","annual_kwh|annual_electric_cost|average_cost_per_kwh","peak_kw|demand_charge_rate|monthly_kwh","equipment_category|quantity","per_unit","cost_per_unit","needs_equipment_details","medium","true"
"SOURCE_DSIRE:dsire_program_id:143","sales_or_property_tax_exemption","","tax_benefit","mixed","none","project_cost_estimate","ownership_status|tax_entity_type|contractor_quote_amount","equipment_category","tax_exemption","benchmark_range","needs_tax_review","medium","true"
"SOURCE_DSIRE:dsire_program_id:1337","financing_cash_flow","solar_electric_offset|hvac_electric_efficiency|gas_usage_reduction|motor_vfd_efficiency|controls_building_automation|battery_tou_demand_savings","bill_savings|financing","residential_only","none|electric|gas","project_cost_estimate|interest_rate|financing_term_years","down_payment|contractor_quote_amount|time_of_use_periods|demand_charges|generation_charges|delivery_charges|monthly_kwh|peak_kw|rate_schedule|monthly_therms|gas_rate_schedule|demand_charge_rate|annual_therms|annual_kwh|monthly_peak_kw","equipment_category","financing","contractor_quote_required","needs_quote","low","true"
"SOURCE_DSIRE:dsire_program_id:3023","project_cost_reduction_only","","upfront_cost_reduction","business_relevant","none","project_cost_estimate","contractor_quote_amount|quote_date","equipment_category","per_unit","benchmark_range","needs_equipment_details","medium","true"
"SOURCE_DSIRE:dsire_program_id:22348","fleet_fuel_replacement","ev_charging_site_load","bill_savings|upfront_cost_reduction","mixed","fuel|electric","annual_gallons|annual_fuel_cost|average_cost_per_gallon|vehicle_count","estimated_miles|fuel_type|monthly_fuel_cost|rate_schedule|average_cost_per_kwh|peak_kw|demand_charge_rate|time_of_use_periods","vehicle_count","per_unit","cost_per_unit","needs_equipment_details","medium","true"
"SOURCE_DSIRE:dsire_program_id:5807","financing_cash_flow","hvac_electric_efficiency|gas_usage_reduction|motor_vfd_efficiency","bill_savings|financing","residential_only","none|electric|gas","project_cost_estimate|interest_rate|financing_term_years","down_payment|contractor_quote_amount|monthly_kwh|peak_kw|demand_charges|rate_schedule|monthly_therms|gas_rate_schedule|demand_charge_rate","equipment_category","financing","contractor_quote_required","needs_quote","low","true"
"SOURCE_DSIRE:dsire_program_id:22489","sales_or_property_tax_exemption","battery_tou_demand_savings","bill_savings|tax_benefit","residential_only","none|electric","project_cost_estimate","ownership_status|tax_entity_type|contractor_quote_amount|annual_kwh|monthly_peak_kw","equipment_category","tax_exemption","benchmark_range","needs_tax_review","low","true"
"SOURCE_DSIRE:dsire_program_id:22758","program_rule_value_only","","policy_or_permitting","unknown","none","","service_address|utility_provider","project_timing","unknown","unknown","policy_only","low","true"
"SOURCE_SILICON_VALLEY_POWER:svp_source_section:6849d4cc60567610:customer-directed-electrification-rebate","motor_vfd_efficiency","","bill_savings|upfront_cost_reduction","business_relevant","electric","annual_kwh|annual_electric_cost|average_cost_per_kwh","peak_kw|demand_charge_rate|monthly_kwh","equipment_category|quantity","per_unit","cost_per_unit","needs_equipment_details","medium","true"
"SOURCE_DSIRE:dsire_program_id:2445","financing_cash_flow","hvac_electric_efficiency|motor_vfd_efficiency","bill_savings|financing","mixed","none|electric","project_cost_estimate|interest_rate|financing_term_years","down_payment|contractor_quote_amount|monthly_kwh|peak_kw|demand_charges|rate_schedule|demand_charge_rate","equipment_category","financing","contractor_quote_required","needs_quote","high","true"
"SOURCE_DSIRE:dsire_program_id:3812","motor_vfd_efficiency","","bill_savings|upfront_cost_reduction","mixed","electric","annual_kwh|annual_electric_cost|average_cost_per_kwh","peak_kw|demand_charge_rate|monthly_kwh","equipment_category|quantity","per_unit","cost_per_unit","needs_equipment_details","medium","true"
"SOURCE_DSIRE:dsire_program_id:701","interconnection_or_grid_access_value","","policy_or_permitting","mixed","none","","utility_provider|service_address|rate_schedule","equipment_category|project_timing","unknown","unknown","policy_only","low","true"
"SOURCE_DSIRE:dsire_program_id:4342","motor_vfd_efficiency","","bill_savings|upfront_cost_reduction","residential_only","electric","annual_kwh|annual_electric_cost|average_cost_per_kwh","peak_kw|demand_charge_rate|monthly_kwh","equipment_category|quantity","per_unit","cost_per_unit","needs_equipment_details","low","true"
"SOURCE_DSIRE:dsire_program_id:22162","grant_funding","","upfront_cost_reduction","unknown","none","project_cost_estimate","contractor_quote_amount","equipment_category|project_timing","grant_amount","contractor_quote_required","needs_quote","low","true"
"SOURCE_DSIRE:dsire_program_id:151","sales_or_property_tax_exemption","electric_usage_reduction|solar_electric_offset","bill_savings|tax_benefit","business_relevant","none|electric","project_cost_estimate","ownership_status|tax_entity_type|contractor_quote_amount|monthly_kwh|rate_schedule|delivery_charges|generation_charges|time_of_use_periods|demand_charges","equipment_category","tax_exemption","benchmark_range","needs_tax_review","medium","false"
"SOURCE_DSIRE:dsire_program_id:4785","commercial_kitchen_equipment_efficiency","water_sewer_reduction","bill_savings|upfront_cost_reduction","business_relevant","electric|water_sewer","annual_kwh|annual_electric_cost|average_cost_per_kwh","annual_therms|average_cost_per_therm|annual_water_use|annual_water_cost|annual_sewer_cost|monthly_water_use|water_unit|sewer_cost|meter_size|irrigation_meter_present","equipment_category|quantity","per_unit","cost_per_unit","needs_equipment_details","medium","true"
"SOURCE_DSIRE:dsire_program_id:5587","grant_funding","","upfront_cost_reduction","public_nonprofit_only","none","project_cost_estimate","contractor_quote_amount","equipment_category|project_timing","grant_amount","contractor_quote_required","needs_quote","high","true"
"SOURCE_DSIRE:dsire_program_id:22199","grant_funding","ev_charging_site_load","bill_savings|upfront_cost_reduction","mixed","none|electric","project_cost_estimate","contractor_quote_amount|peak_kw|demand_charge_rate|time_of_use_periods","equipment_category|project_timing","grant_amount","contractor_quote_required","needs_quote","high","true"
"SOURCE_DSIRE:dsire_program_id:1461","commercial_kitchen_equipment_efficiency","water_sewer_reduction","bill_savings|upfront_cost_reduction","residential_only","electric|water_sewer","annual_kwh|annual_electric_cost|average_cost_per_kwh","annual_therms|average_cost_per_therm|annual_water_use|annual_water_cost|annual_sewer_cost|monthly_water_use|water_unit|sewer_cost|meter_size|irrigation_meter_present","equipment_category|quantity","per_unit","cost_per_unit","needs_equipment_details","low","true"
"SOURCE_DSIRE:dsire_program_id:5403","controls_building_automation","","bill_savings|upfront_cost_reduction","residential_only","electric","annual_kwh|rate_schedule","annual_therms|peak_kw|demand_charges|time_of_use_periods","square_footage|equipment_category","per_unit","benchmark_range","needs_equipment_details","low","true"
"SOURCE_DSIRE:dsire_program_id:4739","motor_vfd_efficiency","","bill_savings|upfront_cost_reduction","business_relevant","electric","annual_kwh|annual_electric_cost|average_cost_per_kwh","peak_kw|demand_charge_rate|monthly_kwh","equipment_category|quantity","per_unit","cost_per_unit","needs_equipment_details","medium","true"
"SOURCE_DSIRE:dsire_program_id:3659","whole_building_custom_efficiency","electric_usage_reduction|hvac_electric_efficiency|gas_usage_reduction|refrigeration_electric_efficiency|motor_vfd_efficiency|controls_building_automation|commercial_kitchen_equipment_efficiency|battery_tou_demand_savings|water_sewer_reduction","bill_savings|upfront_cost_reduction","business_relevant","electric|gas|water_sewer","annual_kwh|annual_electric_cost|average_cost_per_kwh","annual_therms|average_cost_per_therm|peak_kw|demand_charge_rate|square_footage|monthly_kwh|rate_schedule|delivery_charges|generation_charges|demand_charges|monthly_therms|gas_rate_schedule|time_of_use_periods|annual_water_use|annual_water_cost|annual_sewer_cost|annual_kwh|monthly_peak_kw|monthly_water_use|water_unit|sewer_cost|meter_size|irrigation_meter_present","project_cost_estimate|equipment_category","per_kwh_saved","benchmark_range","needs_bill","medium","true"
"SOURCE_DSIRE:dsire_program_id:3841","commercial_kitchen_equipment_efficiency","water_sewer_reduction","bill_savings|upfront_cost_reduction","business_relevant","electric|water_sewer","annual_kwh|annual_electric_cost|average_cost_per_kwh","annual_therms|average_cost_per_therm|annual_water_use|annual_water_cost|annual_sewer_cost|monthly_water_use|water_unit|sewer_cost|meter_size|irrigation_meter_present","equipment_category|quantity","per_unit","cost_per_unit","needs_equipment_details","medium","true"
"SOURCE_DSIRE:dsire_program_id:5627","financing_cash_flow","solar_electric_offset|hvac_electric_efficiency|gas_usage_reduction","bill_savings|financing","residential_only","none|electric|gas","project_cost_estimate|interest_rate|financing_term_years","down_payment|contractor_quote_amount|time_of_use_periods|demand_charges|generation_charges|delivery_charges|monthly_kwh|peak_kw|rate_schedule|monthly_therms|gas_rate_schedule","equipment_category","financing","contractor_quote_required","needs_quote","low","true"
"SOURCE_CA_ENERGY_COMMISSION:cec_url_hash:url_hash:4fc8c1c8271d9542","grant_funding","","upfront_cost_reduction","mixed","none","project_cost_estimate","contractor_quote_amount","equipment_category|project_timing","grant_amount","contractor_quote_required","needs_quote","high","true"
"SOURCE_DSIRE:dsire_program_id:3385","refrigeration_electric_efficiency","electric_usage_reduction","bill_savings|upfront_cost_reduction","business_relevant","electric","annual_kwh|annual_electric_cost|average_cost_per_kwh","monthly_kwh|peak_kw|demand_charges|rate_schedule|delivery_charges|generation_charges","equipment_category|quantity","per_unit","cost_per_unit","needs_equipment_details","medium","true"
"SOURCE_DSIRE:dsire_program_id:1931","battery_tou_demand_savings","project_cost_reduction_only","bill_savings|upfront_cost_reduction","business_relevant","electric|none","rate_schedule|time_of_use_periods|peak_kw|demand_charges|demand_charge_rate|monthly_kwh","annual_kwh|monthly_peak_kw|contractor_quote_amount|quote_date","equipment_category","per_unit","cost_per_kwh_storage","needs_equipment_details","medium","true"
"SOURCE_DSIRE:dsire_program_id:22741","ev_charging_site_load","project_cost_reduction_only","bill_savings|upfront_cost_reduction","residential_only","electric|none","rate_schedule|annual_kwh|average_cost_per_kwh","peak_kw|demand_charge_rate|time_of_use_periods|contractor_quote_amount|quote_date","parking_spaces|ownership_status|equipment_category","per_unit","cost_per_unit","needs_quote","low","true"
"SOURCE_DSIRE:dsire_program_id:4569","controls_building_automation","","bill_savings|upfront_cost_reduction","mixed","electric","annual_kwh|rate_schedule","annual_therms|peak_kw|demand_charges|time_of_use_periods","square_footage|equipment_category","per_unit","benchmark_range","needs_equipment_details","medium","true"
"SOURCE_DSIRE:dsire_program_id:22342","project_cost_reduction_only","","upfront_cost_reduction","mixed","none","project_cost_estimate","contractor_quote_amount|quote_date","equipment_category","per_unit","benchmark_range","needs_equipment_details","medium","true"
"SOURCE_DSIRE:dsire_program_id:1188","financing_cash_flow","hvac_electric_efficiency|gas_usage_reduction","bill_savings|financing","residential_only","none|electric|gas","project_cost_estimate|interest_rate|financing_term_years","down_payment|contractor_quote_amount|monthly_kwh|peak_kw|demand_charges|rate_schedule|monthly_therms|gas_rate_schedule","equipment_category","financing","contractor_quote_required","needs_quote","low","true"
"SOURCE_DSIRE:dsire_program_id:2158","financing_cash_flow","electric_usage_reduction|hvac_electric_efficiency|gas_usage_reduction|motor_vfd_efficiency","bill_savings|financing","residential_only","none|electric|gas","project_cost_estimate|interest_rate|financing_term_years","down_payment|contractor_quote_amount|monthly_kwh|rate_schedule|delivery_charges|generation_charges|peak_kw|demand_charges|monthly_therms|gas_rate_schedule|demand_charge_rate","equipment_category","financing","contractor_quote_required","needs_quote","low","true"
"SOURCE_DSIRE:dsire_program_id:1302","financing_cash_flow","electric_usage_reduction|solar_electric_offset|hvac_electric_efficiency|gas_usage_reduction|refrigeration_electric_efficiency|motor_vfd_efficiency|controls_building_automation|commercial_kitchen_equipment_efficiency|battery_tou_demand_savings|water_sewer_reduction","bill_savings|financing","residential_only","none|electric|gas|water_sewer","project_cost_estimate|interest_rate|financing_term_years","down_payment|contractor_quote_amount|monthly_kwh|rate_schedule|delivery_charges|generation_charges|time_of_use_periods|demand_charges|peak_kw|monthly_therms|gas_rate_schedule|demand_charge_rate|annual_therms|average_cost_per_therm|annual_water_use|annual_water_cost|annual_sewer_cost|annual_kwh|monthly_peak_kw|monthly_water_use|water_unit|sewer_cost|meter_size|irrigation_meter_present","equipment_category","financing","contractor_quote_required","needs_quote","low","true"
"SOURCE_DSIRE:dsire_program_id:2241","ev_charging_site_load","project_cost_reduction_only","bill_savings|upfront_cost_reduction","residential_only","electric|none","rate_schedule|annual_kwh|average_cost_per_kwh","peak_kw|demand_charge_rate|time_of_use_periods|contractor_quote_amount|quote_date","parking_spaces|ownership_status|equipment_category","per_unit","cost_per_unit","needs_quote","low","true"
"SOURCE_DSIRE:dsire_program_id:4698","whole_building_custom_efficiency","electric_usage_reduction|hvac_electric_efficiency|gas_usage_reduction|refrigeration_electric_efficiency|motor_vfd_efficiency|controls_building_automation|commercial_kitchen_equipment_efficiency|battery_tou_demand_savings","bill_savings|upfront_cost_reduction","business_relevant","electric|gas","annual_kwh|annual_electric_cost|average_cost_per_kwh","annual_therms|average_cost_per_therm|peak_kw|demand_charge_rate|square_footage|monthly_kwh|rate_schedule|delivery_charges|generation_charges|demand_charges|monthly_therms|gas_rate_schedule|time_of_use_periods|annual_water_use|annual_water_cost|annual_sewer_cost|annual_kwh|monthly_peak_kw","project_cost_estimate|equipment_category","per_kwh_saved","benchmark_range","needs_bill","medium","true"
"SOURCE_DSIRE:dsire_program_id:5042","sales_or_property_tax_exemption","electric_usage_reduction|solar_electric_offset|hvac_electric_efficiency|motor_vfd_efficiency","bill_savings|tax_benefit","residential_only","none|electric","project_cost_estimate","ownership_status|tax_entity_type|contractor_quote_amount|monthly_kwh|rate_schedule|delivery_charges|generation_charges|time_of_use_periods|demand_charges|peak_kw|demand_charge_rate","equipment_category","tax_exemption","benchmark_range","needs_tax_review","low","true"
"SOURCE_DSIRE:dsire_program_id:3619","whole_building_custom_efficiency","hvac_electric_efficiency|gas_usage_reduction|refrigeration_electric_efficiency|motor_vfd_efficiency","bill_savings|upfront_cost_reduction","residential_only","electric|gas","annual_kwh|annual_electric_cost|average_cost_per_kwh","annual_therms|average_cost_per_therm|peak_kw|demand_charge_rate|square_footage|monthly_kwh|demand_charges|rate_schedule|monthly_therms|gas_rate_schedule","project_cost_estimate|equipment_category","per_kwh_saved","benchmark_range","needs_bill","low","true"
"SOURCE_DSIRE:dsire_program_id:5138","motor_vfd_efficiency","","bill_savings|upfront_cost_reduction","business_relevant","electric","annual_kwh|annual_electric_cost|average_cost_per_kwh","peak_kw|demand_charge_rate|monthly_kwh","equipment_category|quantity","per_unit","cost_per_unit","needs_equipment_details","medium","true"
"SOURCE_DSIRE:dsire_program_id:1450","commercial_kitchen_equipment_efficiency","water_sewer_reduction","bill_savings|upfront_cost_reduction","mixed","electric|water_sewer","annual_kwh|annual_electric_cost|average_cost_per_kwh","annual_therms|average_cost_per_therm|annual_water_use|annual_water_cost|annual_sewer_cost|monthly_water_use|water_unit|sewer_cost|meter_size|irrigation_meter_present","equipment_category|quantity","per_unit","cost_per_unit","needs_equipment_details","medium","true"
"SOURCE_DSIRE:dsire_program_id:4636","ev_charging_site_load","project_cost_reduction_only","bill_savings|upfront_cost_reduction","residential_only","electric|none","rate_schedule|annual_kwh|average_cost_per_kwh","peak_kw|demand_charge_rate|time_of_use_periods|contractor_quote_amount|quote_date","parking_spaces|ownership_status|equipment_category","per_unit","cost_per_unit","needs_quote","low","true"
"SOURCE_DSIRE:dsire_program_code_title_hash:NY108F:7a3fca37800a","sales_or_property_tax_exemption","","tax_benefit","unknown","none","project_cost_estimate","ownership_status|tax_entity_type|contractor_quote_amount","equipment_category","tax_exemption","benchmark_range","needs_tax_review","low","true"
"SOURCE_DSIRE:dsire_program_id:2526","net_metering_or_export_value","solar_electric_offset","bill_savings|policy_or_permitting","mixed","electric","annual_kwh|monthly_kwh|rate_schedule","time_of_use_periods|generation_charges|delivery_charges|demand_charges","equipment_category|roof_area","unknown","unknown","policy_only","low","true"
"SOURCE_DSIRE:dsire_program_id:4828","motor_vfd_efficiency","","bill_savings|upfront_cost_reduction","residential_only","electric","annual_kwh|annual_electric_cost|average_cost_per_kwh","peak_kw|demand_charge_rate|monthly_kwh","equipment_category|quantity","per_unit","cost_per_unit","needs_equipment_details","low","true"
"SOURCE_DSIRE:dsire_program_id:22273","fleet_fuel_replacement","ev_charging_site_load","bill_savings|upfront_cost_reduction","mixed","fuel|electric","annual_gallons|annual_fuel_cost|average_cost_per_gallon|vehicle_count","estimated_miles|fuel_type|monthly_fuel_cost|rate_schedule|average_cost_per_kwh|peak_kw|demand_charge_rate|time_of_use_periods","vehicle_count","per_unit","cost_per_unit","needs_equipment_details","medium","true"
"SOURCE_DSIRE:dsire_program_id:1772","controls_building_automation","","bill_savings|upfront_cost_reduction","residential_only","electric","annual_kwh|rate_schedule","annual_therms|peak_kw|demand_charges|time_of_use_periods","square_footage|equipment_category","per_unit","benchmark_range","needs_equipment_details","low","true"
"SOURCE_DSIRE:dsire_program_id:3762","financing_cash_flow","","financing","business_relevant","none","project_cost_estimate|interest_rate|financing_term_years","down_payment|contractor_quote_amount","equipment_category","financing","contractor_quote_required","needs_quote","medium","true"
"SOURCE_DSIRE:dsire_program_id:22597","financing_cash_flow","solar_electric_offset","bill_savings|financing","business_relevant","none|electric","project_cost_estimate|interest_rate|financing_term_years","down_payment|contractor_quote_amount|time_of_use_periods|demand_charges|generation_charges|delivery_charges","equipment_category","financing","contractor_quote_required","needs_quote","medium","true"
"SOURCE_DSIRE:dsire_program_id:22424","program_rule_value_only","","policy_or_permitting","mixed","none","","service_address|utility_provider","project_timing","unknown","unknown","policy_only","low","true"
"SOURCE_DSIRE:dsire_program_id:3329","motor_vfd_efficiency","","bill_savings|upfront_cost_reduction","residential_only","electric","annual_kwh|annual_electric_cost|average_cost_per_kwh","peak_kw|demand_charge_rate|monthly_kwh","equipment_category|quantity","per_unit","cost_per_unit","needs_equipment_details","low","true"
"SOURCE_DSIRE:dsire_program_id:22666","grant_funding","electric_usage_reduction|ev_charging_site_load","bill_savings|upfront_cost_reduction","agriculture_only","none|electric","project_cost_estimate","contractor_quote_amount|monthly_kwh|rate_schedule|delivery_charges|generation_charges|peak_kw|demand_charge_rate|time_of_use_periods","equipment_category|project_timing","grant_amount","contractor_quote_required","needs_quote","high","true"
"SOURCE_DSIRE:dsire_program_id:2301","motor_vfd_efficiency","","bill_savings|upfront_cost_reduction","residential_only","electric","annual_kwh|annual_electric_cost|average_cost_per_kwh","peak_kw|demand_charge_rate|monthly_kwh","equipment_category|quantity","per_unit","cost_per_unit","needs_equipment_details","low","true"
"SOURCE_DSIRE:dsire_program_id:22746","grant_funding","electric_usage_reduction|hvac_electric_efficiency|controls_building_automation","bill_savings|upfront_cost_reduction","public_nonprofit_only","none|electric","project_cost_estimate","contractor_quote_amount|monthly_kwh|rate_schedule|delivery_charges|generation_charges|peak_kw|demand_charges|annual_therms|time_of_use_periods","equipment_category|project_timing","grant_amount","contractor_quote_required","needs_quote","high","true"
"SOURCE_DSIRE:dsire_program_id:1292","project_cost_reduction_only","","upfront_cost_reduction","business_relevant","none","project_cost_estimate","contractor_quote_amount|quote_date","equipment_category","per_unit","benchmark_range","needs_equipment_details","medium","true"
"SOURCE_CA_ENERGY_COMMISSION:cec_url_hash:url_hash:909b01398607370c","grant_funding","electric_usage_reduction|battery_tou_demand_savings","bill_savings|upfront_cost_reduction","business_relevant","none|electric","project_cost_estimate","contractor_quote_amount|monthly_kwh|rate_schedule|delivery_charges|generation_charges|annual_kwh|monthly_peak_kw","equipment_category|project_timing","grant_amount","contractor_quote_required","needs_quote","high","false"
"SOURCE_DSIRE:dsire_program_id:5513","financing_cash_flow","electric_usage_reduction|solar_electric_offset|hvac_electric_efficiency|gas_usage_reduction|motor_vfd_efficiency|controls_building_automation","bill_savings|financing","agriculture_only","none|electric|gas","project_cost_estimate|interest_rate|financing_term_years","down_payment|contractor_quote_amount|monthly_kwh|rate_schedule|delivery_charges|generation_charges|time_of_use_periods|demand_charges|peak_kw|monthly_therms|gas_rate_schedule|demand_charge_rate|annual_therms","equipment_category","financing","contractor_quote_required","needs_quote","medium","true"
"SOURCE_DSIRE:dsire_program_id:4243","financing_cash_flow","electric_usage_reduction|hvac_electric_efficiency|gas_usage_reduction|motor_vfd_efficiency","bill_savings|financing","business_relevant","none|electric|gas","project_cost_estimate|interest_rate|financing_term_years","down_payment|contractor_quote_amount|monthly_kwh|rate_schedule|delivery_charges|generation_charges|peak_kw|demand_charges|monthly_therms|gas_rate_schedule|demand_charge_rate","equipment_category","financing","contractor_quote_required","needs_quote","medium","true"
"SOURCE_DSIRE:dsire_program_id:22576","battery_tou_demand_savings","project_cost_reduction_only","bill_savings|upfront_cost_reduction","residential_only","electric|none","rate_schedule|time_of_use_periods|peak_kw|demand_charges|demand_charge_rate|monthly_kwh","annual_kwh|monthly_peak_kw|contractor_quote_amount|quote_date","equipment_category","per_unit","cost_per_kwh_storage","needs_equipment_details","low","true"
"SOURCE_DSIRE:dsire_program_id:3797","tax_benefit_project_cost_reduction","electric_usage_reduction|hvac_electric_efficiency|gas_usage_reduction|motor_vfd_efficiency|controls_building_automation","bill_savings|tax_benefit","residential_only","none|electric|gas","project_cost_estimate|tax_entity_type","ownership_status|tax_appetite_unknown|contractor_quote_amount|monthly_kwh|rate_schedule|delivery_charges|generation_charges|peak_kw|demand_charges|monthly_therms|gas_rate_schedule|demand_charge_rate|annual_therms|time_of_use_periods","equipment_category","tax_credit","benchmark_range","needs_tax_review","low","true"
"SOURCE_DSIRE:dsire_program_id:2809","program_rule_value_only","","policy_or_permitting","mixed","none","","service_address|utility_provider","project_timing","unknown","unknown","policy_only","low","true"
"SOURCE_DSIRE:dsire_program_id:2586","ev_charging_site_load","project_cost_reduction_only","bill_savings|upfront_cost_reduction","mixed","electric|none","rate_schedule|annual_kwh|average_cost_per_kwh","peak_kw|demand_charge_rate|time_of_use_periods|contractor_quote_amount|quote_date","parking_spaces|ownership_status|equipment_category","per_unit","cost_per_unit","needs_quote","medium","true"
"SOURCE_DSIRE:dsire_program_id:22263","fleet_fuel_replacement","ev_charging_site_load","bill_savings|upfront_cost_reduction","residential_only","fuel|electric","annual_gallons|annual_fuel_cost|average_cost_per_gallon|vehicle_count","estimated_miles|fuel_type|monthly_fuel_cost|rate_schedule|average_cost_per_kwh|peak_kw|demand_charge_rate|time_of_use_periods","vehicle_count","per_unit","cost_per_unit","needs_equipment_details","low","true"
"SOURCE_DSIRE:dsire_program_id:1804","program_rule_value_only","","policy_or_permitting","mixed","none","","service_address|utility_provider","project_timing","unknown","unknown","policy_only","low","true"
"SOURCE_DSIRE:dsire_program_id:22810","ev_charging_site_load","project_cost_reduction_only","bill_savings|upfront_cost_reduction","residential_only","electric|none","rate_schedule|annual_kwh|average_cost_per_kwh","peak_kw|demand_charge_rate|time_of_use_periods|contractor_quote_amount|quote_date","parking_spaces|ownership_status|equipment_category","per_unit","cost_per_unit","needs_quote","low","true"
"SOURCE_DSIRE:dsire_program_id:3348","ev_charging_site_load","project_cost_reduction_only","bill_savings|upfront_cost_reduction","residential_only","electric|none","rate_schedule|annual_kwh|average_cost_per_kwh","peak_kw|demand_charge_rate|time_of_use_periods|contractor_quote_amount|quote_date","parking_spaces|ownership_status|equipment_category","per_unit","cost_per_unit","needs_quote","low","true"
"SOURCE_DSIRE:dsire_program_id:2670","motor_vfd_efficiency","","bill_savings|upfront_cost_reduction","residential_only","electric","annual_kwh|annual_electric_cost|average_cost_per_kwh","peak_kw|demand_charge_rate|monthly_kwh","equipment_category|quantity","per_unit","cost_per_unit","needs_equipment_details","low","true"
"SOURCE_DSIRE:dsire_program_id:5223","financing_cash_flow","solar_electric_offset|hvac_electric_efficiency|gas_usage_reduction|refrigeration_electric_efficiency|commercial_kitchen_equipment_efficiency|water_sewer_reduction","bill_savings|financing","mixed","none|electric|gas|water_sewer","project_cost_estimate|interest_rate|financing_term_years","down_payment|contractor_quote_amount|time_of_use_periods|demand_charges|generation_charges|delivery_charges|monthly_kwh|peak_kw|rate_schedule|monthly_therms|gas_rate_schedule|annual_therms|average_cost_per_therm|annual_water_use|annual_water_cost|annual_sewer_cost|monthly_water_use|water_unit|sewer_cost|meter_size|irrigation_meter_present","equipment_category","financing","contractor_quote_required","needs_quote","medium","true"
"SOURCE_DSIRE:dsire_program_id:83","program_rule_value_only","","policy_or_permitting","mixed","none","","service_address|utility_provider","project_timing","unknown","unknown","policy_only","low","true"
"SOURCE_DSIRE:dsire_program_id:3024","controls_building_automation","","bill_savings|upfront_cost_reduction","residential_only","electric","annual_kwh|rate_schedule","annual_therms|peak_kw|demand_charges|time_of_use_periods","square_footage|equipment_category","per_unit","benchmark_range","needs_equipment_details","low","true"
"SOURCE_DSIRE:dsire_program_id:22630","grant_funding","ev_charging_site_load","bill_savings|upfront_cost_reduction","unknown","none|electric","project_cost_estimate","contractor_quote_amount|peak_kw|demand_charge_rate|time_of_use_periods","equipment_category|project_timing","grant_amount","contractor_quote_required","needs_quote","low","true"
"SOURCE_CA_ENERGY_COMMISSION:cec_solicitation_number:GFO-24-701","grant_funding","","upfront_cost_reduction","business_relevant","none","project_cost_estimate","contractor_quote_amount","equipment_category|project_timing","grant_amount","contractor_quote_required","needs_quote","high","false"
"SOURCE_DSIRE:dsire_program_id:186","gas_usage_reduction","project_cost_reduction_only","bill_savings|upfront_cost_reduction","mixed","gas|none","annual_therms|annual_gas_cost|average_cost_per_therm","monthly_therms|gas_rate_schedule|contractor_quote_amount|quote_date","equipment_category","per_unit","cost_per_unit","needs_bill","high","true"
"SOURCE_DSIRE:dsire_program_id:3578","ev_charging_site_load","project_cost_reduction_only","bill_savings|upfront_cost_reduction","mixed","electric|none","rate_schedule|annual_kwh|average_cost_per_kwh","peak_kw|demand_charge_rate|time_of_use_periods|contractor_quote_amount|quote_date","parking_spaces|ownership_status|equipment_category","per_unit","cost_per_unit","needs_quote","medium","true"
"SOURCE_DSIRE:dsire_program_id:4133","whole_building_custom_efficiency","electric_usage_reduction|hvac_electric_efficiency|gas_usage_reduction|refrigeration_electric_efficiency|motor_vfd_efficiency|controls_building_automation|commercial_kitchen_equipment_efficiency|water_sewer_reduction","bill_savings|upfront_cost_reduction","residential_only","electric|gas|water_sewer","annual_kwh|annual_electric_cost|average_cost_per_kwh","annual_therms|average_cost_per_therm|peak_kw|demand_charge_rate|square_footage|monthly_kwh|rate_schedule|delivery_charges|generation_charges|demand_charges|monthly_therms|gas_rate_schedule|time_of_use_periods|annual_water_use|annual_water_cost|annual_sewer_cost|monthly_water_use|water_unit|sewer_cost|meter_size|irrigation_meter_present","project_cost_estimate|equipment_category","per_kwh_saved","benchmark_range","needs_bill","low","true"
"SOURCE_DSIRE:dsire_program_id:5739","financing_cash_flow","hvac_electric_efficiency|gas_usage_reduction|motor_vfd_efficiency","bill_savings|financing","residential_only","none|electric|gas","project_cost_estimate|interest_rate|financing_term_years","down_payment|contractor_quote_amount|monthly_kwh|peak_kw|demand_charges|rate_schedule|monthly_therms|gas_rate_schedule|demand_charge_rate","equipment_category","financing","contractor_quote_required","needs_quote","low","true"
"SOURCE_DSIRE:dsire_program_id:3486","project_cost_reduction_only","","upfront_cost_reduction","residential_only","none","project_cost_estimate","contractor_quote_amount|quote_date","equipment_category","per_unit","benchmark_range","needs_equipment_details","low","true"
"SOURCE_DSIRE:dsire_program_id:709","interconnection_or_grid_access_value","","policy_or_permitting","mixed","none","","utility_provider|service_address|rate_schedule","equipment_category|project_timing","unknown","unknown","policy_only","low","true"
"SOURCE_DSIRE:dsire_program_id:4482","ev_charging_site_load","project_cost_reduction_only","bill_savings|upfront_cost_reduction","residential_only","electric|none","rate_schedule|annual_kwh|average_cost_per_kwh","peak_kw|demand_charge_rate|time_of_use_periods|contractor_quote_amount|quote_date","parking_spaces|ownership_status|equipment_category","per_unit","cost_per_unit","needs_quote","low","true"
"SOURCE_DSIRE:dsire_program_id:22229","grant_funding","electric_usage_reduction|ev_charging_site_load","bill_savings|upfront_cost_reduction","business_relevant","none|electric","project_cost_estimate","contractor_quote_amount|monthly_kwh|rate_schedule|delivery_charges|generation_charges|peak_kw|demand_charge_rate|time_of_use_periods","equipment_category|project_timing","grant_amount","contractor_quote_required","needs_quote","high","false"
"SOURCE_DSIRE:dsire_program_code_title_hash:MI100F:992219dea057","solar_electric_offset","project_cost_reduction_only","bill_savings|upfront_cost_reduction","unknown","electric|none","annual_kwh|monthly_kwh|average_cost_per_kwh|rate_schedule","time_of_use_periods|demand_charges|generation_charges|delivery_charges|contractor_quote_amount|quote_date","roof_area|ownership_status","per_kw","cost_per_kw","needs_bill","low","true"
"SOURCE_SDGE_BUSINESS:program_url:myenergycenter_com","electric_usage_reduction","project_cost_reduction_only","bill_savings|upfront_cost_reduction","mixed","electric|none","annual_kwh|annual_electric_cost|average_cost_per_kwh","monthly_kwh|rate_schedule|delivery_charges|generation_charges|contractor_quote_amount|quote_date","equipment_category","per_unit","cost_per_unit","needs_bill","medium","true"
"SOURCE_DSIRE:dsire_program_id:4916","interconnection_or_grid_access_value","","policy_or_permitting","residential_only","none","","utility_provider|service_address|rate_schedule","equipment_category|project_timing","unknown","unknown","policy_only","low","true"
"SOURCE_DSIRE:dsire_program_id:3144","financing_cash_flow","water_sewer_reduction","bill_savings|financing","residential_only","none|water_sewer","project_cost_estimate|interest_rate|financing_term_years","down_payment|contractor_quote_amount|monthly_water_use|water_unit|sewer_cost|meter_size|irrigation_meter_present","equipment_category","financing","contractor_quote_required","needs_quote","low","true"
"SOURCE_DSIRE:dsire_program_id:21867","controls_building_automation","","bill_savings|upfront_cost_reduction","residential_only","electric","annual_kwh|rate_schedule","annual_therms|peak_kw|demand_charges|time_of_use_periods","square_footage|equipment_category","per_unit","benchmark_range","needs_equipment_details","low","true"
"SOURCE_CA_ENERGY_COMMISSION:cec_solicitation_number:GFO-23-503","grant_funding","battery_tou_demand_savings","bill_savings|upfront_cost_reduction","business_relevant","none|electric","project_cost_estimate","contractor_quote_amount|annual_kwh|monthly_peak_kw","equipment_category|project_timing","grant_amount","contractor_quote_required","needs_quote","high","false"
"SOURCE_DSIRE:dsire_program_id:4754","motor_vfd_efficiency","","bill_savings|upfront_cost_reduction","business_relevant","electric","annual_kwh|annual_electric_cost|average_cost_per_kwh","peak_kw|demand_charge_rate|monthly_kwh","equipment_category|quantity","per_unit","cost_per_unit","needs_equipment_details","medium","true"
"SOURCE_DSIRE:dsire_program_id:1966","project_cost_reduction_only","","upfront_cost_reduction","residential_only","none","project_cost_estimate","contractor_quote_amount|quote_date","equipment_category","per_unit","benchmark_range","needs_equipment_details","low","true"
"SOURCE_DSIRE:dsire_program_id:22804","grant_funding","","upfront_cost_reduction","residential_only","none","project_cost_estimate","contractor_quote_amount","equipment_category|project_timing","grant_amount","contractor_quote_required","needs_quote","low","true"
"SOURCE_DSIRE:dsire_program_id:2296","whole_building_custom_efficiency","electric_usage_reduction|hvac_electric_efficiency|gas_usage_reduction|motor_vfd_efficiency|controls_building_automation","bill_savings|upfront_cost_reduction","residential_only","electric|gas","annual_kwh|annual_electric_cost|average_cost_per_kwh","annual_therms|average_cost_per_therm|peak_kw|demand_charge_rate|square_footage|monthly_kwh|rate_schedule|delivery_charges|generation_charges|demand_charges|monthly_therms|gas_rate_schedule|time_of_use_periods","project_cost_estimate|equipment_category","per_kwh_saved","benchmark_range","needs_bill","low","true"
"SOURCE_DSIRE:dsire_program_id:1944","fleet_fuel_replacement","ev_charging_site_load","bill_savings|upfront_cost_reduction","residential_only","fuel|electric","annual_gallons|annual_fuel_cost|average_cost_per_gallon|vehicle_count","estimated_miles|fuel_type|monthly_fuel_cost|rate_schedule|average_cost_per_kwh|peak_kw|demand_charge_rate|time_of_use_periods","vehicle_count","per_unit","cost_per_unit","needs_equipment_details","low","true"
"SOURCE_DSIRE:dsire_program_id:5888","grant_funding","electric_usage_reduction|solar_electric_offset","bill_savings|upfront_cost_reduction","agriculture_only","none|electric","project_cost_estimate","contractor_quote_amount|monthly_kwh|rate_schedule|delivery_charges|generation_charges|time_of_use_periods|demand_charges","equipment_category|project_timing","grant_amount","contractor_quote_required","needs_quote","high","true"
"SOURCE_DSIRE:dsire_program_id:5381","whole_building_custom_efficiency","hvac_electric_efficiency|gas_usage_reduction|motor_vfd_efficiency|controls_building_automation","bill_savings|upfront_cost_reduction","residential_only","electric|gas","annual_kwh|annual_electric_cost|average_cost_per_kwh","annual_therms|average_cost_per_therm|peak_kw|demand_charge_rate|square_footage|monthly_kwh|demand_charges|rate_schedule|monthly_therms|gas_rate_schedule|time_of_use_periods","project_cost_estimate|equipment_category","per_kwh_saved","benchmark_range","needs_bill","low","true"
"SOURCE_SILICON_VALLEY_POWER:svp_source_section:c23bfba702041c44:commercial-zero-emission-vehicle-fleet-rebate","fleet_fuel_replacement","ev_charging_site_load","bill_savings|upfront_cost_reduction","mixed","fuel|electric","annual_gallons|annual_fuel_cost|average_cost_per_gallon|vehicle_count","estimated_miles|fuel_type|monthly_fuel_cost|rate_schedule|average_cost_per_kwh|peak_kw|demand_charge_rate|time_of_use_periods","vehicle_count","per_unit","cost_per_unit","needs_equipment_details","medium","true"
"SOURCE_DSIRE:dsire_program_id:2543","ev_charging_site_load","project_cost_reduction_only","bill_savings|upfront_cost_reduction","mixed","electric|none","rate_schedule|annual_kwh|average_cost_per_kwh","peak_kw|demand_charge_rate|time_of_use_periods|contractor_quote_amount|quote_date","parking_spaces|ownership_status|equipment_category","per_unit","cost_per_unit","needs_quote","medium","true"
"SOURCE_DSIRE:dsire_program_id:4951","pace_or_on_bill_financing","","financing","mixed","none","project_cost_estimate|financing_term_years|interest_rate","ownership_status|down_payment|annual_electric_cost|annual_gas_cost","ownership_status","financing","contractor_quote_required","needs_quote","high","true"
"SOURCE_DSIRE:dsire_program_id:5036","gas_usage_reduction","project_cost_reduction_only","bill_savings|upfront_cost_reduction","residential_only","gas|none","annual_therms|annual_gas_cost|average_cost_per_therm","monthly_therms|gas_rate_schedule|contractor_quote_amount|quote_date","equipment_category","per_unit","cost_per_unit","needs_bill","low","true"
"SOURCE_SCE_BUSINESS:sce_source_section:f4ae5887bd3fcdc9:gogreen-business-energy-financing","financing_cash_flow","electric_usage_reduction|hvac_electric_efficiency|refrigeration_electric_efficiency|controls_building_automation","bill_savings|financing","business_relevant","none|electric","project_cost_estimate|interest_rate|financing_term_years","down_payment|contractor_quote_amount|monthly_kwh|rate_schedule|delivery_charges|generation_charges|peak_kw|demand_charges|annual_therms|time_of_use_periods","equipment_category","financing","contractor_quote_required","needs_quote","high","false"
"SOURCE_DSIRE:dsire_program_id:22636","grant_funding","ev_charging_site_load","bill_savings|upfront_cost_reduction","unknown","none|electric","project_cost_estimate","contractor_quote_amount|peak_kw|demand_charge_rate|time_of_use_periods","equipment_category|project_timing","grant_amount","contractor_quote_required","needs_quote","low","true"
"SOURCE_DSIRE:dsire_program_id:3590","ev_charging_site_load","project_cost_reduction_only","bill_savings|upfront_cost_reduction","mixed","electric|none","rate_schedule|annual_kwh|average_cost_per_kwh","peak_kw|demand_charge_rate|time_of_use_periods|contractor_quote_amount|quote_date","parking_spaces|ownership_status|equipment_category","per_unit","cost_per_unit","needs_quote","medium","true"
"SOURCE_DSIRE:dsire_program_id:22644","grant_funding","ev_charging_site_load","bill_savings|upfront_cost_reduction","unknown","none|electric","project_cost_estimate","contractor_quote_amount|peak_kw|demand_charge_rate|time_of_use_periods","equipment_category|project_timing","grant_amount","contractor_quote_required","needs_quote","low","true"
"SOURCE_DSIRE:dsire_program_id:2791","electric_usage_reduction","project_cost_reduction_only","bill_savings|upfront_cost_reduction","public_nonprofit_only","electric|none","annual_kwh|annual_electric_cost|average_cost_per_kwh","monthly_kwh|rate_schedule|delivery_charges|generation_charges|contractor_quote_amount|quote_date","equipment_category","per_unit","cost_per_unit","needs_bill","medium","true"
"SOURCE_DSIRE:dsire_program_id:4311","program_rule_value_only","","policy_or_permitting","unknown","none","","service_address|utility_provider","project_timing","unknown","unknown","policy_only","low","true"
"SOURCE_DSIRE:dsire_program_id:5875","pace_or_on_bill_financing","","financing","mixed","none","project_cost_estimate|financing_term_years|interest_rate","ownership_status|down_payment|annual_electric_cost|annual_gas_cost","ownership_status","financing","contractor_quote_required","needs_quote","high","true"
"SOURCE_DSIRE:dsire_program_id:310","sales_or_property_tax_exemption","","tax_benefit","business_relevant","none","project_cost_estimate","ownership_status|tax_entity_type|contractor_quote_amount","equipment_category","tax_exemption","benchmark_range","needs_tax_review","medium","false"
"SOURCE_DSIRE:dsire_program_id:4914","pace_or_on_bill_financing","","financing","mixed","none","project_cost_estimate|financing_term_years|interest_rate","ownership_status|down_payment|annual_electric_cost|annual_gas_cost","ownership_status","financing","contractor_quote_required","needs_quote","high","true"
"SOURCE_DSIRE:dsire_program_id:1296","whole_building_custom_efficiency","electric_usage_reduction|hvac_electric_efficiency|gas_usage_reduction|motor_vfd_efficiency|water_sewer_reduction","bill_savings|upfront_cost_reduction","mixed","electric|gas|water_sewer","annual_kwh|annual_electric_cost|average_cost_per_kwh","annual_therms|average_cost_per_therm|peak_kw|demand_charge_rate|square_footage|monthly_kwh|rate_schedule|delivery_charges|generation_charges|demand_charges|monthly_therms|gas_rate_schedule|monthly_water_use|water_unit|sewer_cost|meter_size|irrigation_meter_present","project_cost_estimate|equipment_category","per_kwh_saved","benchmark_range","needs_bill","medium","true"
"SOURCE_DSIRE:dsire_program_id:2407","commercial_kitchen_equipment_efficiency","water_sewer_reduction","bill_savings|upfront_cost_reduction","business_relevant","electric|water_sewer","annual_kwh|annual_electric_cost|average_cost_per_kwh","annual_therms|average_cost_per_therm|annual_water_use|annual_water_cost|annual_sewer_cost|monthly_water_use|water_unit|sewer_cost|meter_size|irrigation_meter_present","equipment_category|quantity","per_unit","cost_per_unit","needs_equipment_details","medium","true"
"SOURCE_CA_ENERGY_COMMISSION:cec_solicitation_number:GFO-23-312R2","grant_funding","","upfront_cost_reduction","business_relevant","none","project_cost_estimate","contractor_quote_amount","equipment_category|project_timing","grant_amount","contractor_quote_required","needs_quote","high","false"
"SOURCE_DSIRE:dsire_program_id:2","tax_benefit_project_cost_reduction","","tax_benefit","unknown","none","project_cost_estimate|tax_entity_type","ownership_status|tax_appetite_unknown|contractor_quote_amount","equipment_category","tax_credit","benchmark_range","needs_tax_review","low","true"
"SOURCE_DSIRE:dsire_program_id:5118","motor_vfd_efficiency","","bill_savings|upfront_cost_reduction","residential_only","electric","annual_kwh|annual_electric_cost|average_cost_per_kwh","peak_kw|demand_charge_rate|monthly_kwh","equipment_category|quantity","per_unit","cost_per_unit","needs_equipment_details","low","true"
"SOURCE_DSIRE:dsire_program_id:2014","motor_vfd_efficiency","","bill_savings|upfront_cost_reduction","mixed","electric","annual_kwh|annual_electric_cost|average_cost_per_kwh","peak_kw|demand_charge_rate|monthly_kwh","equipment_category|quantity","per_unit","cost_per_unit","needs_equipment_details","medium","true"
"SOURCE_DSIRE:dsire_program_id:4251","interconnection_or_grid_access_value","","policy_or_permitting","residential_only","none","","utility_provider|service_address|rate_schedule","equipment_category|project_timing","unknown","unknown","policy_only","low","true"
"SOURCE_DSIRE:dsire_program_id:22364","ev_charging_site_load","project_cost_reduction_only","bill_savings|upfront_cost_reduction","residential_only","electric|none","rate_schedule|annual_kwh|average_cost_per_kwh","peak_kw|demand_charge_rate|time_of_use_periods|contractor_quote_amount|quote_date","parking_spaces|ownership_status|equipment_category","per_unit","cost_per_unit","needs_quote","low","true"
"SOURCE_DSIRE:dsire_program_id:22447","grant_funding","electric_usage_reduction|hvac_electric_efficiency","bill_savings|upfront_cost_reduction","unknown","none|electric","project_cost_estimate","contractor_quote_amount|monthly_kwh|rate_schedule|delivery_charges|generation_charges|peak_kw|demand_charges","equipment_category|project_timing","grant_amount","contractor_quote_required","needs_quote","low","true"
"SOURCE_SDGE_BUSINESS:program_url:aesc_inc_com_soc_ess_program","program_rule_value_only","","policy_or_permitting","unknown","none","","service_address|utility_provider","project_timing","unknown","unknown","policy_only","low","true"
"SOURCE_DSIRE:dsire_program_id:3749","commercial_kitchen_equipment_efficiency","water_sewer_reduction","bill_savings|upfront_cost_reduction","business_relevant","electric|water_sewer","annual_kwh|annual_electric_cost|average_cost_per_kwh","annual_therms|average_cost_per_therm|annual_water_use|annual_water_cost|annual_sewer_cost|monthly_water_use|water_unit|sewer_cost|meter_size|irrigation_meter_present","equipment_category|quantity","per_unit","cost_per_unit","needs_equipment_details","medium","true"
"SOURCE_SDGE_BUSINESS:program_url:sdge_com_residential_savings_center_energy_saving_programs_market_access_program","no_direct_savings","","no_direct_savings","business_relevant","none","","","","unknown","unknown","unknown","low","true"
"SOURCE_DSIRE:dsire_program_id:1990","financing_cash_flow","hvac_electric_efficiency|motor_vfd_efficiency","bill_savings|financing","residential_only","none|electric","project_cost_estimate|interest_rate|financing_term_years","down_payment|contractor_quote_amount|monthly_kwh|peak_kw|demand_charges|rate_schedule|demand_charge_rate","equipment_category","financing","contractor_quote_required","needs_quote","low","true"
"SOURCE_DSIRE:dsire_program_id:1808","ev_charging_site_load","project_cost_reduction_only","bill_savings|upfront_cost_reduction","business_relevant","electric|none","rate_schedule|annual_kwh|average_cost_per_kwh","peak_kw|demand_charge_rate|time_of_use_periods|contractor_quote_amount|quote_date","parking_spaces|ownership_status|equipment_category","per_unit","cost_per_unit","needs_quote","medium","true"
"SOURCE_DSIRE:dsire_program_id:4082","sales_or_property_tax_exemption","","tax_benefit","residential_only","none","project_cost_estimate","ownership_status|tax_entity_type|contractor_quote_amount","equipment_category","tax_exemption","benchmark_range","needs_tax_review","low","true"
"SOURCE_DSIRE:dsire_program_id:240","net_metering_or_export_value","solar_electric_offset","bill_savings|policy_or_permitting","mixed","electric","annual_kwh|monthly_kwh|rate_schedule","time_of_use_periods|generation_charges|delivery_charges|demand_charges","equipment_category|roof_area","unknown","unknown","policy_only","low","true"
"SOURCE_SILICON_VALLEY_POWER:svp_source_section:6849d4cc60567610:heat-pump-air-conditioner-rebates-conversion-to-all-electric-heating-and-cooling","hvac_electric_efficiency","project_cost_reduction_only","bill_savings|upfront_cost_reduction","business_relevant","electric|none","annual_kwh|annual_electric_cost|average_cost_per_kwh","monthly_kwh|peak_kw|demand_charges|rate_schedule|contractor_quote_amount|quote_date","equipment_category|square_footage","per_unit","cost_per_unit","needs_bill","medium","true"
"SOURCE_DSIRE:dsire_program_id:2325","motor_vfd_efficiency","","bill_savings|upfront_cost_reduction","residential_only","electric","annual_kwh|annual_electric_cost|average_cost_per_kwh","peak_kw|demand_charge_rate|monthly_kwh","equipment_category|quantity","per_unit","cost_per_unit","needs_equipment_details","low","true"
"SOURCE_DSIRE:dsire_program_id:3972","solar_electric_offset","project_cost_reduction_only","bill_savings|upfront_cost_reduction","business_relevant","electric|none","annual_kwh|monthly_kwh|average_cost_per_kwh|rate_schedule","time_of_use_periods|demand_charges|generation_charges|delivery_charges|contractor_quote_amount|quote_date","roof_area|ownership_status","per_kw","cost_per_kw","needs_bill","medium","true"
"SOURCE_DSIRE:dsire_program_id:4521","pace_or_on_bill_financing","","financing","mixed","none","project_cost_estimate|financing_term_years|interest_rate","ownership_status|down_payment|annual_electric_cost|annual_gas_cost","ownership_status","financing","contractor_quote_required","needs_quote","high","true"
"SOURCE_DSIRE:dsire_program_id:2106","motor_vfd_efficiency","","bill_savings|upfront_cost_reduction","residential_only","electric","annual_kwh|annual_electric_cost|average_cost_per_kwh","peak_kw|demand_charge_rate|monthly_kwh","equipment_category|quantity","per_unit","cost_per_unit","needs_equipment_details","low","true"
"SOURCE_DSIRE:dsire_program_id:22472","tax_benefit_project_cost_reduction","solar_electric_offset|battery_tou_demand_savings","bill_savings|tax_benefit","mixed","none|electric","project_cost_estimate|tax_entity_type","ownership_status|tax_appetite_unknown|contractor_quote_amount|time_of_use_periods|demand_charges|generation_charges|delivery_charges|annual_kwh|monthly_peak_kw","equipment_category","tax_credit","benchmark_range","needs_tax_review","medium","true"
"SOURCE_DSIRE:dsire_program_id:5832","commercial_kitchen_equipment_efficiency","water_sewer_reduction","bill_savings|upfront_cost_reduction","mixed","electric|water_sewer","annual_kwh|annual_electric_cost|average_cost_per_kwh","annual_therms|average_cost_per_therm|annual_water_use|annual_water_cost|annual_sewer_cost|monthly_water_use|water_unit|sewer_cost|meter_size|irrigation_meter_present","equipment_category|quantity","per_unit","cost_per_unit","needs_equipment_details","medium","true"
"SOURCE_CA_ENERGY_COMMISSION:cec_solicitation_number:GFO-23-302","grant_funding","","upfront_cost_reduction","mixed","none","project_cost_estimate","contractor_quote_amount","equipment_category|project_timing","grant_amount","contractor_quote_required","needs_quote","high","true"
"SOURCE_DSIRE:dsire_program_id:22676","program_rule_value_only","","policy_or_permitting","business_relevant","none","","service_address|utility_provider","project_timing","unknown","unknown","policy_only","low","true"
"SOURCE_DSIRE:dsire_program_id:22763","solar_electric_offset","project_cost_reduction_only","bill_savings|upfront_cost_reduction","unknown","electric|none","annual_kwh|monthly_kwh|average_cost_per_kwh|rate_schedule","time_of_use_periods|demand_charges|generation_charges|delivery_charges|contractor_quote_amount|quote_date","roof_area|ownership_status","per_kw","cost_per_kw","needs_bill","low","true"
"SOURCE_DSIRE:dsire_program_id:2549","whole_building_custom_efficiency","electric_usage_reduction|hvac_electric_efficiency|refrigeration_electric_efficiency|motor_vfd_efficiency|controls_building_automation|commercial_kitchen_equipment_efficiency|battery_tou_demand_savings","bill_savings|upfront_cost_reduction","business_relevant","electric","annual_kwh|annual_electric_cost|average_cost_per_kwh","annual_therms|average_cost_per_therm|peak_kw|demand_charge_rate|square_footage|monthly_kwh|rate_schedule|delivery_charges|generation_charges|demand_charges|time_of_use_periods|annual_water_use|annual_water_cost|annual_sewer_cost|annual_kwh|monthly_peak_kw","project_cost_estimate|equipment_category","per_kwh_saved","benchmark_range","needs_bill","medium","true"
"SOURCE_DSIRE:dsire_program_id:3235","whole_building_custom_efficiency","electric_usage_reduction|hvac_electric_efficiency|gas_usage_reduction|motor_vfd_efficiency|controls_building_automation|commercial_kitchen_equipment_efficiency|battery_tou_demand_savings|water_sewer_reduction","bill_savings|upfront_cost_reduction","business_relevant","electric|gas|water_sewer","annual_kwh|annual_electric_cost|average_cost_per_kwh","annual_therms|average_cost_per_therm|peak_kw|demand_charge_rate|square_footage|monthly_kwh|rate_schedule|delivery_charges|generation_charges|demand_charges|monthly_therms|gas_rate_schedule|time_of_use_periods|annual_water_use|annual_water_cost|annual_sewer_cost|annual_kwh|monthly_peak_kw|monthly_water_use|water_unit|sewer_cost|meter_size|irrigation_meter_present","project_cost_estimate|equipment_category","per_kwh_saved","benchmark_range","needs_bill","medium","true"
"SOURCE_DSIRE:dsire_program_id:56","sales_or_property_tax_exemption","battery_tou_demand_savings","bill_savings|tax_benefit","unknown","none|electric","project_cost_estimate","ownership_status|tax_entity_type|contractor_quote_amount|annual_kwh|monthly_peak_kw","equipment_category","tax_exemption","benchmark_range","needs_tax_review","low","true"
"SOURCE_DSIRE:dsire_program_id:1943","whole_building_custom_efficiency","electric_usage_reduction|hvac_electric_efficiency|gas_usage_reduction|refrigeration_electric_efficiency|motor_vfd_efficiency|controls_building_automation|commercial_kitchen_equipment_efficiency|battery_tou_demand_savings|water_sewer_reduction","bill_savings|upfront_cost_reduction","mixed","electric|gas|water_sewer","annual_kwh|annual_electric_cost|average_cost_per_kwh","annual_therms|average_cost_per_therm|peak_kw|demand_charge_rate|square_footage|monthly_kwh|rate_schedule|delivery_charges|generation_charges|demand_charges|monthly_therms|gas_rate_schedule|time_of_use_periods|annual_water_use|annual_water_cost|annual_sewer_cost|annual_kwh|monthly_peak_kw|monthly_water_use|water_unit|sewer_cost|meter_size|irrigation_meter_present","project_cost_estimate|equipment_category","per_kwh_saved","benchmark_range","needs_bill","medium","true"
"SOURCE_DSIRE:dsire_program_id:2008","motor_vfd_efficiency","","bill_savings|upfront_cost_reduction","mixed","electric","annual_kwh|annual_electric_cost|average_cost_per_kwh","peak_kw|demand_charge_rate|monthly_kwh","equipment_category|quantity","per_unit","cost_per_unit","needs_equipment_details","medium","true"
"SOURCE_DSIRE:dsire_program_id:1882","controls_building_automation","","bill_savings|upfront_cost_reduction","residential_only","electric","annual_kwh|rate_schedule","annual_therms|peak_kw|demand_charges|time_of_use_periods","square_footage|equipment_category","per_unit","benchmark_range","needs_equipment_details","low","true"
"SOURCE_DSIRE:dsire_program_id:22233","net_metering_or_export_value","solar_electric_offset","bill_savings|policy_or_permitting","residential_only","electric","annual_kwh|monthly_kwh|rate_schedule","time_of_use_periods|generation_charges|delivery_charges|demand_charges","equipment_category|roof_area","unknown","unknown","policy_only","low","true"
"SOURCE_CA_ENERGY_COMMISSION:cec_solicitation_number:RFQ-23-701","grant_funding","electric_usage_reduction","bill_savings|upfront_cost_reduction","business_relevant","none|electric","project_cost_estimate","contractor_quote_amount|monthly_kwh|rate_schedule|delivery_charges|generation_charges","equipment_category|project_timing","grant_amount","contractor_quote_required","needs_quote","high","false"
"SOURCE_DSIRE:dsire_program_id:1271","tax_benefit_project_cost_reduction","electric_usage_reduction","bill_savings|tax_benefit","business_relevant","none|electric","project_cost_estimate|tax_entity_type","ownership_status|tax_appetite_unknown|contractor_quote_amount|monthly_kwh|rate_schedule|delivery_charges|generation_charges","equipment_category","tax_credit","benchmark_range","needs_tax_review","medium","true"
"SOURCE_DSIRE:dsire_program_id:22345","fleet_fuel_replacement","ev_charging_site_load","bill_savings|upfront_cost_reduction","mixed","fuel|electric","annual_gallons|annual_fuel_cost|average_cost_per_gallon|vehicle_count","estimated_miles|fuel_type|monthly_fuel_cost|rate_schedule|average_cost_per_kwh|peak_kw|demand_charge_rate|time_of_use_periods","vehicle_count","per_unit","cost_per_unit","needs_equipment_details","high","true"
"SOURCE_SCE_BUSINESS:sce_source_section:d049d8b8e95077d7:rule-29-ev-guide","program_rule_value_only","","policy_or_permitting","business_relevant","none","","service_address|utility_provider","project_timing","unknown","unknown","policy_only","low","true"
"SOURCE_DSIRE:dsire_program_id:4645","whole_building_custom_efficiency","gas_usage_reduction|refrigeration_electric_efficiency|controls_building_automation|water_sewer_reduction","bill_savings|upfront_cost_reduction","business_relevant","electric|gas|water_sewer","annual_kwh|annual_electric_cost|average_cost_per_kwh","annual_therms|average_cost_per_therm|peak_kw|demand_charge_rate|square_footage|monthly_therms|gas_rate_schedule|monthly_kwh|demand_charges|time_of_use_periods|monthly_water_use|water_unit|sewer_cost|meter_size|irrigation_meter_present","project_cost_estimate|equipment_category","per_kwh_saved","benchmark_range","needs_bill","medium","true"
"SOURCE_DSIRE:dsire_program_id:22778","financing_cash_flow","hvac_electric_efficiency|gas_usage_reduction|motor_vfd_efficiency|controls_building_automation|battery_tou_demand_savings","bill_savings|financing","residential_only","none|electric|gas","project_cost_estimate|interest_rate|financing_term_years","down_payment|contractor_quote_amount|monthly_kwh|peak_kw|demand_charges|rate_schedule|monthly_therms|gas_rate_schedule|demand_charge_rate|annual_therms|time_of_use_periods|annual_kwh|monthly_peak_kw","equipment_category","financing","contractor_quote_required","needs_quote","low","true"
"SOURCE_DSIRE:dsire_program_id:4850","financing_cash_flow","electric_usage_reduction|hvac_electric_efficiency|gas_usage_reduction|motor_vfd_efficiency|controls_building_automation","bill_savings|financing","residential_only","none|electric|gas","project_cost_estimate|interest_rate|financing_term_years","down_payment|contractor_quote_amount|monthly_kwh|rate_schedule|delivery_charges|generation_charges|peak_kw|demand_charges|monthly_therms|gas_rate_schedule|demand_charge_rate|annual_therms|time_of_use_periods","equipment_category","financing","contractor_quote_required","needs_quote","low","true"
"SOURCE_DSIRE:dsire_program_id:2615","whole_building_custom_efficiency","hvac_electric_efficiency|gas_usage_reduction|controls_building_automation|battery_tou_demand_savings","bill_savings|upfront_cost_reduction","residential_only","electric|gas","annual_kwh|annual_electric_cost|average_cost_per_kwh","annual_therms|average_cost_per_therm|peak_kw|demand_charge_rate|square_footage|monthly_kwh|demand_charges|rate_schedule|monthly_therms|gas_rate_schedule|time_of_use_periods|annual_kwh|monthly_peak_kw","project_cost_estimate|equipment_category","per_kwh_saved","benchmark_range","needs_bill","low","true"
"SOURCE_DSIRE:dsire_program_id:4599","motor_vfd_efficiency","","bill_savings|upfront_cost_reduction","residential_only","electric","annual_kwh|annual_electric_cost|average_cost_per_kwh","peak_kw|demand_charge_rate|monthly_kwh","equipment_category|quantity","per_unit","cost_per_unit","needs_equipment_details","low","true"
"SOURCE_DSIRE:dsire_program_id:5209","sales_or_property_tax_exemption","solar_electric_offset|battery_tou_demand_savings","bill_savings|tax_benefit","mixed","none|electric","project_cost_estimate","ownership_status|tax_entity_type|contractor_quote_amount|time_of_use_periods|demand_charges|generation_charges|delivery_charges|annual_kwh|monthly_peak_kw","equipment_category","tax_exemption","benchmark_range","needs_tax_review","medium","true"
"SOURCE_DSIRE:dsire_program_id:4130","whole_building_custom_efficiency","electric_usage_reduction|gas_usage_reduction|motor_vfd_efficiency|controls_building_automation|commercial_kitchen_equipment_efficiency|battery_tou_demand_savings","bill_savings|upfront_cost_reduction","mixed","electric|gas","annual_kwh|annual_electric_cost|average_cost_per_kwh","annual_therms|average_cost_per_therm|peak_kw|demand_charge_rate|square_footage|monthly_kwh|rate_schedule|delivery_charges|generation_charges|monthly_therms|gas_rate_schedule|demand_charges|time_of_use_periods|annual_water_use|annual_water_cost|annual_sewer_cost|annual_kwh|monthly_peak_kw","project_cost_estimate|equipment_category","per_kwh_saved","benchmark_range","needs_bill","medium","true"
"SOURCE_DSIRE:dsire_program_id:4546","program_rule_value_only","","policy_or_permitting","business_relevant","none","","service_address|utility_provider","project_timing","unknown","unknown","policy_only","low","true"
"SOURCE_DSIRE:dsire_program_id:4989","sales_or_property_tax_exemption","controls_building_automation|battery_tou_demand_savings","bill_savings|tax_benefit","business_relevant","none|electric","project_cost_estimate","ownership_status|tax_entity_type|contractor_quote_amount|annual_therms|peak_kw|demand_charges|time_of_use_periods|annual_kwh|monthly_peak_kw","equipment_category","tax_exemption","benchmark_range","needs_tax_review","medium","false"
"SOURCE_DSIRE:dsire_program_id:1689","whole_building_custom_efficiency","electric_usage_reduction|hvac_electric_efficiency|gas_usage_reduction|refrigeration_electric_efficiency|motor_vfd_efficiency|commercial_kitchen_equipment_efficiency|water_sewer_reduction","bill_savings|upfront_cost_reduction","residential_only","electric|gas|water_sewer","annual_kwh|annual_electric_cost|average_cost_per_kwh","annual_therms|average_cost_per_therm|peak_kw|demand_charge_rate|square_footage|monthly_kwh|rate_schedule|delivery_charges|generation_charges|demand_charges|monthly_therms|gas_rate_schedule|annual_water_use|annual_water_cost|annual_sewer_cost|monthly_water_use|water_unit|sewer_cost|meter_size|irrigation_meter_present","project_cost_estimate|equipment_category","per_kwh_saved","benchmark_range","needs_bill","low","true"
"SOURCE_DSIRE:dsire_program_id:22604","electric_usage_reduction","project_cost_reduction_only","bill_savings|upfront_cost_reduction","residential_only","electric|none","annual_kwh|annual_electric_cost|average_cost_per_kwh","monthly_kwh|rate_schedule|delivery_charges|generation_charges|contractor_quote_amount|quote_date","equipment_category","per_unit","cost_per_unit","needs_bill","low","true"
"SOURCE_DSIRE:dsire_program_id:1748","whole_building_custom_efficiency","hvac_electric_efficiency|gas_usage_reduction|motor_vfd_efficiency|controls_building_automation|water_sewer_reduction","bill_savings|upfront_cost_reduction","business_relevant","electric|gas|water_sewer","annual_kwh|annual_electric_cost|average_cost_per_kwh","annual_therms|average_cost_per_therm|peak_kw|demand_charge_rate|square_footage|monthly_kwh|demand_charges|rate_schedule|monthly_therms|gas_rate_schedule|time_of_use_periods|monthly_water_use|water_unit|sewer_cost|meter_size|irrigation_meter_present","project_cost_estimate|equipment_category","per_kwh_saved","benchmark_range","needs_bill","medium","true"
"SOURCE_DSIRE:dsire_program_id:3129","whole_building_custom_efficiency","electric_usage_reduction|hvac_electric_efficiency|refrigeration_electric_efficiency|motor_vfd_efficiency|controls_building_automation|battery_tou_demand_savings|water_sewer_reduction","bill_savings|upfront_cost_reduction","business_relevant","electric|water_sewer","annual_kwh|annual_electric_cost|average_cost_per_kwh","annual_therms|average_cost_per_therm|peak_kw|demand_charge_rate|square_footage|monthly_kwh|rate_schedule|delivery_charges|generation_charges|demand_charges|time_of_use_periods|annual_kwh|monthly_peak_kw|monthly_water_use|water_unit|sewer_cost|meter_size|irrigation_meter_present","project_cost_estimate|equipment_category","per_kwh_saved","benchmark_range","needs_bill","medium","true"
"SOURCE_DSIRE:dsire_program_id:22045","financing_cash_flow","solar_electric_offset|hvac_electric_efficiency|gas_usage_reduction|motor_vfd_efficiency","bill_savings|financing","residential_only","none|electric|gas","project_cost_estimate|interest_rate|financing_term_years","down_payment|contractor_quote_amount|time_of_use_periods|demand_charges|generation_charges|delivery_charges|monthly_kwh|peak_kw|rate_schedule|monthly_therms|gas_rate_schedule|demand_charge_rate","equipment_category","financing","contractor_quote_required","needs_quote","low","true"
"SOURCE_DSIRE:dsire_program_id:22083","water_sewer_reduction","project_cost_reduction_only","bill_savings|upfront_cost_reduction","business_relevant","water_sewer|none","annual_water_use|annual_water_cost|annual_sewer_cost","monthly_water_use|water_unit|sewer_cost|meter_size|irrigation_meter_present|contractor_quote_amount|quote_date","equipment_category","per_unit","cost_per_unit","needs_equipment_details","medium","true"
"SOURCE_DSIRE:dsire_program_id:4145","fleet_fuel_replacement","ev_charging_site_load","bill_savings|upfront_cost_reduction","business_relevant","fuel|electric","annual_gallons|annual_fuel_cost|average_cost_per_gallon|vehicle_count","estimated_miles|fuel_type|monthly_fuel_cost|rate_schedule|average_cost_per_kwh|peak_kw|demand_charge_rate|time_of_use_periods","vehicle_count","per_unit","cost_per_unit","needs_equipment_details","medium","true"
"SOURCE_DSIRE:dsire_program_id:3206","whole_building_custom_efficiency","electric_usage_reduction|hvac_electric_efficiency|gas_usage_reduction|motor_vfd_efficiency|controls_building_automation|water_sewer_reduction","bill_savings|upfront_cost_reduction","residential_only","electric|gas|water_sewer","annual_kwh|annual_electric_cost|average_cost_per_kwh","annual_therms|average_cost_per_therm|peak_kw|demand_charge_rate|square_footage|monthly_kwh|rate_schedule|delivery_charges|generation_charges|demand_charges|monthly_therms|gas_rate_schedule|time_of_use_periods|monthly_water_use|water_unit|sewer_cost|meter_size|irrigation_meter_present","project_cost_estimate|equipment_category","per_kwh_saved","benchmark_range","needs_bill","low","true"
"SOURCE_DSIRE:dsire_program_id:3080","grant_funding","","upfront_cost_reduction","public_nonprofit_only","none","project_cost_estimate","contractor_quote_amount","equipment_category|project_timing","grant_amount","contractor_quote_required","needs_quote","high","true"
"SOURCE_CA_ENERGY_COMMISSION:cec_url_hash:url_hash:8060b44865772dfe","grant_funding","","upfront_cost_reduction","agriculture_only","none","project_cost_estimate","contractor_quote_amount","equipment_category|project_timing","grant_amount","contractor_quote_required","needs_quote","high","true"
"SOURCE_DSIRE:dsire_program_id:2966","ev_charging_site_load","project_cost_reduction_only","bill_savings|upfront_cost_reduction","mixed","electric|none","rate_schedule|annual_kwh|average_cost_per_kwh","peak_kw|demand_charge_rate|time_of_use_periods|contractor_quote_amount|quote_date","parking_spaces|ownership_status|equipment_category","per_unit","cost_per_unit","needs_quote","medium","true"
"SOURCE_DSIRE:dsire_program_id:2690","controls_building_automation","","bill_savings|upfront_cost_reduction","residential_only","electric","annual_kwh|rate_schedule","annual_therms|peak_kw|demand_charges|time_of_use_periods","square_footage|equipment_category","per_unit","benchmark_range","needs_equipment_details","low","true"
"SOURCE_DSIRE:dsire_program_id:22352","tax_benefit_project_cost_reduction","electric_usage_reduction|motor_vfd_efficiency|battery_tou_demand_savings","bill_savings|tax_benefit","mixed","none|electric","project_cost_estimate|tax_entity_type","ownership_status|tax_appetite_unknown|contractor_quote_amount|monthly_kwh|rate_schedule|delivery_charges|generation_charges|peak_kw|demand_charge_rate|annual_kwh|monthly_peak_kw","equipment_category","tax_credit","benchmark_range","needs_tax_review","medium","true"
"SOURCE_DSIRE:dsire_program_id:2457","program_rule_value_only","","policy_or_permitting","unknown","none","","service_address|utility_provider","project_timing","unknown","unknown","policy_only","low","true"
"SOURCE_DSIRE:dsire_program_id:22710","motor_vfd_efficiency","","bill_savings|upfront_cost_reduction","residential_only","electric","annual_kwh|annual_electric_cost|average_cost_per_kwh","peak_kw|demand_charge_rate|monthly_kwh","equipment_category|quantity","per_unit","cost_per_unit","needs_equipment_details","low","true"
"SOURCE_DSIRE:dsire_program_id:22380","ev_charging_site_load","project_cost_reduction_only","bill_savings|upfront_cost_reduction","mixed","electric|none","rate_schedule|annual_kwh|average_cost_per_kwh","peak_kw|demand_charge_rate|time_of_use_periods|contractor_quote_amount|quote_date","parking_spaces|ownership_status|equipment_category","per_unit","cost_per_unit","needs_quote","medium","true"
"SOURCE_DSIRE:dsire_program_id:4687","financing_cash_flow","electric_usage_reduction|gas_usage_reduction","bill_savings|financing","residential_only","none|electric|gas","project_cost_estimate|interest_rate|financing_term_years","down_payment|contractor_quote_amount|monthly_kwh|rate_schedule|delivery_charges|generation_charges|monthly_therms|gas_rate_schedule","equipment_category","financing","contractor_quote_required","needs_quote","low","true"
"SOURCE_DSIRE:dsire_program_id:2516","ev_charging_site_load","project_cost_reduction_only","bill_savings|upfront_cost_reduction","mixed","electric|none","rate_schedule|annual_kwh|average_cost_per_kwh","peak_kw|demand_charge_rate|time_of_use_periods|contractor_quote_amount|quote_date","parking_spaces|ownership_status|equipment_category","per_unit","cost_per_unit","needs_quote","medium","true"
"SOURCE_DSIRE:dsire_program_id:2193","financing_cash_flow","hvac_electric_efficiency","bill_savings|financing","residential_only","none|electric","project_cost_estimate|interest_rate|financing_term_years","down_payment|contractor_quote_amount|monthly_kwh|peak_kw|demand_charges|rate_schedule","equipment_category","financing","contractor_quote_required","needs_quote","low","true"
"SOURCE_DSIRE:dsire_program_id:2983","sales_or_property_tax_exemption","","tax_benefit","residential_only","none","project_cost_estimate","ownership_status|tax_entity_type|contractor_quote_amount","equipment_category","tax_exemption","benchmark_range","needs_tax_review","low","true"
"SOURCE_DSIRE:dsire_program_id:3428","tax_benefit_project_cost_reduction","solar_electric_offset|hvac_electric_efficiency|motor_vfd_efficiency|battery_tou_demand_savings","bill_savings|tax_benefit","business_relevant","none|electric","project_cost_estimate|tax_entity_type","ownership_status|tax_appetite_unknown|contractor_quote_amount|time_of_use_periods|demand_charges|generation_charges|delivery_charges|monthly_kwh|peak_kw|rate_schedule|demand_charge_rate|annual_kwh|monthly_peak_kw","equipment_category","tax_credit","benchmark_range","needs_tax_review","medium","true"
"SOURCE_DSIRE:dsire_program_id:832","interconnection_or_grid_access_value","","policy_or_permitting","residential_only","none","","utility_provider|service_address|rate_schedule","equipment_category|project_timing","unknown","unknown","policy_only","low","true"
"SOURCE_DSIRE:dsire_program_id:2280","motor_vfd_efficiency","","bill_savings|upfront_cost_reduction","residential_only","electric","annual_kwh|annual_electric_cost|average_cost_per_kwh","peak_kw|demand_charge_rate|monthly_kwh","equipment_category|quantity","per_unit","cost_per_unit","needs_equipment_details","low","true"
"SOURCE_DSIRE:dsire_program_id:22776","project_cost_reduction_only","","upfront_cost_reduction","residential_only","none","project_cost_estimate","contractor_quote_amount|quote_date","equipment_category","per_unit","benchmark_range","needs_equipment_details","low","true"
"SOURCE_DSIRE:dsire_program_id:2766","sales_or_property_tax_exemption","hvac_electric_efficiency|commercial_kitchen_equipment_efficiency|water_sewer_reduction","bill_savings|tax_benefit","unknown","none|electric|water_sewer","project_cost_estimate","ownership_status|tax_entity_type|contractor_quote_amount|monthly_kwh|peak_kw|demand_charges|rate_schedule|annual_therms|average_cost_per_therm|annual_water_use|annual_water_cost|annual_sewer_cost|monthly_water_use|water_unit|sewer_cost|meter_size|irrigation_meter_present","equipment_category","tax_exemption","benchmark_range","needs_tax_review","low","true"
"SOURCE_DSIRE:dsire_program_id:22158","grant_funding","ev_charging_site_load","bill_savings|upfront_cost_reduction","business_relevant","none|electric","project_cost_estimate","contractor_quote_amount|peak_kw|demand_charge_rate|time_of_use_periods","equipment_category|project_timing","grant_amount","contractor_quote_required","needs_quote","high","false"
"SOURCE_DSIRE:dsire_program_id:22552","whole_building_custom_efficiency","hvac_electric_efficiency|gas_usage_reduction|refrigeration_electric_efficiency|motor_vfd_efficiency|controls_building_automation|water_sewer_reduction","bill_savings|upfront_cost_reduction","residential_only","electric|gas|water_sewer","annual_kwh|annual_electric_cost|average_cost_per_kwh","annual_therms|average_cost_per_therm|peak_kw|demand_charge_rate|square_footage|monthly_kwh|demand_charges|rate_schedule|monthly_therms|gas_rate_schedule|time_of_use_periods|monthly_water_use|water_unit|sewer_cost|meter_size|irrigation_meter_present","project_cost_estimate|equipment_category","per_kwh_saved","benchmark_range","needs_bill","low","true"
"SOURCE_DSIRE:dsire_program_id:4200","gas_usage_reduction","project_cost_reduction_only","bill_savings|upfront_cost_reduction","mixed","gas|none","annual_therms|annual_gas_cost|average_cost_per_therm","monthly_therms|gas_rate_schedule|contractor_quote_amount|quote_date","equipment_category","per_unit","cost_per_unit","needs_bill","medium","true"
"SOURCE_DSIRE:dsire_program_id:4810","commercial_kitchen_equipment_efficiency","water_sewer_reduction","bill_savings|upfront_cost_reduction","business_relevant","electric|water_sewer","annual_kwh|annual_electric_cost|average_cost_per_kwh","annual_therms|average_cost_per_therm|annual_water_use|annual_water_cost|annual_sewer_cost|monthly_water_use|water_unit|sewer_cost|meter_size|irrigation_meter_present","equipment_category|quantity","per_unit","cost_per_unit","needs_equipment_details","medium","true"
"SOURCE_DSIRE:dsire_program_id:2222","motor_vfd_efficiency","","bill_savings|upfront_cost_reduction","residential_only","electric","annual_kwh|annual_electric_cost|average_cost_per_kwh","peak_kw|demand_charge_rate|monthly_kwh","equipment_category|quantity","per_unit","cost_per_unit","needs_equipment_details","low","true"
"SOURCE_DSIRE:dsire_program_id:22139","sales_or_property_tax_exemption","electric_usage_reduction|hvac_electric_efficiency|battery_tou_demand_savings","bill_savings|tax_benefit","business_relevant","none|electric","project_cost_estimate","ownership_status|tax_entity_type|contractor_quote_amount|monthly_kwh|rate_schedule|delivery_charges|generation_charges|peak_kw|demand_charges|annual_kwh|monthly_peak_kw","equipment_category","tax_exemption","benchmark_range","needs_tax_review","medium","false"
"SOURCE_DSIRE:dsire_program_id:3840","commercial_kitchen_equipment_efficiency","water_sewer_reduction","bill_savings|upfront_cost_reduction","business_relevant","electric|water_sewer","annual_kwh|annual_electric_cost|average_cost_per_kwh","annual_therms|average_cost_per_therm|annual_water_use|annual_water_cost|annual_sewer_cost|monthly_water_use|water_unit|sewer_cost|meter_size|irrigation_meter_present","equipment_category|quantity","per_unit","cost_per_unit","needs_equipment_details","medium","true"
"SOURCE_DSIRE:dsire_program_id:3217","battery_tou_demand_savings","project_cost_reduction_only","bill_savings|upfront_cost_reduction","residential_only","electric|none","rate_schedule|time_of_use_periods|peak_kw|demand_charges|demand_charge_rate|monthly_kwh","annual_kwh|monthly_peak_kw|contractor_quote_amount|quote_date","equipment_category","per_unit","cost_per_kwh_storage","needs_equipment_details","low","true"
"SOURCE_DSIRE:dsire_program_id:4919","sales_or_property_tax_exemption","solar_electric_offset|battery_tou_demand_savings","bill_savings|tax_benefit","business_relevant","none|electric","project_cost_estimate","ownership_status|tax_entity_type|contractor_quote_amount|time_of_use_periods|demand_charges|generation_charges|delivery_charges|annual_kwh|monthly_peak_kw","equipment_category","tax_exemption","benchmark_range","needs_tax_review","medium","false"
"SOURCE_DSIRE:dsire_program_id:1128","fleet_fuel_replacement","ev_charging_site_load","bill_savings|upfront_cost_reduction","residential_only","fuel|electric","annual_gallons|annual_fuel_cost|average_cost_per_gallon|vehicle_count","estimated_miles|fuel_type|monthly_fuel_cost|rate_schedule|average_cost_per_kwh|peak_kw|demand_charge_rate|time_of_use_periods","vehicle_count","per_unit","cost_per_unit","needs_equipment_details","low","true"
"SOURCE_DSIRE:dsire_program_id:22375","ev_charging_site_load","project_cost_reduction_only","bill_savings|upfront_cost_reduction","mixed","electric|none","rate_schedule|annual_kwh|average_cost_per_kwh","peak_kw|demand_charge_rate|time_of_use_periods|contractor_quote_amount|quote_date","parking_spaces|ownership_status|equipment_category","per_unit","cost_per_unit","needs_quote","high","true"
"SOURCE_DSIRE:dsire_program_id:3728","interconnection_or_grid_access_value","","policy_or_permitting","mixed","none","","utility_provider|service_address|rate_schedule","equipment_category|project_timing","unknown","unknown","policy_only","low","true"
"SOURCE_DSIRE:dsire_program_id:2015","whole_building_custom_efficiency","electric_usage_reduction|hvac_electric_efficiency|refrigeration_electric_efficiency|motor_vfd_efficiency|controls_building_automation","bill_savings|upfront_cost_reduction","residential_only","electric","annual_kwh|annual_electric_cost|average_cost_per_kwh","annual_therms|average_cost_per_therm|peak_kw|demand_charge_rate|square_footage|monthly_kwh|rate_schedule|delivery_charges|generation_charges|demand_charges|time_of_use_periods","project_cost_estimate|equipment_category","per_kwh_saved","benchmark_range","needs_bill","low","true"
"SOURCE_DSIRE:dsire_program_id:22057","financing_cash_flow","solar_electric_offset|hvac_electric_efficiency|gas_usage_reduction|motor_vfd_efficiency","bill_savings|financing","residential_only","none|electric|gas","project_cost_estimate|interest_rate|financing_term_years","down_payment|contractor_quote_amount|time_of_use_periods|demand_charges|generation_charges|delivery_charges|monthly_kwh|peak_kw|rate_schedule|monthly_therms|gas_rate_schedule|demand_charge_rate","equipment_category","financing","contractor_quote_required","needs_quote","low","true"
"SOURCE_DSIRE:dsire_program_id:1924","whole_building_custom_efficiency","electric_usage_reduction|hvac_electric_efficiency|gas_usage_reduction|refrigeration_electric_efficiency|motor_vfd_efficiency|controls_building_automation|commercial_kitchen_equipment_efficiency","bill_savings|upfront_cost_reduction","business_relevant","electric|gas","annual_kwh|annual_electric_cost|average_cost_per_kwh","annual_therms|average_cost_per_therm|peak_kw|demand_charge_rate|square_footage|monthly_kwh|rate_schedule|delivery_charges|generation_charges|demand_charges|monthly_therms|gas_rate_schedule|time_of_use_periods|annual_water_use|annual_water_cost|annual_sewer_cost","project_cost_estimate|equipment_category","per_kwh_saved","benchmark_range","needs_bill","medium","true"
"SOURCE_DSIRE:dsire_program_id:1592","whole_building_custom_efficiency","electric_usage_reduction|hvac_electric_efficiency|refrigeration_electric_efficiency|motor_vfd_efficiency|controls_building_automation","bill_savings|upfront_cost_reduction","business_relevant","electric","annual_kwh|annual_electric_cost|average_cost_per_kwh","annual_therms|average_cost_per_therm|peak_kw|demand_charge_rate|square_footage|monthly_kwh|rate_schedule|delivery_charges|generation_charges|demand_charges|time_of_use_periods","project_cost_estimate|equipment_category","per_kwh_saved","benchmark_range","needs_bill","medium","true"
"SOURCE_SILICON_VALLEY_POWER:svp_source_section:f69ab77394818965:small-business-efficiency-services","no_direct_savings","","no_direct_savings","business_relevant","none","","","","unknown","unknown","unknown","low","true"
"SOURCE_DSIRE:dsire_program_id:5793","hvac_electric_efficiency","project_cost_reduction_only","bill_savings|upfront_cost_reduction","residential_only","electric|none","annual_kwh|annual_electric_cost|average_cost_per_kwh","monthly_kwh|peak_kw|demand_charges|rate_schedule|contractor_quote_amount|quote_date","equipment_category|square_footage","per_unit","cost_per_unit","needs_bill","low","true"
"SOURCE_DSIRE:dsire_program_id:22044","program_rule_value_only","","policy_or_permitting","residential_only","none","","service_address|utility_provider","project_timing","unknown","unknown","policy_only","low","true"
"SOURCE_DSIRE:dsire_program_id:5707","motor_vfd_efficiency","","bill_savings|upfront_cost_reduction","residential_only","electric","annual_kwh|annual_electric_cost|average_cost_per_kwh","peak_kw|demand_charge_rate|monthly_kwh","equipment_category|quantity","per_unit","cost_per_unit","needs_equipment_details","low","true"
"SOURCE_DSIRE:dsire_program_id:365","financing_cash_flow","battery_tou_demand_savings","bill_savings|financing","unknown","none|electric","project_cost_estimate|interest_rate|financing_term_years","down_payment|contractor_quote_amount|annual_kwh|monthly_peak_kw","equipment_category","financing","contractor_quote_required","needs_quote","low","true"
"SOURCE_DSIRE:dsire_program_id:22409","ev_charging_site_load","project_cost_reduction_only","bill_savings|upfront_cost_reduction","mixed","electric|none","rate_schedule|annual_kwh|average_cost_per_kwh","peak_kw|demand_charge_rate|time_of_use_periods|contractor_quote_amount|quote_date","parking_spaces|ownership_status|equipment_category","per_unit","cost_per_unit","needs_quote","high","true"
"SOURCE_DSIRE:dsire_program_id:22357","ev_charging_site_load","project_cost_reduction_only","bill_savings|upfront_cost_reduction","mixed","electric|none","rate_schedule|annual_kwh|average_cost_per_kwh","peak_kw|demand_charge_rate|time_of_use_periods|contractor_quote_amount|quote_date","parking_spaces|ownership_status|equipment_category","per_unit","cost_per_unit","needs_quote","high","true"
"SOURCE_DSIRE:dsire_program_id:1056","grant_funding","","upfront_cost_reduction","unknown","none","project_cost_estimate","contractor_quote_amount","equipment_category|project_timing","grant_amount","contractor_quote_required","needs_quote","low","true"
"SOURCE_CA_ENERGY_COMMISSION:cec_url_hash:url_hash:85c9fdd5470431d6","grant_funding","electric_usage_reduction|ev_charging_site_load|battery_tou_demand_savings","bill_savings|upfront_cost_reduction","business_relevant","none|electric","project_cost_estimate","contractor_quote_amount|monthly_kwh|rate_schedule|delivery_charges|generation_charges|peak_kw|demand_charge_rate|time_of_use_periods|annual_kwh|monthly_peak_kw","equipment_category|project_timing","grant_amount","contractor_quote_required","needs_quote","high","false"
"SOURCE_DSIRE:dsire_program_id:1186","financing_cash_flow","electric_usage_reduction|hvac_electric_efficiency|gas_usage_reduction|motor_vfd_efficiency","bill_savings|financing","business_relevant","none|electric|gas","project_cost_estimate|interest_rate|financing_term_years","down_payment|contractor_quote_amount|monthly_kwh|rate_schedule|delivery_charges|generation_charges|peak_kw|demand_charges|monthly_therms|gas_rate_schedule|demand_charge_rate","equipment_category","financing","contractor_quote_required","needs_quote","medium","true"
"SOURCE_SDGE_BUSINESS:program_url:willdan_com_programs_ceda","no_direct_savings","","no_direct_savings","business_relevant","none","","","","unknown","unknown","unknown","low","true"
"SOURCE_DSIRE:dsire_program_id:3964","commercial_kitchen_equipment_efficiency","water_sewer_reduction","bill_savings|upfront_cost_reduction","business_relevant","electric|water_sewer","annual_kwh|annual_electric_cost|average_cost_per_kwh","annual_therms|average_cost_per_therm|annual_water_use|annual_water_cost|annual_sewer_cost|monthly_water_use|water_unit|sewer_cost|meter_size|irrigation_meter_present","equipment_category|quantity","per_unit","cost_per_unit","needs_equipment_details","medium","true"
"SOURCE_DSIRE:dsire_program_id:22190","fleet_fuel_replacement","ev_charging_site_load","bill_savings|upfront_cost_reduction","residential_only","fuel|electric","annual_gallons|annual_fuel_cost|average_cost_per_gallon|vehicle_count","estimated_miles|fuel_type|monthly_fuel_cost|rate_schedule|average_cost_per_kwh|peak_kw|demand_charge_rate|time_of_use_periods","vehicle_count","per_unit","cost_per_unit","needs_equipment_details","low","true"
"SOURCE_DSIRE:dsire_program_id:5829","financing_cash_flow","","financing","business_relevant","none","project_cost_estimate|interest_rate|financing_term_years","down_payment|contractor_quote_amount","equipment_category","financing","contractor_quote_required","needs_quote","medium","true"
"SOURCE_DSIRE:dsire_program_id:22271","fleet_fuel_replacement","ev_charging_site_load","bill_savings|upfront_cost_reduction","residential_only","fuel|electric","annual_gallons|annual_fuel_cost|average_cost_per_gallon|vehicle_count","estimated_miles|fuel_type|monthly_fuel_cost|rate_schedule|average_cost_per_kwh|peak_kw|demand_charge_rate|time_of_use_periods","vehicle_count","per_unit","cost_per_unit","needs_equipment_details","low","true"
"SOURCE_DSIRE:dsire_program_id:3607","motor_vfd_efficiency","","bill_savings|upfront_cost_reduction","mixed","electric","annual_kwh|annual_electric_cost|average_cost_per_kwh","peak_kw|demand_charge_rate|monthly_kwh","equipment_category|quantity","per_unit","cost_per_unit","needs_equipment_details","high","true"
"SOURCE_DSIRE:dsire_program_id:22371","fleet_fuel_replacement","ev_charging_site_load","bill_savings|upfront_cost_reduction","business_relevant","fuel|electric","annual_gallons|annual_fuel_cost|average_cost_per_gallon|vehicle_count","estimated_miles|fuel_type|monthly_fuel_cost|rate_schedule|average_cost_per_kwh|peak_kw|demand_charge_rate|time_of_use_periods","vehicle_count","per_unit","cost_per_unit","needs_equipment_details","medium","true"
"SOURCE_DSIRE:dsire_program_id:5416","sales_or_property_tax_exemption","","tax_benefit","business_relevant","none","project_cost_estimate","ownership_status|tax_entity_type|contractor_quote_amount","equipment_category","tax_exemption","benchmark_range","needs_tax_review","medium","false"
"SOURCE_CA_ENERGY_COMMISSION:cec_solicitation_number:GFO-23-607","grant_funding","ev_charging_site_load","bill_savings|upfront_cost_reduction","business_relevant","none|electric","project_cost_estimate","contractor_quote_amount|peak_kw|demand_charge_rate|time_of_use_periods","equipment_category|project_timing","grant_amount","contractor_quote_required","needs_quote","high","false"
"SOURCE_DSIRE:dsire_program_id:5009","project_cost_reduction_only","","upfront_cost_reduction","business_relevant","none","project_cost_estimate","contractor_quote_amount|quote_date","equipment_category","per_unit","benchmark_range","needs_equipment_details","medium","true"
"SOURCE_DSIRE:dsire_program_id:3154","whole_building_custom_efficiency","electric_usage_reduction|hvac_electric_efficiency|refrigeration_electric_efficiency|motor_vfd_efficiency|controls_building_automation","bill_savings|upfront_cost_reduction","business_relevant","electric","annual_kwh|annual_electric_cost|average_cost_per_kwh","annual_therms|average_cost_per_therm|peak_kw|demand_charge_rate|square_footage|monthly_kwh|rate_schedule|delivery_charges|generation_charges|demand_charges|time_of_use_periods","project_cost_estimate|equipment_category","per_kwh_saved","benchmark_range","needs_bill","medium","true"
"SOURCE_DSIRE:dsire_program_id:3869","pace_or_on_bill_financing","","financing","mixed","none","project_cost_estimate|financing_term_years|interest_rate","ownership_status|down_payment|annual_electric_cost|annual_gas_cost","ownership_status","financing","contractor_quote_required","needs_quote","medium","true"
"SOURCE_DSIRE:dsire_program_id:2284","financing_cash_flow","electric_usage_reduction","bill_savings|financing","business_relevant","none|electric","project_cost_estimate|interest_rate|financing_term_years","down_payment|contractor_quote_amount|monthly_kwh|rate_schedule|delivery_charges|generation_charges","equipment_category","financing","contractor_quote_required","needs_quote","medium","true"
"SOURCE_CA_ENERGY_COMMISSION:cec_solicitation_number:GFO-23-303","grant_funding","electric_usage_reduction","bill_savings|upfront_cost_reduction","residential_only","none|electric","project_cost_estimate","contractor_quote_amount|monthly_kwh|rate_schedule|delivery_charges|generation_charges","equipment_category|project_timing","grant_amount","contractor_quote_required","needs_quote","low","true"
"SOURCE_DSIRE:dsire_program_id:5047","project_cost_reduction_only","","upfront_cost_reduction","business_relevant","none","project_cost_estimate","contractor_quote_amount|quote_date","equipment_category","per_unit","benchmark_range","needs_equipment_details","medium","true"
"SOURCE_DSIRE:dsire_program_id:22210","ev_charging_site_load","project_cost_reduction_only","bill_savings|upfront_cost_reduction","mixed","electric|none","rate_schedule|annual_kwh|average_cost_per_kwh","peak_kw|demand_charge_rate|time_of_use_periods|contractor_quote_amount|quote_date","parking_spaces|ownership_status|equipment_category","per_unit","cost_per_unit","needs_quote","high","true"
"SOURCE_DSIRE:dsire_program_id:3681","controls_building_automation","","bill_savings|upfront_cost_reduction","business_relevant","electric","annual_kwh|rate_schedule","annual_therms|peak_kw|demand_charges|time_of_use_periods","square_footage|equipment_category","per_unit","benchmark_range","needs_equipment_details","medium","true"
"SOURCE_DSIRE:dsire_program_id:123","solar_electric_offset","project_cost_reduction_only","bill_savings|upfront_cost_reduction","public_nonprofit_only","electric|none","annual_kwh|monthly_kwh|average_cost_per_kwh|rate_schedule","time_of_use_periods|demand_charges|generation_charges|delivery_charges|contractor_quote_amount|quote_date","roof_area|ownership_status","per_kw","cost_per_kw","needs_bill","high","true"
"SOURCE_DSIRE:dsire_program_id:5145","commercial_kitchen_equipment_efficiency","water_sewer_reduction","bill_savings|upfront_cost_reduction","mixed","electric|water_sewer","annual_kwh|annual_electric_cost|average_cost_per_kwh","annual_therms|average_cost_per_therm|annual_water_use|annual_water_cost|annual_sewer_cost|monthly_water_use|water_unit|sewer_cost|meter_size|irrigation_meter_present","equipment_category|quantity","per_unit","cost_per_unit","needs_equipment_details","medium","true"
"SOURCE_DSIRE:dsire_program_id:2324","grant_funding","electric_usage_reduction|hvac_electric_efficiency|refrigeration_electric_efficiency|motor_vfd_efficiency","bill_savings|upfront_cost_reduction","residential_only","none|electric","project_cost_estimate","contractor_quote_amount|monthly_kwh|rate_schedule|delivery_charges|generation_charges|peak_kw|demand_charges|demand_charge_rate","equipment_category|project_timing","grant_amount","contractor_quote_required","needs_quote","low","true"
"SOURCE_DSIRE:dsire_program_id:2907","financing_cash_flow","","financing","business_relevant","none","project_cost_estimate|interest_rate|financing_term_years","down_payment|contractor_quote_amount","equipment_category","financing","contractor_quote_required","needs_quote","high","false"
"SOURCE_DSIRE:dsire_program_id:4227","motor_vfd_efficiency","","bill_savings|upfront_cost_reduction","residential_only","electric","annual_kwh|annual_electric_cost|average_cost_per_kwh","peak_kw|demand_charge_rate|monthly_kwh","equipment_category|quantity","per_unit","cost_per_unit","needs_equipment_details","low","true"
"SOURCE_DSIRE:dsire_program_id:22777","financing_cash_flow","","financing","public_nonprofit_only","none","project_cost_estimate|interest_rate|financing_term_years","down_payment|contractor_quote_amount","equipment_category","financing","contractor_quote_required","needs_quote","high","true"
"SOURCE_DSIRE:dsire_program_id:4593","project_cost_reduction_only","","upfront_cost_reduction","public_nonprofit_only","none","project_cost_estimate","contractor_quote_amount|quote_date","equipment_category","per_unit","benchmark_range","needs_equipment_details","high","true"
"SOURCE_DSIRE:dsire_program_id:22588","commercial_kitchen_equipment_efficiency","water_sewer_reduction","bill_savings|upfront_cost_reduction","business_relevant","electric|water_sewer","annual_kwh|annual_electric_cost|average_cost_per_kwh","annual_therms|average_cost_per_therm|annual_water_use|annual_water_cost|annual_sewer_cost|monthly_water_use|water_unit|sewer_cost|meter_size|irrigation_meter_present","equipment_category|quantity","per_unit","cost_per_unit","needs_equipment_details","high","false"
"SOURCE_DSIRE:dsire_program_id:3662","pace_or_on_bill_financing","","financing","mixed","none","project_cost_estimate|financing_term_years|interest_rate","ownership_status|down_payment|annual_electric_cost|annual_gas_cost","ownership_status","financing","contractor_quote_required","needs_quote","high","true"
"SOURCE_DSIRE:dsire_program_id:4525","motor_vfd_efficiency","","bill_savings|upfront_cost_reduction","mixed","electric","annual_kwh|annual_electric_cost|average_cost_per_kwh","peak_kw|demand_charge_rate|monthly_kwh","equipment_category|quantity","per_unit","cost_per_unit","needs_equipment_details","medium","true"
"SOURCE_DSIRE:dsire_program_id:22615","battery_tou_demand_savings","project_cost_reduction_only","bill_savings|upfront_cost_reduction","business_relevant","electric|none","rate_schedule|time_of_use_periods|peak_kw|demand_charges|demand_charge_rate|monthly_kwh","annual_kwh|monthly_peak_kw|contractor_quote_amount|quote_date","equipment_category","per_unit","cost_per_kwh_storage","needs_equipment_details","medium","true"
"SOURCE_DSIRE:dsire_program_id:2188","motor_vfd_efficiency","","bill_savings|upfront_cost_reduction","mixed","electric","annual_kwh|annual_electric_cost|average_cost_per_kwh","peak_kw|demand_charge_rate|monthly_kwh","equipment_category|quantity","per_unit","cost_per_unit","needs_equipment_details","high","true"
"SOURCE_DSIRE:dsire_program_id:2686","gas_usage_reduction","project_cost_reduction_only","bill_savings|upfront_cost_reduction","residential_only","gas|none","annual_therms|annual_gas_cost|average_cost_per_therm","monthly_therms|gas_rate_schedule|contractor_quote_amount|quote_date","equipment_category","per_unit","cost_per_unit","needs_bill","low","true"
"SOURCE_DSIRE:dsire_program_id:4279","whole_building_custom_efficiency","electric_usage_reduction|hvac_electric_efficiency|refrigeration_electric_efficiency|motor_vfd_efficiency|controls_building_automation|commercial_kitchen_equipment_efficiency","bill_savings|upfront_cost_reduction","business_relevant","electric","annual_kwh|annual_electric_cost|average_cost_per_kwh","annual_therms|average_cost_per_therm|peak_kw|demand_charge_rate|square_footage|monthly_kwh|rate_schedule|delivery_charges|generation_charges|demand_charges|time_of_use_periods|annual_water_use|annual_water_cost|annual_sewer_cost","project_cost_estimate|equipment_category","per_kwh_saved","benchmark_range","needs_bill","medium","true"
"SOURCE_DSIRE:dsire_program_id:22800","battery_tou_demand_savings","project_cost_reduction_only","bill_savings|upfront_cost_reduction","residential_only","electric|none","rate_schedule|time_of_use_periods|peak_kw|demand_charges|demand_charge_rate|monthly_kwh","annual_kwh|monthly_peak_kw|contractor_quote_amount|quote_date","equipment_category","per_unit","cost_per_kwh_storage","needs_equipment_details","low","true"
"SOURCE_CA_ENERGY_COMMISSION:cec_url_hash:url_hash:5d61485058a84573","grant_funding","electric_usage_reduction","bill_savings|upfront_cost_reduction","business_relevant","none|electric","project_cost_estimate","contractor_quote_amount|monthly_kwh|rate_schedule|delivery_charges|generation_charges","equipment_category|project_timing","grant_amount","contractor_quote_required","needs_quote","high","false"
"SOURCE_SDGE_BUSINESS:program_url:mendotagroup_com_sdge_grid_pih","project_cost_reduction_only","","upfront_cost_reduction","business_relevant","none","project_cost_estimate","contractor_quote_amount|quote_date","equipment_category","per_unit","benchmark_range","needs_equipment_details","high","false"
"SOURCE_DSIRE:dsire_program_id:5800","financing_cash_flow","","financing","residential_only","none","project_cost_estimate|interest_rate|financing_term_years","down_payment|contractor_quote_amount","equipment_category","financing","contractor_quote_required","needs_quote","low","true"
"SOURCE_DSIRE:dsire_program_id:3566","pace_or_on_bill_financing","","financing","mixed","none","project_cost_estimate|financing_term_years|interest_rate","ownership_status|down_payment|annual_electric_cost|annual_gas_cost","ownership_status","financing","contractor_quote_required","needs_quote","medium","true"
"SOURCE_DSIRE:dsire_program_id:3082","electric_usage_reduction","project_cost_reduction_only","bill_savings|upfront_cost_reduction","business_relevant","electric|none","annual_kwh|annual_electric_cost|average_cost_per_kwh","monthly_kwh|rate_schedule|delivery_charges|generation_charges|contractor_quote_amount|quote_date","equipment_category","per_unit","cost_per_unit","needs_bill","high","false"
"SOURCE_DSIRE:dsire_program_id:2789","program_rule_value_only","","policy_or_permitting","agriculture_only","none","","service_address|utility_provider","project_timing","unknown","unknown","policy_only","low","true"
"SOURCE_DSIRE:dsire_program_id:4132","commercial_kitchen_equipment_efficiency","water_sewer_reduction","bill_savings|upfront_cost_reduction","business_relevant","electric|water_sewer","annual_kwh|annual_electric_cost|average_cost_per_kwh","annual_therms|average_cost_per_therm|annual_water_use|annual_water_cost|annual_sewer_cost|monthly_water_use|water_unit|sewer_cost|meter_size|irrigation_meter_present","equipment_category|quantity","per_unit","cost_per_unit","needs_equipment_details","medium","true"
"SOURCE_DSIRE:dsire_program_id:3331","financing_cash_flow","hvac_electric_efficiency|motor_vfd_efficiency","bill_savings|financing","agriculture_only","none|electric","project_cost_estimate|interest_rate|financing_term_years","down_payment|contractor_quote_amount|monthly_kwh|peak_kw|demand_charges|rate_schedule|demand_charge_rate","equipment_category","financing","contractor_quote_required","needs_quote","high","true"
"SOURCE_DSIRE:dsire_program_id:2585","refrigeration_electric_efficiency","electric_usage_reduction","bill_savings|upfront_cost_reduction","business_relevant","electric","annual_kwh|annual_electric_cost|average_cost_per_kwh","monthly_kwh|peak_kw|demand_charges|rate_schedule|delivery_charges|generation_charges","equipment_category|quantity","per_unit","cost_per_unit","needs_equipment_details","medium","true"
"SOURCE_CA_ENERGY_COMMISSION:cec_url_hash:url_hash:863ad946e95f0119","grant_funding","electric_usage_reduction|battery_tou_demand_savings","bill_savings|upfront_cost_reduction","business_relevant","none|electric","project_cost_estimate","contractor_quote_amount|monthly_kwh|rate_schedule|delivery_charges|generation_charges|annual_kwh|monthly_peak_kw","equipment_category|project_timing","grant_amount","contractor_quote_required","needs_quote","high","false"
"SOURCE_DSIRE:dsire_program_id:22780","financing_cash_flow","electric_usage_reduction","bill_savings|financing","business_relevant","none|electric","project_cost_estimate|interest_rate|financing_term_years","down_payment|contractor_quote_amount|monthly_kwh|rate_schedule|delivery_charges|generation_charges","equipment_category","financing","contractor_quote_required","needs_quote","high","false"
"SOURCE_DSIRE:dsire_program_id:22544","fleet_fuel_replacement","ev_charging_site_load","bill_savings|upfront_cost_reduction","residential_only","fuel|electric","annual_gallons|annual_fuel_cost|average_cost_per_gallon|vehicle_count","estimated_miles|fuel_type|monthly_fuel_cost|rate_schedule|average_cost_per_kwh|peak_kw|demand_charge_rate|time_of_use_periods","vehicle_count","per_unit","cost_per_unit","needs_equipment_details","low","true"
"SOURCE_DSIRE:dsire_program_id:22799","ev_charging_site_load","project_cost_reduction_only","bill_savings|upfront_cost_reduction","residential_only","electric|none","rate_schedule|annual_kwh|average_cost_per_kwh","peak_kw|demand_charge_rate|time_of_use_periods|contractor_quote_amount|quote_date","parking_spaces|ownership_status|equipment_category","per_unit","cost_per_unit","needs_quote","low","true"
"SOURCE_DSIRE:dsire_program_id:3692","motor_vfd_efficiency","","bill_savings|upfront_cost_reduction","residential_only","electric","annual_kwh|annual_electric_cost|average_cost_per_kwh","peak_kw|demand_charge_rate|monthly_kwh","equipment_category|quantity","per_unit","cost_per_unit","needs_equipment_details","low","true"
"SOURCE_SILICON_VALLEY_POWER:svp_source_section:6e6b359eb5fc98c0:heat-pump-water-heater-rebate","hvac_electric_efficiency","project_cost_reduction_only","bill_savings|upfront_cost_reduction","business_relevant","electric|none","annual_kwh|annual_electric_cost|average_cost_per_kwh","monthly_kwh|peak_kw|demand_charges|rate_schedule|contractor_quote_amount|quote_date","equipment_category|square_footage","per_unit","cost_per_unit","needs_bill","high","false"
"SOURCE_DSIRE:dsire_program_id:3308","gas_usage_reduction","project_cost_reduction_only","bill_savings|upfront_cost_reduction","mixed","gas|none","annual_therms|annual_gas_cost|average_cost_per_therm","monthly_therms|gas_rate_schedule|contractor_quote_amount|quote_date","equipment_category","per_unit","cost_per_unit","needs_bill","medium","true"
"SOURCE_DSIRE:dsire_program_id:3179","whole_building_custom_efficiency","electric_usage_reduction|hvac_electric_efficiency|gas_usage_reduction|motor_vfd_efficiency|controls_building_automation","bill_savings|upfront_cost_reduction","residential_only","electric|gas","annual_kwh|annual_electric_cost|average_cost_per_kwh","annual_therms|average_cost_per_therm|peak_kw|demand_charge_rate|square_footage|monthly_kwh|rate_schedule|delivery_charges|generation_charges|demand_charges|monthly_therms|gas_rate_schedule|time_of_use_periods","project_cost_estimate|equipment_category","per_kwh_saved","benchmark_range","needs_bill","low","true"
"SOURCE_DSIRE:dsire_program_id:22738","fleet_fuel_replacement","ev_charging_site_load","bill_savings|upfront_cost_reduction","business_relevant","fuel|electric","annual_gallons|annual_fuel_cost|average_cost_per_gallon|vehicle_count","estimated_miles|fuel_type|monthly_fuel_cost|rate_schedule|average_cost_per_kwh|peak_kw|demand_charge_rate|time_of_use_periods","vehicle_count","per_unit","cost_per_unit","needs_equipment_details","high","false"
"SOURCE_DSIRE:dsire_program_id:22770","grant_funding","solar_electric_offset","bill_savings|upfront_cost_reduction","public_nonprofit_only","none|electric","project_cost_estimate","contractor_quote_amount|time_of_use_periods|demand_charges|generation_charges|delivery_charges","equipment_category|project_timing","grant_amount","contractor_quote_required","needs_quote","high","true"
"SOURCE_DSIRE:dsire_program_id:1774","grant_funding","electric_usage_reduction","bill_savings|upfront_cost_reduction","unknown","none|electric","project_cost_estimate","contractor_quote_amount|monthly_kwh|rate_schedule|delivery_charges|generation_charges","equipment_category|project_timing","grant_amount","contractor_quote_required","needs_quote","low","true"
"SOURCE_DSIRE:dsire_program_id:1374","financing_cash_flow","electric_usage_reduction|hvac_electric_efficiency|motor_vfd_efficiency|controls_building_automation|commercial_kitchen_equipment_efficiency|battery_tou_demand_savings","bill_savings|financing","business_relevant","none|electric","project_cost_estimate|interest_rate|financing_term_years","down_payment|contractor_quote_amount|monthly_kwh|rate_schedule|delivery_charges|generation_charges|peak_kw|demand_charges|demand_charge_rate|annual_therms|time_of_use_periods|average_cost_per_therm|annual_water_use|annual_water_cost|annual_sewer_cost|annual_kwh|monthly_peak_kw","equipment_category","financing","contractor_quote_required","needs_quote","medium","true"
"SOURCE_DSIRE:dsire_program_id:1463","whole_building_custom_efficiency","gas_usage_reduction|motor_vfd_efficiency|commercial_kitchen_equipment_efficiency|battery_tou_demand_savings|water_sewer_reduction","bill_savings|upfront_cost_reduction","mixed","electric|gas|water_sewer","annual_kwh|annual_electric_cost|average_cost_per_kwh","annual_therms|average_cost_per_therm|peak_kw|demand_charge_rate|square_footage|monthly_therms|gas_rate_schedule|monthly_kwh|annual_water_use|annual_water_cost|annual_sewer_cost|annual_kwh|monthly_peak_kw|monthly_water_use|water_unit|sewer_cost|meter_size|irrigation_meter_present","project_cost_estimate|equipment_category","per_kwh_saved","benchmark_range","needs_bill","medium","true"
"SOURCE_DSIRE:dsire_program_id:22797","sales_or_property_tax_exemption","solar_electric_offset","bill_savings|tax_benefit","business_relevant","none|electric","project_cost_estimate","ownership_status|tax_entity_type|contractor_quote_amount|time_of_use_periods|demand_charges|generation_charges|delivery_charges","equipment_category","tax_exemption","benchmark_range","needs_tax_review","medium","false"
"SOURCE_DSIRE:dsire_program_id:4799","refrigeration_electric_efficiency","electric_usage_reduction","bill_savings|upfront_cost_reduction","residential_only","electric","annual_kwh|annual_electric_cost|average_cost_per_kwh","monthly_kwh|peak_kw|demand_charges|rate_schedule|delivery_charges|generation_charges","equipment_category|quantity","per_unit","cost_per_unit","needs_equipment_details","low","true"
"SOURCE_DSIRE:dsire_program_id:22682","motor_vfd_efficiency","","bill_savings|upfront_cost_reduction","residential_only","electric","annual_kwh|annual_electric_cost|average_cost_per_kwh","peak_kw|demand_charge_rate|monthly_kwh","equipment_category|quantity","per_unit","cost_per_unit","needs_equipment_details","low","true"
"SOURCE_DSIRE:dsire_program_id:22606","battery_tou_demand_savings","project_cost_reduction_only","bill_savings|upfront_cost_reduction","residential_only","electric|none","rate_schedule|time_of_use_periods|peak_kw|demand_charges|demand_charge_rate|monthly_kwh","annual_kwh|monthly_peak_kw|contractor_quote_amount|quote_date","equipment_category","per_unit","cost_per_kwh_storage","needs_equipment_details","low","true"
"SOURCE_DSIRE:dsire_program_id:2620","whole_building_custom_efficiency","electric_usage_reduction|hvac_electric_efficiency|motor_vfd_efficiency|controls_building_automation|commercial_kitchen_equipment_efficiency|battery_tou_demand_savings|water_sewer_reduction","bill_savings|upfront_cost_reduction","business_relevant","electric|water_sewer","annual_kwh|annual_electric_cost|average_cost_per_kwh","annual_therms|average_cost_per_therm|peak_kw|demand_charge_rate|square_footage|monthly_kwh|rate_schedule|delivery_charges|generation_charges|demand_charges|time_of_use_periods|annual_water_use|annual_water_cost|annual_sewer_cost|annual_kwh|monthly_peak_kw|monthly_water_use|water_unit|sewer_cost|meter_size|irrigation_meter_present","project_cost_estimate|equipment_category","per_kwh_saved","benchmark_range","needs_bill","medium","true"
"SOURCE_DSIRE:dsire_program_id:2672","motor_vfd_efficiency","","bill_savings|upfront_cost_reduction","residential_only","electric","annual_kwh|annual_electric_cost|average_cost_per_kwh","peak_kw|demand_charge_rate|monthly_kwh","equipment_category|quantity","per_unit","cost_per_unit","needs_equipment_details","low","true"
"SOURCE_DSIRE:dsire_program_id:1810","fleet_fuel_replacement","ev_charging_site_load","bill_savings|upfront_cost_reduction","residential_only","fuel|electric","annual_gallons|annual_fuel_cost|average_cost_per_gallon|vehicle_count","estimated_miles|fuel_type|monthly_fuel_cost|rate_schedule|average_cost_per_kwh|peak_kw|demand_charge_rate|time_of_use_periods","vehicle_count","per_unit","cost_per_unit","needs_equipment_details","low","true"
"SOURCE_DSIRE:dsire_program_id:1299","hvac_electric_efficiency","project_cost_reduction_only","bill_savings|upfront_cost_reduction","business_relevant","electric|none","annual_kwh|annual_electric_cost|average_cost_per_kwh","monthly_kwh|peak_kw|demand_charges|rate_schedule|contractor_quote_amount|quote_date","equipment_category|square_footage","per_unit","cost_per_unit","needs_bill","medium","true"
"SOURCE_DSIRE:dsire_program_id:3101","controls_building_automation","","bill_savings|upfront_cost_reduction","residential_only","electric","annual_kwh|rate_schedule","annual_therms|peak_kw|demand_charges|time_of_use_periods","square_footage|equipment_category","per_unit","benchmark_range","needs_equipment_details","low","true"
"SOURCE_DSIRE:dsire_program_id:3323","motor_vfd_efficiency","","bill_savings|upfront_cost_reduction","residential_only","electric","annual_kwh|annual_electric_cost|average_cost_per_kwh","peak_kw|demand_charge_rate|monthly_kwh","equipment_category|quantity","per_unit","cost_per_unit","needs_equipment_details","low","true"
"SOURCE_DSIRE:dsire_program_id:1829","controls_building_automation","","bill_savings|upfront_cost_reduction","residential_only","electric","annual_kwh|rate_schedule","annual_therms|peak_kw|demand_charges|time_of_use_periods","square_footage|equipment_category","per_unit","benchmark_range","needs_equipment_details","low","true"
"SOURCE_DSIRE:dsire_program_id:22669","pace_or_on_bill_financing","","financing","mixed","none","project_cost_estimate|financing_term_years|interest_rate","ownership_status|down_payment|annual_electric_cost|annual_gas_cost","ownership_status","financing","contractor_quote_required","needs_quote","medium","true"
"SOURCE_DSIRE:dsire_program_id:2984","sales_or_property_tax_exemption","battery_tou_demand_savings","bill_savings|tax_benefit","unknown","none|electric","project_cost_estimate","ownership_status|tax_entity_type|contractor_quote_amount|annual_kwh|monthly_peak_kw","equipment_category","tax_exemption","benchmark_range","needs_tax_review","low","true"
"SOURCE_CA_ENERGY_COMMISSION:cec_url_hash:url_hash:f6862be9f0d30cc5","grant_funding","battery_tou_demand_savings","bill_savings|upfront_cost_reduction","business_relevant","none|electric","project_cost_estimate","contractor_quote_amount|annual_kwh|monthly_peak_kw","equipment_category|project_timing","grant_amount","contractor_quote_required","needs_quote","high","false"
"SOURCE_DSIRE:dsire_program_id:22744","battery_tou_demand_savings","project_cost_reduction_only","bill_savings|upfront_cost_reduction","business_relevant","electric|none","rate_schedule|time_of_use_periods|peak_kw|demand_charges|demand_charge_rate|monthly_kwh","annual_kwh|monthly_peak_kw|contractor_quote_amount|quote_date","equipment_category","per_unit","cost_per_kwh_storage","needs_equipment_details","medium","true"
"SOURCE_DSIRE:dsire_program_id:3119","hvac_electric_efficiency","project_cost_reduction_only","bill_savings|upfront_cost_reduction","residential_only","electric|none","annual_kwh|annual_electric_cost|average_cost_per_kwh","monthly_kwh|peak_kw|demand_charges|rate_schedule|contractor_quote_amount|quote_date","equipment_category|square_footage","per_unit","cost_per_unit","needs_bill","low","true"
"SOURCE_DSIRE:dsire_program_id:138","sales_or_property_tax_exemption","electric_usage_reduction","bill_savings|tax_benefit","business_relevant","none|electric","project_cost_estimate","ownership_status|tax_entity_type|contractor_quote_amount|monthly_kwh|rate_schedule|delivery_charges|generation_charges","equipment_category","tax_exemption","benchmark_range","needs_tax_review","medium","true"
"SOURCE_SILICON_VALLEY_POWER:svp_source_section:02b845cad3f725fa:municipal-government-and-nonprofit-ev-charging-station-grant","grant_funding","ev_charging_site_load","bill_savings|upfront_cost_reduction","business_relevant","none|electric","project_cost_estimate","contractor_quote_amount|peak_kw|demand_charge_rate|time_of_use_periods","equipment_category|project_timing","grant_amount","contractor_quote_required","needs_quote","medium","true"
"SOURCE_DSIRE:dsire_program_id:22745","ev_charging_site_load","project_cost_reduction_only","bill_savings|upfront_cost_reduction","residential_only","electric|none","rate_schedule|annual_kwh|average_cost_per_kwh","peak_kw|demand_charge_rate|time_of_use_periods|contractor_quote_amount|quote_date","parking_spaces|ownership_status|equipment_category","per_unit","cost_per_unit","needs_quote","low","true"
"SOURCE_DSIRE:dsire_program_code_title_hash:NY27R:b7028224c966","no_direct_savings","","no_direct_savings","unknown","none","","","","unknown","unknown","unknown","low","true"
"SOURCE_DSIRE:dsire_program_id:22148","sales_or_property_tax_exemption","electric_usage_reduction|motor_vfd_efficiency","bill_savings|tax_benefit","residential_only","none|electric","project_cost_estimate","ownership_status|tax_entity_type|contractor_quote_amount|monthly_kwh|rate_schedule|delivery_charges|generation_charges|peak_kw|demand_charge_rate","equipment_category","tax_exemption","benchmark_range","needs_tax_review","low","true"
"SOURCE_DSIRE:dsire_program_id:22125","fleet_fuel_replacement","ev_charging_site_load","bill_savings|upfront_cost_reduction","business_relevant","fuel|electric","annual_gallons|annual_fuel_cost|average_cost_per_gallon|vehicle_count","estimated_miles|fuel_type|monthly_fuel_cost|rate_schedule|average_cost_per_kwh|peak_kw|demand_charge_rate|time_of_use_periods","vehicle_count","per_unit","cost_per_unit","needs_equipment_details","medium","true"
"SOURCE_DSIRE:dsire_program_id:1897","whole_building_custom_efficiency","electric_usage_reduction|hvac_electric_efficiency|gas_usage_reduction|refrigeration_electric_efficiency|motor_vfd_efficiency|controls_building_automation|commercial_kitchen_equipment_efficiency|water_sewer_reduction","bill_savings|upfront_cost_reduction","business_relevant","electric|gas|water_sewer","annual_kwh|annual_electric_cost|average_cost_per_kwh","annual_therms|average_cost_per_therm|peak_kw|demand_charge_rate|square_footage|monthly_kwh|rate_schedule|delivery_charges|generation_charges|demand_charges|monthly_therms|gas_rate_schedule|time_of_use_periods|annual_water_use|annual_water_cost|annual_sewer_cost|monthly_water_use|water_unit|sewer_cost|meter_size|irrigation_meter_present","project_cost_estimate|equipment_category","per_kwh_saved","benchmark_range","needs_bill","medium","true"
"SOURCE_DSIRE:dsire_program_id:1307","financing_cash_flow","hvac_electric_efficiency|motor_vfd_efficiency","bill_savings|financing","public_nonprofit_only","none|electric","project_cost_estimate|interest_rate|financing_term_years","down_payment|contractor_quote_amount|monthly_kwh|peak_kw|demand_charges|rate_schedule|demand_charge_rate","equipment_category","financing","contractor_quote_required","needs_quote","medium","true"
"SOURCE_DSIRE:dsire_program_id:22343","battery_tou_demand_savings","project_cost_reduction_only","bill_savings|upfront_cost_reduction","unknown","electric|none","rate_schedule|time_of_use_periods|peak_kw|demand_charges|demand_charge_rate|monthly_kwh","annual_kwh|monthly_peak_kw|contractor_quote_amount|quote_date","equipment_category","per_unit","cost_per_kwh_storage","needs_equipment_details","low","true"
"SOURCE_DSIRE:dsire_program_id:2030","financing_cash_flow","electric_usage_reduction|hvac_electric_efficiency|motor_vfd_efficiency|controls_building_automation","bill_savings|financing","business_relevant","none|electric","project_cost_estimate|interest_rate|financing_term_years","down_payment|contractor_quote_amount|monthly_kwh|rate_schedule|delivery_charges|generation_charges|peak_kw|demand_charges|demand_charge_rate|annual_therms|time_of_use_periods","equipment_category","financing","contractor_quote_required","needs_quote","medium","true"
"SOURCE_DSIRE:dsire_program_id:4690","motor_vfd_efficiency","","bill_savings|upfront_cost_reduction","business_relevant","electric","annual_kwh|annual_electric_cost|average_cost_per_kwh","peak_kw|demand_charge_rate|monthly_kwh","equipment_category|quantity","per_unit","cost_per_unit","needs_equipment_details","medium","true"
"SOURCE_DSIRE:dsire_program_id:1429","motor_vfd_efficiency","","bill_savings|upfront_cost_reduction","business_relevant","electric","annual_kwh|annual_electric_cost|average_cost_per_kwh","peak_kw|demand_charge_rate|monthly_kwh","equipment_category|quantity","per_unit","cost_per_unit","needs_equipment_details","medium","true"
"SOURCE_DSIRE:dsire_program_id:4378","electric_usage_reduction","project_cost_reduction_only","bill_savings|upfront_cost_reduction","business_relevant","electric|none","annual_kwh|annual_electric_cost|average_cost_per_kwh","monthly_kwh|rate_schedule|delivery_charges|generation_charges|contractor_quote_amount|quote_date","equipment_category","per_unit","cost_per_unit","needs_bill","medium","true"
"SOURCE_DSIRE:dsire_program_id:22730","motor_vfd_efficiency","","bill_savings|upfront_cost_reduction","business_relevant","electric","annual_kwh|annual_electric_cost|average_cost_per_kwh","peak_kw|demand_charge_rate|monthly_kwh","equipment_category|quantity","per_unit","cost_per_unit","needs_equipment_details","medium","true"
"SOURCE_DSIRE:dsire_program_id:2297","commercial_kitchen_equipment_efficiency","water_sewer_reduction","bill_savings|upfront_cost_reduction","business_relevant","electric|water_sewer","annual_kwh|annual_electric_cost|average_cost_per_kwh","annual_therms|average_cost_per_therm|annual_water_use|annual_water_cost|annual_sewer_cost|monthly_water_use|water_unit|sewer_cost|meter_size|irrigation_meter_present","equipment_category|quantity","per_unit","cost_per_unit","needs_equipment_details","medium","true"
"SOURCE_DSIRE:dsire_program_id:22586","fleet_fuel_replacement","ev_charging_site_load","bill_savings|upfront_cost_reduction","residential_only","fuel|electric","annual_gallons|annual_fuel_cost|average_cost_per_gallon|vehicle_count","estimated_miles|fuel_type|monthly_fuel_cost|rate_schedule|average_cost_per_kwh|peak_kw|demand_charge_rate|time_of_use_periods","vehicle_count","per_unit","cost_per_unit","needs_equipment_details","low","true"
"SOURCE_DSIRE:dsire_program_id:22699","commercial_kitchen_equipment_efficiency","water_sewer_reduction","bill_savings|upfront_cost_reduction","business_relevant","electric|water_sewer","annual_kwh|annual_electric_cost|average_cost_per_kwh","annual_therms|average_cost_per_therm|annual_water_use|annual_water_cost|annual_sewer_cost|monthly_water_use|water_unit|sewer_cost|meter_size|irrigation_meter_present","equipment_category|quantity","per_unit","cost_per_unit","needs_equipment_details","medium","true"
"SOURCE_DSIRE:dsire_program_id:2776","financing_cash_flow","gas_usage_reduction","bill_savings|financing","residential_only","none|gas","project_cost_estimate|interest_rate|financing_term_years","down_payment|contractor_quote_amount|monthly_therms|gas_rate_schedule","equipment_category","financing","contractor_quote_required","needs_quote","low","true"
"SOURCE_CA_ENERGY_COMMISSION:cec_solicitation_number:GFO-24-302","grant_funding","electric_usage_reduction","bill_savings|upfront_cost_reduction","business_relevant","none|electric","project_cost_estimate","contractor_quote_amount|monthly_kwh|rate_schedule|delivery_charges|generation_charges","equipment_category|project_timing","grant_amount","contractor_quote_required","needs_quote","medium","true"
"SOURCE_DSIRE:dsire_program_id:22752","ev_charging_site_load","project_cost_reduction_only","bill_savings|upfront_cost_reduction","residential_only","electric|none","rate_schedule|annual_kwh|average_cost_per_kwh","peak_kw|demand_charge_rate|time_of_use_periods|contractor_quote_amount|quote_date","parking_spaces|ownership_status|equipment_category","per_unit","cost_per_unit","needs_quote","low","true"
"SOURCE_DSIRE:dsire_program_id:5249","program_rule_value_only","","policy_or_permitting","public_nonprofit_only","none","","service_address|utility_provider","project_timing","unknown","unknown","policy_only","low","true"
"SOURCE_SDGE_BUSINESS:program_url:sdge_com_node_18746","project_cost_reduction_only","","upfront_cost_reduction","business_relevant","none","project_cost_estimate","contractor_quote_amount|quote_date","equipment_category","per_unit","benchmark_range","needs_equipment_details","medium","true"
"SOURCE_DSIRE:dsire_program_id:3554","pace_or_on_bill_financing","","financing","mixed","none","project_cost_estimate|financing_term_years|interest_rate","ownership_status|down_payment|annual_electric_cost|annual_gas_cost","ownership_status","financing","contractor_quote_required","needs_quote","medium","true"
"SOURCE_DSIRE:dsire_program_id:4554","financing_cash_flow","hvac_electric_efficiency|gas_usage_reduction|motor_vfd_efficiency","bill_savings|financing","residential_only","none|electric|gas","project_cost_estimate|interest_rate|financing_term_years","down_payment|contractor_quote_amount|monthly_kwh|peak_kw|demand_charges|rate_schedule|monthly_therms|gas_rate_schedule|demand_charge_rate","equipment_category","financing","contractor_quote_required","needs_quote","low","true"
"SOURCE_DSIRE:dsire_program_id:77","program_rule_value_only","","policy_or_permitting","business_relevant","none","","service_address|utility_provider","project_timing","unknown","unknown","policy_only","low","true"
"SOURCE_DSIRE:dsire_program_id:22362","ev_charging_site_load","project_cost_reduction_only","bill_savings|upfront_cost_reduction","residential_only","electric|none","rate_schedule|annual_kwh|average_cost_per_kwh","peak_kw|demand_charge_rate|time_of_use_periods|contractor_quote_amount|quote_date","parking_spaces|ownership_status|equipment_category","per_unit","cost_per_unit","needs_quote","low","true"
"SOURCE_CA_ENERGY_COMMISSION:cec_solicitation_number:GFO-24-303","grant_funding","electric_usage_reduction","bill_savings|upfront_cost_reduction","unknown","none|electric","project_cost_estimate","contractor_quote_amount|monthly_kwh|rate_schedule|delivery_charges|generation_charges","equipment_category|project_timing","grant_amount","contractor_quote_required","needs_quote","low","true"
"SOURCE_DSIRE:dsire_program_id:740","solar_electric_offset","project_cost_reduction_only","bill_savings|upfront_cost_reduction","mixed","electric|none","annual_kwh|monthly_kwh|average_cost_per_kwh|rate_schedule","time_of_use_periods|demand_charges|generation_charges|delivery_charges|contractor_quote_amount|quote_date","roof_area|ownership_status","per_kw","cost_per_kw","needs_bill","medium","true"
"SOURCE_DSIRE:dsire_program_id:22702","ev_charging_site_load","project_cost_reduction_only","bill_savings|upfront_cost_reduction","business_relevant","electric|none","rate_schedule|annual_kwh|average_cost_per_kwh","peak_kw|demand_charge_rate|time_of_use_periods|contractor_quote_amount|quote_date","parking_spaces|ownership_status|equipment_category","per_unit","cost_per_unit","needs_quote","medium","true"
"SOURCE_DSIRE:dsire_program_id:5688","renewable_generation_credit_market_value","solar_electric_offset","bill_savings|policy_or_permitting|market_credit","mixed","electric|none","annual_kwh","monthly_kwh|rate_schedule|time_of_use_periods|demand_charges|generation_charges|delivery_charges","equipment_category|project_timing","unknown","unknown","policy_only","low","true"
"SOURCE_DSIRE:dsire_program_id:3256","fleet_fuel_replacement","ev_charging_site_load","bill_savings|upfront_cost_reduction","mixed","fuel|electric","annual_gallons|annual_fuel_cost|average_cost_per_gallon|vehicle_count","estimated_miles|fuel_type|monthly_fuel_cost|rate_schedule|average_cost_per_kwh|peak_kw|demand_charge_rate|time_of_use_periods","vehicle_count","per_unit","cost_per_unit","needs_equipment_details","medium","true"
"SOURCE_DSIRE:dsire_program_id:1338","financing_cash_flow","electric_usage_reduction|solar_electric_offset|gas_usage_reduction","bill_savings|financing","business_relevant","none|electric|gas","project_cost_estimate|interest_rate|financing_term_years","down_payment|contractor_quote_amount|monthly_kwh|rate_schedule|delivery_charges|generation_charges|time_of_use_periods|demand_charges|monthly_therms|gas_rate_schedule","equipment_category","financing","contractor_quote_required","needs_quote","medium","true"
"SOURCE_DSIRE:dsire_program_id:3306","whole_building_custom_efficiency","gas_usage_reduction|controls_building_automation|battery_tou_demand_savings","bill_savings|upfront_cost_reduction","mixed","electric|gas","annual_kwh|annual_electric_cost|average_cost_per_kwh","annual_therms|average_cost_per_therm|peak_kw|demand_charge_rate|square_footage|monthly_therms|gas_rate_schedule|demand_charges|time_of_use_periods|annual_kwh|monthly_peak_kw","project_cost_estimate|equipment_category","per_kwh_saved","benchmark_range","needs_bill","medium","true"
"SOURCE_DSIRE:dsire_program_id:3485","hvac_electric_efficiency","project_cost_reduction_only","bill_savings|upfront_cost_reduction","mixed","electric|none","annual_kwh|annual_electric_cost|average_cost_per_kwh","monthly_kwh|peak_kw|demand_charges|rate_schedule|contractor_quote_amount|quote_date","equipment_category|square_footage","per_unit","cost_per_unit","needs_bill","medium","true"
"SOURCE_DSIRE:dsire_program_id:3592","ev_charging_site_load","project_cost_reduction_only","bill_savings|upfront_cost_reduction","residential_only","electric|none","rate_schedule|annual_kwh|average_cost_per_kwh","peak_kw|demand_charge_rate|time_of_use_periods|contractor_quote_amount|quote_date","parking_spaces|ownership_status|equipment_category","per_unit","cost_per_unit","needs_quote","low","true"
"SOURCE_DSIRE:dsire_program_id:2541","refrigeration_electric_efficiency","electric_usage_reduction","bill_savings|upfront_cost_reduction","business_relevant","electric","annual_kwh|annual_electric_cost|average_cost_per_kwh","monthly_kwh|peak_kw|demand_charges|rate_schedule|delivery_charges|generation_charges","equipment_category|quantity","per_unit","cost_per_unit","needs_equipment_details","medium","true"
"SOURCE_DSIRE:dsire_program_id:682","financing_cash_flow","","financing","mixed","none","project_cost_estimate|interest_rate|financing_term_years","down_payment|contractor_quote_amount","equipment_category","financing","contractor_quote_required","needs_quote","medium","true"
"SOURCE_DSIRE:dsire_program_id:4448","financing_cash_flow","","financing","public_nonprofit_only","none","project_cost_estimate|interest_rate|financing_term_years","down_payment|contractor_quote_amount","equipment_category","financing","contractor_quote_required","needs_quote","high","true"
"SOURCE_DSIRE:dsire_program_id:22640","grant_funding","electric_usage_reduction|ev_charging_site_load","bill_savings|upfront_cost_reduction","unknown","none|electric","project_cost_estimate","contractor_quote_amount|monthly_kwh|rate_schedule|delivery_charges|generation_charges|peak_kw|demand_charge_rate|time_of_use_periods","equipment_category|project_timing","grant_amount","contractor_quote_required","needs_quote","low","true"
"SOURCE_DSIRE:dsire_program_id:3395","financing_cash_flow","","financing","agriculture_only","none","project_cost_estimate|interest_rate|financing_term_years","down_payment|contractor_quote_amount","equipment_category","financing","contractor_quote_required","needs_quote","high","true"
"SOURCE_DSIRE:dsire_program_id:22398","ev_charging_site_load","project_cost_reduction_only","bill_savings|upfront_cost_reduction","residential_only","electric|none","rate_schedule|annual_kwh|average_cost_per_kwh","peak_kw|demand_charge_rate|time_of_use_periods|contractor_quote_amount|quote_date","parking_spaces|ownership_status|equipment_category","per_unit","cost_per_unit","needs_quote","low","true"
"SOURCE_DSIRE:dsire_program_id:22071","refrigeration_electric_efficiency","electric_usage_reduction","bill_savings|upfront_cost_reduction","business_relevant","electric","annual_kwh|annual_electric_cost|average_cost_per_kwh","monthly_kwh|peak_kw|demand_charges|rate_schedule|delivery_charges|generation_charges","equipment_category|quantity","per_unit","cost_per_unit","needs_equipment_details","medium","true"
"SOURCE_CA_ENERGY_COMMISSION:cec_solicitation_number:GFO-24-601","grant_funding","","upfront_cost_reduction","business_relevant","none","project_cost_estimate","contractor_quote_amount","equipment_category|project_timing","grant_amount","contractor_quote_required","needs_quote","medium","true"
"SOURCE_CA_ENERGY_COMMISSION:cec_solicitation_number:GFO-24-301","grant_funding","","upfront_cost_reduction","business_relevant","none","project_cost_estimate","contractor_quote_amount","equipment_category|project_timing","grant_amount","contractor_quote_required","needs_quote","high","false"
"SOURCE_SDGE_BUSINESS:program_url:aesc_inc_com_groceries_restaurants_and_food_storage_program","project_cost_reduction_only","refrigeration_electric_efficiency|battery_tou_demand_savings","bill_savings|upfront_cost_reduction","business_relevant","none|electric","project_cost_estimate","contractor_quote_amount|quote_date|monthly_kwh|peak_kw|demand_charges|annual_kwh|monthly_peak_kw","equipment_category","per_unit","benchmark_range","needs_equipment_details","medium","true"
"SOURCE_DSIRE:dsire_program_id:22173","tax_benefit_project_cost_reduction","electric_usage_reduction|motor_vfd_efficiency|ev_charging_site_load","bill_savings|tax_benefit","mixed","none|electric","project_cost_estimate|tax_entity_type","ownership_status|tax_appetite_unknown|contractor_quote_amount|monthly_kwh|rate_schedule|delivery_charges|generation_charges|peak_kw|demand_charge_rate|time_of_use_periods","equipment_category","tax_credit","benchmark_range","needs_tax_review","medium","true"
"SOURCE_DSIRE:dsire_program_id:22720","electric_usage_reduction","project_cost_reduction_only","bill_savings|upfront_cost_reduction","residential_only","electric|none","annual_kwh|annual_electric_cost|average_cost_per_kwh","monthly_kwh|rate_schedule|delivery_charges|generation_charges|contractor_quote_amount|quote_date","equipment_category","per_unit","cost_per_unit","needs_bill","low","true"
"SOURCE_CA_ENERGY_COMMISSION:cec_url_hash:url_hash:73d8cb91eaabc62d","grant_funding","electric_usage_reduction|battery_tou_demand_savings","bill_savings|upfront_cost_reduction","business_relevant","none|electric","project_cost_estimate","contractor_quote_amount|monthly_kwh|rate_schedule|delivery_charges|generation_charges|annual_kwh|monthly_peak_kw","equipment_category|project_timing","grant_amount","contractor_quote_required","needs_quote","high","false"
"SOURCE_DSIRE:dsire_program_id:3320","whole_building_custom_efficiency","hvac_electric_efficiency|gas_usage_reduction|refrigeration_electric_efficiency|motor_vfd_efficiency|commercial_kitchen_equipment_efficiency|water_sewer_reduction","bill_savings|upfront_cost_reduction","residential_only","electric|gas|water_sewer","annual_kwh|annual_electric_cost|average_cost_per_kwh","annual_therms|average_cost_per_therm|peak_kw|demand_charge_rate|square_footage|monthly_kwh|demand_charges|rate_schedule|monthly_therms|gas_rate_schedule|annual_water_use|annual_water_cost|annual_sewer_cost|monthly_water_use|water_unit|sewer_cost|meter_size|irrigation_meter_present","project_cost_estimate|equipment_category","per_kwh_saved","benchmark_range","needs_bill","low","true"
"SOURCE_DSIRE:dsire_program_id:22665","grant_funding","ev_charging_site_load","bill_savings|upfront_cost_reduction","agriculture_only","none|electric","project_cost_estimate","contractor_quote_amount|peak_kw|demand_charge_rate|time_of_use_periods","equipment_category|project_timing","grant_amount","contractor_quote_required","needs_quote","high","true"
"SOURCE_DSIRE:dsire_program_id:22423","program_rule_value_only","","policy_or_permitting","mixed","none","","service_address|utility_provider","project_timing","unknown","unknown","policy_only","low","true"
"SOURCE_DSIRE:dsire_program_id:22188","grant_funding","ev_charging_site_load","bill_savings|upfront_cost_reduction","residential_only","none|electric","project_cost_estimate","contractor_quote_amount|peak_kw|demand_charge_rate|time_of_use_periods","equipment_category|project_timing","grant_amount","contractor_quote_required","needs_quote","low","true"
"SOURCE_DSIRE:dsire_program_id:2925","battery_tou_demand_savings","project_cost_reduction_only","bill_savings|upfront_cost_reduction","business_relevant","electric|none","rate_schedule|time_of_use_periods|peak_kw|demand_charges|demand_charge_rate|monthly_kwh","annual_kwh|monthly_peak_kw|contractor_quote_amount|quote_date","equipment_category","per_unit","cost_per_kwh_storage","needs_equipment_details","medium","true"
"SOURCE_DSIRE:dsire_program_id:22560","fleet_fuel_replacement","ev_charging_site_load","bill_savings|upfront_cost_reduction","business_relevant","fuel|electric","annual_gallons|annual_fuel_cost|average_cost_per_gallon|vehicle_count","estimated_miles|fuel_type|monthly_fuel_cost|rate_schedule|average_cost_per_kwh|peak_kw|demand_charge_rate|time_of_use_periods","vehicle_count","per_unit","cost_per_unit","needs_equipment_details","medium","true"
"SOURCE_DSIRE:dsire_program_id:22420","financing_cash_flow","battery_tou_demand_savings","bill_savings|financing","agriculture_only","none|electric","project_cost_estimate|interest_rate|financing_term_years","down_payment|contractor_quote_amount|annual_kwh|monthly_peak_kw","equipment_category","financing","contractor_quote_required","needs_quote","high","true"
"SOURCE_DSIRE:dsire_program_id:22046","financing_cash_flow","hvac_electric_efficiency|gas_usage_reduction|motor_vfd_efficiency|water_sewer_reduction","bill_savings|financing","residential_only","none|electric|gas|water_sewer","project_cost_estimate|interest_rate|financing_term_years","down_payment|contractor_quote_amount|monthly_kwh|peak_kw|demand_charges|rate_schedule|monthly_therms|gas_rate_schedule|demand_charge_rate|monthly_water_use|water_unit|sewer_cost|meter_size|irrigation_meter_present","equipment_category","financing","contractor_quote_required","needs_quote","low","true"
"SOURCE_DSIRE:dsire_program_id:22194","fleet_fuel_replacement","ev_charging_site_load","bill_savings|upfront_cost_reduction","residential_only","fuel|electric","annual_gallons|annual_fuel_cost|average_cost_per_gallon|vehicle_count","estimated_miles|fuel_type|monthly_fuel_cost|rate_schedule|average_cost_per_kwh|peak_kw|demand_charge_rate|time_of_use_periods","vehicle_count","per_unit","cost_per_unit","needs_equipment_details","low","true"
"SOURCE_DSIRE:dsire_program_id:4275","whole_building_custom_efficiency","electric_usage_reduction|hvac_electric_efficiency|gas_usage_reduction|refrigeration_electric_efficiency|motor_vfd_efficiency|controls_building_automation|commercial_kitchen_equipment_efficiency|water_sewer_reduction","bill_savings|upfront_cost_reduction","residential_only","electric|gas|water_sewer","annual_kwh|annual_electric_cost|average_cost_per_kwh","annual_therms|average_cost_per_therm|peak_kw|demand_charge_rate|square_footage|monthly_kwh|rate_schedule|delivery_charges|generation_charges|demand_charges|monthly_therms|gas_rate_schedule|time_of_use_periods|annual_water_use|annual_water_cost|annual_sewer_cost|monthly_water_use|water_unit|sewer_cost|meter_size|irrigation_meter_present","project_cost_estimate|equipment_category","per_kwh_saved","benchmark_range","needs_bill","low","true"
"SOURCE_DSIRE:dsire_program_id:22812","ev_charging_site_load","project_cost_reduction_only","bill_savings|upfront_cost_reduction","residential_only","electric|none","rate_schedule|annual_kwh|average_cost_per_kwh","peak_kw|demand_charge_rate|time_of_use_periods|contractor_quote_amount|quote_date","parking_spaces|ownership_status|equipment_category","per_unit","cost_per_unit","needs_quote","low","true"
"SOURCE_DSIRE:dsire_program_id:22181","fleet_fuel_replacement","ev_charging_site_load","bill_savings|upfront_cost_reduction","mixed","fuel|electric","annual_gallons|annual_fuel_cost|average_cost_per_gallon|vehicle_count","estimated_miles|fuel_type|monthly_fuel_cost|rate_schedule|average_cost_per_kwh|peak_kw|demand_charge_rate|time_of_use_periods","vehicle_count","per_unit","cost_per_unit","needs_equipment_details","high","true"
"SOURCE_DSIRE:dsire_program_id:2604","project_cost_reduction_only","","upfront_cost_reduction","business_relevant","none","project_cost_estimate","contractor_quote_amount|quote_date","equipment_category","per_unit","benchmark_range","needs_equipment_details","medium","true"
"SOURCE_DSIRE:dsire_program_id:22281","ev_charging_site_load","project_cost_reduction_only","bill_savings|upfront_cost_reduction","mixed","electric|none","rate_schedule|annual_kwh|average_cost_per_kwh","peak_kw|demand_charge_rate|time_of_use_periods|contractor_quote_amount|quote_date","parking_spaces|ownership_status|equipment_category","per_unit","cost_per_unit","needs_quote","medium","true"
"SOURCE_SILICON_VALLEY_POWER:svp_source_section:6e6b359eb5fc98c0:data-center-program","hvac_electric_efficiency","project_cost_reduction_only","bill_savings|upfront_cost_reduction","business_relevant","electric|none","annual_kwh|annual_electric_cost|average_cost_per_kwh","monthly_kwh|peak_kw|demand_charges|rate_schedule|contractor_quote_amount|quote_date","equipment_category|square_footage","per_unit","cost_per_unit","needs_bill","medium","true"
"SOURCE_DSIRE:dsire_program_id:1615","ev_charging_site_load","project_cost_reduction_only","bill_savings|upfront_cost_reduction","business_relevant","electric|none","rate_schedule|annual_kwh|average_cost_per_kwh","peak_kw|demand_charge_rate|time_of_use_periods|contractor_quote_amount|quote_date","parking_spaces|ownership_status|equipment_category","per_unit","cost_per_unit","needs_quote","medium","true"
"SOURCE_DSIRE:dsire_program_id:5864","interconnection_or_grid_access_value","","policy_or_permitting","mixed","none","","utility_provider|service_address|rate_schedule","equipment_category|project_timing","unknown","unknown","policy_only","low","true"
"SOURCE_DSIRE:dsire_program_id:22784","ev_charging_site_load","project_cost_reduction_only","bill_savings|upfront_cost_reduction","mixed","electric|none","rate_schedule|annual_kwh|average_cost_per_kwh","peak_kw|demand_charge_rate|time_of_use_periods|contractor_quote_amount|quote_date","parking_spaces|ownership_status|equipment_category","per_unit","cost_per_unit","needs_quote","high","true"
"SOURCE_DSIRE:dsire_program_id:1528","grant_funding","electric_usage_reduction|hvac_electric_efficiency","bill_savings|upfront_cost_reduction","business_relevant","none|electric","project_cost_estimate","contractor_quote_amount|monthly_kwh|rate_schedule|delivery_charges|generation_charges|peak_kw|demand_charges","equipment_category|project_timing","grant_amount","contractor_quote_required","needs_quote","medium","true"
"SOURCE_DSIRE:dsire_program_id:4595","motor_vfd_efficiency","","bill_savings|upfront_cost_reduction","business_relevant","electric","annual_kwh|annual_electric_cost|average_cost_per_kwh","peak_kw|demand_charge_rate|monthly_kwh","equipment_category|quantity","per_unit","cost_per_unit","needs_equipment_details","medium","true"
"SOURCE_DSIRE:dsire_program_id:22295","electric_usage_reduction","project_cost_reduction_only","bill_savings|upfront_cost_reduction","unknown","electric|none","annual_kwh|annual_electric_cost|average_cost_per_kwh","monthly_kwh|rate_schedule|delivery_charges|generation_charges|contractor_quote_amount|quote_date","equipment_category","per_unit","cost_per_unit","needs_bill","low","true"
"SOURCE_DSIRE:dsire_program_id:22579","grant_funding","solar_electric_offset","bill_savings|upfront_cost_reduction","business_relevant","none|electric","project_cost_estimate","contractor_quote_amount|time_of_use_periods|demand_charges|generation_charges|delivery_charges","equipment_category|project_timing","grant_amount","contractor_quote_required","needs_quote","high","false"
"SOURCE_DSIRE:dsire_program_id:1580","financing_cash_flow","electric_usage_reduction|hvac_electric_efficiency|gas_usage_reduction|refrigeration_electric_efficiency|motor_vfd_efficiency|controls_building_automation|commercial_kitchen_equipment_efficiency","bill_savings|financing","business_relevant","none|electric|gas","project_cost_estimate|interest_rate|financing_term_years","down_payment|contractor_quote_amount|monthly_kwh|rate_schedule|delivery_charges|generation_charges|peak_kw|demand_charges|monthly_therms|gas_rate_schedule|demand_charge_rate|annual_therms|time_of_use_periods|average_cost_per_therm|annual_water_use|annual_water_cost|annual_sewer_cost","equipment_category","financing","contractor_quote_required","needs_quote","medium","true"
"SOURCE_DSIRE:dsire_program_id:1807","fleet_fuel_replacement","ev_charging_site_load","bill_savings|upfront_cost_reduction","residential_only","fuel|electric","annual_gallons|annual_fuel_cost|average_cost_per_gallon|vehicle_count","estimated_miles|fuel_type|monthly_fuel_cost|rate_schedule|average_cost_per_kwh|peak_kw|demand_charge_rate|time_of_use_periods","vehicle_count","per_unit","cost_per_unit","needs_equipment_details","low","true"
"SOURCE_DSIRE:dsire_program_id:4968","refrigeration_electric_efficiency","electric_usage_reduction","bill_savings|upfront_cost_reduction","residential_only","electric","annual_kwh|annual_electric_cost|average_cost_per_kwh","monthly_kwh|peak_kw|demand_charges|rate_schedule|delivery_charges|generation_charges","equipment_category|quantity","per_unit","cost_per_unit","needs_equipment_details","low","true"
"SOURCE_DSIRE:dsire_program_id:22483","controls_building_automation","","bill_savings|upfront_cost_reduction","residential_only","electric","annual_kwh|rate_schedule","annual_therms|peak_kw|demand_charges|time_of_use_periods","square_footage|equipment_category","per_unit","benchmark_range","needs_equipment_details","low","true"
"SOURCE_DSIRE:dsire_program_code_title_hash:CT100F:bd5968d14e28","no_direct_savings","","no_direct_savings","unknown","none","","","","unknown","unknown","unknown","low","true"
"SOURCE_CA_ENERGY_COMMISSION:cec_solicitation_number:GFO-24-609","grant_funding","electric_usage_reduction","bill_savings|upfront_cost_reduction","business_relevant","none|electric","project_cost_estimate","contractor_quote_amount|monthly_kwh|rate_schedule|delivery_charges|generation_charges","equipment_category|project_timing","grant_amount","contractor_quote_required","needs_quote","high","false"
"SOURCE_DSIRE:dsire_program_id:5244","financing_cash_flow","","financing","residential_only","none","project_cost_estimate|interest_rate|financing_term_years","down_payment|contractor_quote_amount","equipment_category","financing","contractor_quote_required","needs_quote","low","true"
"SOURCE_DSIRE:dsire_program_id:4375","financing_cash_flow","electric_usage_reduction|hvac_electric_efficiency|gas_usage_reduction|motor_vfd_efficiency|controls_building_automation","bill_savings|financing","public_nonprofit_only","none|electric|gas","project_cost_estimate|interest_rate|financing_term_years","down_payment|contractor_quote_amount|monthly_kwh|rate_schedule|delivery_charges|generation_charges|peak_kw|demand_charges|monthly_therms|gas_rate_schedule|demand_charge_rate|annual_therms|time_of_use_periods","equipment_category","financing","contractor_quote_required","needs_quote","medium","true"
"SOURCE_DSIRE:dsire_program_id:2587","whole_building_custom_efficiency","electric_usage_reduction|hvac_electric_efficiency|gas_usage_reduction|refrigeration_electric_efficiency|motor_vfd_efficiency|controls_building_automation|commercial_kitchen_equipment_efficiency|water_sewer_reduction","bill_savings|upfront_cost_reduction","mixed","electric|gas|water_sewer","annual_kwh|annual_electric_cost|average_cost_per_kwh","annual_therms|average_cost_per_therm|peak_kw|demand_charge_rate|square_footage|monthly_kwh|rate_schedule|delivery_charges|generation_charges|demand_charges|monthly_therms|gas_rate_schedule|time_of_use_periods|annual_water_use|annual_water_cost|annual_sewer_cost|monthly_water_use|water_unit|sewer_cost|meter_size|irrigation_meter_present","project_cost_estimate|equipment_category","per_kwh_saved","benchmark_range","needs_bill","medium","true"
"SOURCE_DSIRE:dsire_program_id:5943","sales_or_property_tax_exemption","solar_electric_offset|water_sewer_reduction","bill_savings|tax_benefit","mixed","none|electric|water_sewer","project_cost_estimate","ownership_status|tax_entity_type|contractor_quote_amount|time_of_use_periods|demand_charges|generation_charges|delivery_charges|monthly_water_use|water_unit|sewer_cost|meter_size|irrigation_meter_present","equipment_category","tax_exemption","benchmark_range","needs_tax_review","medium","true"
"SOURCE_DSIRE:dsire_program_id:4572","fleet_fuel_replacement","ev_charging_site_load","bill_savings|upfront_cost_reduction","residential_only","fuel|electric","annual_gallons|annual_fuel_cost|average_cost_per_gallon|vehicle_count","estimated_miles|fuel_type|monthly_fuel_cost|rate_schedule|average_cost_per_kwh|peak_kw|demand_charge_rate|time_of_use_periods","vehicle_count","per_unit","cost_per_unit","needs_equipment_details","low","true"
"SOURCE_DSIRE:dsire_program_id:2696","program_rule_value_only","","policy_or_permitting","unknown","none","","service_address|utility_provider","project_timing","unknown","unknown","policy_only","low","true"
"SOURCE_DSIRE:dsire_program_id:2658","program_rule_value_only","","policy_or_permitting","residential_only","none","","service_address|utility_provider","project_timing","unknown","unknown","policy_only","low","true"
"SOURCE_DSIRE:dsire_program_id:2373","financing_cash_flow","electric_usage_reduction|hvac_electric_efficiency|refrigeration_electric_efficiency|motor_vfd_efficiency|controls_building_automation|water_sewer_reduction","bill_savings|financing","residential_only","none|electric|water_sewer","project_cost_estimate|interest_rate|financing_term_years","down_payment|contractor_quote_amount|monthly_kwh|rate_schedule|delivery_charges|generation_charges|peak_kw|demand_charges|demand_charge_rate|annual_therms|time_of_use_periods|monthly_water_use|water_unit|sewer_cost|meter_size|irrigation_meter_present","equipment_category","financing","contractor_quote_required","needs_quote","low","true"
"SOURCE_DSIRE:dsire_program_id:5361","grant_funding","solar_electric_offset|battery_tou_demand_savings","bill_savings|upfront_cost_reduction","mixed","none|electric","project_cost_estimate","contractor_quote_amount|time_of_use_periods|demand_charges|generation_charges|delivery_charges|annual_kwh|monthly_peak_kw","equipment_category|project_timing","grant_amount","contractor_quote_required","needs_quote","medium","true"
"SOURCE_DSIRE:dsire_program_id:5789","motor_vfd_efficiency","","bill_savings|upfront_cost_reduction","residential_only","electric","annual_kwh|annual_electric_cost|average_cost_per_kwh","peak_kw|demand_charge_rate|monthly_kwh","equipment_category|quantity","per_unit","cost_per_unit","needs_equipment_details","low","true"
"SOURCE_DSIRE:dsire_program_id:248","program_rule_value_only","","policy_or_permitting","mixed","none","","service_address|utility_provider","project_timing","unknown","unknown","policy_only","low","true"
"SOURCE_CA_ENERGY_COMMISSION:cec_solicitation_number:GFO-23-701R2","grant_funding","electric_usage_reduction","bill_savings|upfront_cost_reduction","unknown","none|electric","project_cost_estimate","contractor_quote_amount|monthly_kwh|rate_schedule|delivery_charges|generation_charges","equipment_category|project_timing","grant_amount","contractor_quote_required","needs_quote","low","true"
"SOURCE_SDGE_BUSINESS:program_url:ag_easy_com","project_cost_reduction_only","","upfront_cost_reduction","business_relevant","none","project_cost_estimate","contractor_quote_amount|quote_date","equipment_category","per_unit","benchmark_range","needs_equipment_details","high","false"
"SOURCE_DSIRE:dsire_program_id:22213","fleet_fuel_replacement","ev_charging_site_load","bill_savings|upfront_cost_reduction","unknown","fuel|electric","annual_gallons|annual_fuel_cost|average_cost_per_gallon|vehicle_count","estimated_miles|fuel_type|monthly_fuel_cost|rate_schedule|average_cost_per_kwh|peak_kw|demand_charge_rate|time_of_use_periods","vehicle_count","per_unit","cost_per_unit","needs_equipment_details","low","true"
"SOURCE_DSIRE:dsire_program_id:3026","refrigeration_electric_efficiency","electric_usage_reduction","bill_savings|upfront_cost_reduction","mixed","electric","annual_kwh|annual_electric_cost|average_cost_per_kwh","monthly_kwh|peak_kw|demand_charges|rate_schedule|delivery_charges|generation_charges","equipment_category|quantity","per_unit","cost_per_unit","needs_equipment_details","medium","true"
"SOURCE_DSIRE:dsire_program_id:22575","grant_funding","","upfront_cost_reduction","business_relevant","none","project_cost_estimate","contractor_quote_amount","equipment_category|project_timing","grant_amount","contractor_quote_required","needs_quote","high","false"
"SOURCE_DSIRE:dsire_program_id:22577","financing_cash_flow","hvac_electric_efficiency|motor_vfd_efficiency|battery_tou_demand_savings","bill_savings|financing","residential_only","none|electric","project_cost_estimate|interest_rate|financing_term_years","down_payment|contractor_quote_amount|monthly_kwh|peak_kw|demand_charges|rate_schedule|demand_charge_rate|annual_kwh|monthly_peak_kw","equipment_category","financing","contractor_quote_required","needs_quote","low","true"
"SOURCE_DSIRE:dsire_program_id:1345","financing_cash_flow","hvac_electric_efficiency|motor_vfd_efficiency","bill_savings|financing","residential_only","none|electric","project_cost_estimate|interest_rate|financing_term_years","down_payment|contractor_quote_amount|monthly_kwh|peak_kw|demand_charges|rate_schedule|demand_charge_rate","equipment_category","financing","contractor_quote_required","needs_quote","low","true"
"SOURCE_CA_ENERGY_COMMISSION:cec_solicitation_number:GFO-22-501","grant_funding","hvac_electric_efficiency","bill_savings|upfront_cost_reduction","mixed","none|electric","project_cost_estimate","contractor_quote_amount|monthly_kwh|peak_kw|demand_charges|rate_schedule","equipment_category|project_timing","grant_amount","contractor_quote_required","needs_quote","high","true"
"SOURCE_DSIRE:dsire_program_id:734","tax_benefit_project_cost_reduction","solar_electric_offset|battery_tou_demand_savings|water_sewer_reduction","bill_savings|tax_benefit","business_relevant","none|electric|water_sewer","project_cost_estimate|tax_entity_type","ownership_status|tax_appetite_unknown|contractor_quote_amount|time_of_use_periods|demand_charges|generation_charges|delivery_charges|annual_kwh|monthly_peak_kw|monthly_water_use|water_unit|sewer_cost|meter_size|irrigation_meter_present","equipment_category","tax_credit","benchmark_range","needs_tax_review","medium","true"
"SOURCE_DSIRE:dsire_program_id:1344","controls_building_automation","","bill_savings|upfront_cost_reduction","residential_only","electric","annual_kwh|rate_schedule","annual_therms|peak_kw|demand_charges|time_of_use_periods","square_footage|equipment_category","per_unit","benchmark_range","needs_equipment_details","low","true"
"SOURCE_DSIRE:dsire_program_id:22653","pace_or_on_bill_financing","","financing","business_relevant","none","project_cost_estimate|financing_term_years|interest_rate","ownership_status|down_payment|annual_electric_cost|annual_gas_cost","ownership_status","financing","contractor_quote_required","needs_quote","high","false"
"SOURCE_DSIRE:dsire_program_id:5851","gas_usage_reduction","project_cost_reduction_only","bill_savings|upfront_cost_reduction","business_relevant","gas|none","annual_therms|annual_gas_cost|average_cost_per_therm","monthly_therms|gas_rate_schedule|contractor_quote_amount|quote_date","equipment_category","per_unit","cost_per_unit","needs_bill","medium","true"
"SOURCE_DSIRE:dsire_program_id:3599","financing_cash_flow","hvac_electric_efficiency|motor_vfd_efficiency","bill_savings|financing","business_relevant","none|electric","project_cost_estimate|interest_rate|financing_term_years","down_payment|contractor_quote_amount|monthly_kwh|peak_kw|demand_charges|rate_schedule|demand_charge_rate","equipment_category","financing","contractor_quote_required","needs_quote","high","false"
"SOURCE_DSIRE:dsire_program_id:2197","whole_building_custom_efficiency","hvac_electric_efficiency|gas_usage_reduction|motor_vfd_efficiency|controls_building_automation|water_sewer_reduction","bill_savings|upfront_cost_reduction","residential_only","electric|gas|water_sewer","annual_kwh|annual_electric_cost|average_cost_per_kwh","annual_therms|average_cost_per_therm|peak_kw|demand_charge_rate|square_footage|monthly_kwh|demand_charges|rate_schedule|monthly_therms|gas_rate_schedule|time_of_use_periods|monthly_water_use|water_unit|sewer_cost|meter_size|irrigation_meter_present","project_cost_estimate|equipment_category","per_kwh_saved","benchmark_range","needs_bill","low","true"
"SOURCE_DSIRE:dsire_program_id:22480","battery_tou_demand_savings","project_cost_reduction_only","bill_savings|upfront_cost_reduction","mixed","electric|none","rate_schedule|time_of_use_periods|peak_kw|demand_charges|demand_charge_rate|monthly_kwh","annual_kwh|monthly_peak_kw|contractor_quote_amount|quote_date","equipment_category","per_unit","cost_per_kwh_storage","needs_equipment_details","high","true"
"SOURCE_DSIRE:dsire_program_id:2287","program_rule_value_only","","policy_or_permitting","unknown","none","","service_address|utility_provider","project_timing","unknown","unknown","policy_only","low","true"
"SOURCE_DSIRE:dsire_program_id:22336","ev_charging_site_load","project_cost_reduction_only","bill_savings|upfront_cost_reduction","residential_only","electric|none","rate_schedule|annual_kwh|average_cost_per_kwh","peak_kw|demand_charge_rate|time_of_use_periods|contractor_quote_amount|quote_date","parking_spaces|ownership_status|equipment_category","per_unit","cost_per_unit","needs_quote","low","true"
"SOURCE_DSIRE:dsire_program_id:1655","grant_funding","electric_usage_reduction|controls_building_automation","bill_savings|upfront_cost_reduction","mixed","none|electric","project_cost_estimate","contractor_quote_amount|monthly_kwh|rate_schedule|delivery_charges|generation_charges|annual_therms|peak_kw|demand_charges|time_of_use_periods","equipment_category|project_timing","grant_amount","contractor_quote_required","needs_quote","medium","true"
"SOURCE_DSIRE:dsire_program_id:1218","sales_or_property_tax_exemption","solar_electric_offset|motor_vfd_efficiency","bill_savings|tax_benefit","mixed","none|electric","project_cost_estimate","ownership_status|tax_entity_type|contractor_quote_amount|time_of_use_periods|demand_charges|generation_charges|delivery_charges|peak_kw|demand_charge_rate|monthly_kwh","equipment_category","tax_exemption","benchmark_range","needs_tax_review","medium","true"
"SOURCE_DSIRE:dsire_program_id:22620","ev_charging_site_load","project_cost_reduction_only","bill_savings|upfront_cost_reduction","residential_only","electric|none","rate_schedule|annual_kwh|average_cost_per_kwh","peak_kw|demand_charge_rate|time_of_use_periods|contractor_quote_amount|quote_date","parking_spaces|ownership_status|equipment_category","per_unit","cost_per_unit","needs_quote","low","true"
"SOURCE_DSIRE:dsire_program_id:22755","grant_funding","solar_electric_offset","bill_savings|upfront_cost_reduction","public_nonprofit_only","none|electric","project_cost_estimate","contractor_quote_amount|time_of_use_periods|demand_charges|generation_charges|delivery_charges","equipment_category|project_timing","grant_amount","contractor_quote_required","needs_quote","high","true"
"SOURCE_DSIRE:dsire_program_id:22538","financing_cash_flow","","financing","business_relevant","none","project_cost_estimate|interest_rate|financing_term_years","down_payment|contractor_quote_amount","equipment_category","financing","contractor_quote_required","needs_quote","high","false"
"SOURCE_SCE_BUSINESS:sce_source_section:d049d8b8e95077d7:recharge-rebate","fleet_fuel_replacement","ev_charging_site_load","bill_savings|upfront_cost_reduction","business_relevant","fuel|electric","annual_gallons|annual_fuel_cost|average_cost_per_gallon|vehicle_count","estimated_miles|fuel_type|monthly_fuel_cost|rate_schedule|average_cost_per_kwh|peak_kw|demand_charge_rate|time_of_use_periods","vehicle_count","per_unit","cost_per_unit","needs_equipment_details","high","false"
"SOURCE_DSIRE:dsire_program_id:4524","motor_vfd_efficiency","","bill_savings|upfront_cost_reduction","public_nonprofit_only","electric","annual_kwh|annual_electric_cost|average_cost_per_kwh","peak_kw|demand_charge_rate|monthly_kwh","equipment_category|quantity","per_unit","cost_per_unit","needs_equipment_details","medium","true"
"SOURCE_DSIRE:dsire_program_id:2003","whole_building_custom_efficiency","electric_usage_reduction|hvac_electric_efficiency|gas_usage_reduction|motor_vfd_efficiency|controls_building_automation|water_sewer_reduction","bill_savings|upfront_cost_reduction","residential_only","electric|gas|water_sewer","annual_kwh|annual_electric_cost|average_cost_per_kwh","annual_therms|average_cost_per_therm|peak_kw|demand_charge_rate|square_footage|monthly_kwh|rate_schedule|delivery_charges|generation_charges|demand_charges|monthly_therms|gas_rate_schedule|time_of_use_periods|monthly_water_use|water_unit|sewer_cost|meter_size|irrigation_meter_present","project_cost_estimate|equipment_category","per_kwh_saved","benchmark_range","needs_bill","low","true"
"SOURCE_DSIRE:dsire_program_id:22130","whole_building_custom_efficiency","electric_usage_reduction|hvac_electric_efficiency|refrigeration_electric_efficiency|motor_vfd_efficiency|commercial_kitchen_equipment_efficiency|water_sewer_reduction","bill_savings|upfront_cost_reduction","business_relevant","electric|water_sewer","annual_kwh|annual_electric_cost|average_cost_per_kwh","annual_therms|average_cost_per_therm|peak_kw|demand_charge_rate|square_footage|monthly_kwh|rate_schedule|delivery_charges|generation_charges|demand_charges|annual_water_use|annual_water_cost|annual_sewer_cost|monthly_water_use|water_unit|sewer_cost|meter_size|irrigation_meter_present","project_cost_estimate|equipment_category","per_kwh_saved","benchmark_range","needs_bill","medium","true"
"SOURCE_DSIRE:dsire_program_id:22359","ev_charging_site_load","project_cost_reduction_only","bill_savings|upfront_cost_reduction","mixed","electric|none","rate_schedule|annual_kwh|average_cost_per_kwh","peak_kw|demand_charge_rate|time_of_use_periods|contractor_quote_amount|quote_date","parking_spaces|ownership_status|equipment_category","per_unit","cost_per_unit","needs_quote","medium","true"
"SOURCE_DSIRE:dsire_program_id:1885","ev_charging_site_load","project_cost_reduction_only","bill_savings|upfront_cost_reduction","business_relevant","electric|none","rate_schedule|annual_kwh|average_cost_per_kwh","peak_kw|demand_charge_rate|time_of_use_periods|contractor_quote_amount|quote_date","parking_spaces|ownership_status|equipment_category","per_unit","cost_per_unit","needs_quote","medium","true"
"SOURCE_DSIRE:dsire_program_id:22523","ev_charging_site_load","project_cost_reduction_only","bill_savings|upfront_cost_reduction","mixed","electric|none","rate_schedule|annual_kwh|average_cost_per_kwh","peak_kw|demand_charge_rate|time_of_use_periods|contractor_quote_amount|quote_date","parking_spaces|ownership_status|equipment_category","per_unit","cost_per_unit","needs_quote","medium","true"
"SOURCE_DSIRE:dsire_program_id:2674","motor_vfd_efficiency","","bill_savings|upfront_cost_reduction","residential_only","electric","annual_kwh|annual_electric_cost|average_cost_per_kwh","peak_kw|demand_charge_rate|monthly_kwh","equipment_category|quantity","per_unit","cost_per_unit","needs_equipment_details","low","true"
